{
  "marker": "TCNN_RDNA4_P3B1B_FP16_FORWARD_001",
  "invocations": [
    {
      "command": [
        "/tmp/tcnn_p3b1b_epi_uqmydzeb/probe_phase3b1b",
        "16",
        "16",
        "16",
        "BIAS",
        "f16",
        "1"
      ],
      "returncode": 0,
      "stdout": "{\"algorithm\":{\"index\":85074,\"kernel_name\":\"Cijk_Ailk_Bljk_HHS_BH_Bias_HA_S_SAV_UserArgs_MT16x16x32_MI16x16x1_SN_LDSB0_AFC1_AFEM1_AFEM1_ASEM1_CLR0_CADS0_DTLA0_DTLB0_DTVA0_DTVB0_EPS0_FDSI0_GRPM1_GRVWA1_GRVWB8_GSUAMB_GLS0_ISA1201_IU1_K1_LDSTI0_LBSPPA128_LBSPPB128_LBSPPM0_LPA16_LPB16_LPM0_LRVW8_LWPMn1_MIAV1_MIWT1_1_MO40_NTn1_NTA0_NTB0_NTC0_NTD0_NTM0_NEPBS0_NLCA1_NLCB1_ONLL1_PGR1_PLR1_PKA0_SIA3_SS0_SPO0_SRVW0_SSO0_SVW8_SK0_SKFTR0_SKXCCM0_TLDS2_ULSGRO0_USL1_UIOFGRO0_USFGROn1_VSn1_VWA1_VWB1_WSGRA0_WSGRB0_WS32_WG16_2_1\",\"solution_name\":\"Cijk_Ailk_Bljk_HHS_BH_Bias_HA_S_SAV_UserArgs_MT16x16x32_MI16x16x1_SN_LDSB0_AFC1_AFEM1_AFEM1_ASEM1_CLR0_CADS0_DTLA0_DTLB0_DTVA0_DTVB0_EPS0_FDSI0_GRPM1_GRVWA1_GRVWB8_GSU1_GSUAMB_GSUC0_GSUWGMRR0_GLS0_ISA1201_IU1_K1_LDSTI0_LBSPPA128_LBSPPB128_LBSPPM0_LPA16_LPB16_LPM0_LRVW8_LWPMn1_MIAV1_MIWT1_1_MO40_NTn1_NTA0_NTB0_NTC0_NTD0_NTM0_NEPBS0_NLCA1_NLCB1_ONLL1_PGR1_PLR1_PKA0_SIA3_SS0_SU32_SUM0_SUS256_SPO0_SRVW0_SSO0_SVW8_SK0_SKFTR0_SKXCCM0_TLDS2_ULSGRO0_USL1_UIOFGRO0_USFGROn1_VSn1_VWA1_VWB1_WSGRA0_WSGRB0_WS32_WG16_2_1_WGM8_WGMXCC1_WGMXCCGn1\",\"workspace_bytes\":0},\"bias_type\":\"HIP_R_16F\",\"compute_type\":\"HIPBLAS_COMPUTE_32F\",\"d_type\":\"HIP_R_16F\",\"direction\":\"NN\",\"epilogue\":\"BIAS\",\"execution_handle_count\":2,\"fresh_repeat\":1,\"heuristic_count\":32,\"heuristic_status\":0,\"k\":16,\"launches\":[{\"launch\":1,\"matmul_status\":0,\"output_memory\":{\"payload_unchanged\":false,\"prefix_guard_intact\":true,\"suffix_guard_intact\":true},\"stream_index\":0,\"synchronize_status\":0},{\"launch\":2,\"matmul_status\":0,\"output_memory\":{\"payload_unchanged\":false,\"prefix_guard_intact\":true,\"suffix_guard_intact\":true},\"stream_index\":1,\"synchronize_status\":0},{\"launch\":3,\"matmul_status\":0,\"output_memory\":{\"payload_unchanged\":false,\"prefix_guard_intact\":true,\"suffix_guard_intact\":true},\"stream_index\":0,\"synchronize_status\":0},{\"launch\":4,\"matmul_status\":0,\"output_memory\":{\"payload_unchanged\":false,\"prefix_guard_intact\":true,\"suffix_guard_intact\":true},\"stream_index\":1,\"synchronize_status\":0},{\"launch\":5,\"matmul_status\":0,\"output_memory\":{\"payload_unchanged\":false,\"prefix_guard_intact\":true,\"suffix_guard_intact\":true},\"stream_index\":0,\"synchronize_status\":0},{\"launch\":6,\"matmul_status\":0,\"output_memory\":{\"payload_unchanged\":false,\"prefix_guard_intact\":true,\"suffix_guard_intact\":true},\"stream_index\":1,\"synchronize_status\":0}],\"m\":16,\"marker\":\"TCNN_RDNA4_P3B1B_FP16_FORWARD_001\",\"n\":16,\"numerics\":{\"inf_count\":0,\"max_abs\":0.0,\"max_rel_outside_1e-3\":0.0,\"nan_count\":0,\"normalized_l2\":0.0,\"relu_mask_mismatches\":0},\"probe_state\":\"EXECUTED\",\"process_status\":\"PASS\",\"selected_candidate\":0,\"steady_state\":{\"launches\":4,\"new_descriptors\":0,\"new_handles\":0,\"new_heuristic_queries\":0,\"workspace_growth_bytes\":0},\"stream_count\":2,\"target_coverage\":{\"bias_axis_rows\":16,\"bias_sign_flip_count\":117,\"exact_zero_count\":1,\"large_finite_bias\":true,\"near_zero_count\":6},\"workspace_memory\":{\"payload_unchanged\":true,\"prefix_guard_intact\":true,\"suffix_guard_intact\":true}}\n",
      "stderr": ""
    },
    {
      "command": [
        "/tmp/tcnn_p3b1b_epi_uqmydzeb/probe_phase3b1b",
        "16",
        "16",
        "16",
        "BIAS",
        "f16",
        "2"
      ],
      "returncode": 0,
      "stdout": "{\"algorithm\":{\"index\":85074,\"kernel_name\":\"Cijk_Ailk_Bljk_HHS_BH_Bias_HA_S_SAV_UserArgs_MT16x16x32_MI16x16x1_SN_LDSB0_AFC1_AFEM1_AFEM1_ASEM1_CLR0_CADS0_DTLA0_DTLB0_DTVA0_DTVB0_EPS0_FDSI0_GRPM1_GRVWA1_GRVWB8_GSUAMB_GLS0_ISA1201_IU1_K1_LDSTI0_LBSPPA128_LBSPPB128_LBSPPM0_LPA16_LPB16_LPM0_LRVW8_LWPMn1_MIAV1_MIWT1_1_MO40_NTn1_NTA0_NTB0_NTC0_NTD0_NTM0_NEPBS0_NLCA1_NLCB1_ONLL1_PGR1_PLR1_PKA0_SIA3_SS0_SPO0_SRVW0_SSO0_SVW8_SK0_SKFTR0_SKXCCM0_TLDS2_ULSGRO0_USL1_UIOFGRO0_USFGROn1_VSn1_VWA1_VWB1_WSGRA0_WSGRB0_WS32_WG16_2_1\",\"solution_name\":\"Cijk_Ailk_Bljk_HHS_BH_Bias_HA_S_SAV_UserArgs_MT16x16x32_MI16x16x1_SN_LDSB0_AFC1_AFEM1_AFEM1_ASEM1_CLR0_CADS0_DTLA0_DTLB0_DTVA0_DTVB0_EPS0_FDSI0_GRPM1_GRVWA1_GRVWB8_GSU1_GSUAMB_GSUC0_GSUWGMRR0_GLS0_ISA1201_IU1_K1_LDSTI0_LBSPPA128_LBSPPB128_LBSPPM0_LPA16_LPB16_LPM0_LRVW8_LWPMn1_MIAV1_MIWT1_1_MO40_NTn1_NTA0_NTB0_NTC0_NTD0_NTM0_NEPBS0_NLCA1_NLCB1_ONLL1_PGR1_PLR1_PKA0_SIA3_SS0_SU32_SUM0_SUS256_SPO0_SRVW0_SSO0_SVW8_SK0_SKFTR0_SKXCCM0_TLDS2_ULSGRO0_USL1_UIOFGRO0_USFGROn1_VSn1_VWA1_VWB1_WSGRA0_WSGRB0_WS32_WG16_2_1_WGM8_WGMXCC1_WGMXCCGn1\",\"workspace_bytes\":0},\"bias_type\":\"HIP_R_16F\",\"compute_type\":\"HIPBLAS_COMPUTE_32F\",\"d_type\":\"HIP_R_16F\",\"direction\":\"NN\",\"epilogue\":\"BIAS\",\"execution_handle_count\":2,\"fresh_repeat\":2,\"heuristic_count\":32,\"heuristic_status\":0,\"k\":16,\"launches\":[{\"launch\":1,\"matmul_status\":0,\"output_memory\":{\"payload_unchanged\":false,\"prefix_guard_intact\":true,\"suffix_guard_intact\":true},\"stream_index\":0,\"synchronize_status\":0},{\"launch\":2,\"matmul_status\":0,\"output_memory\":{\"payload_unchanged\":false,\"prefix_guard_intact\":true,\"suffix_guard_intact\":true},\"stream_index\":1,\"synchronize_status\":0},{\"launch\":3,\"matmul_status\":0,\"output_memory\":{\"payload_unchanged\":false,\"prefix_guard_intact\":true,\"suffix_guard_intact\":true},\"stream_index\":0,\"synchronize_status\":0},{\"launch\":4,\"matmul_status\":0,\"output_memory\":{\"payload_unchanged\":false,\"prefix_guard_intact\":true,\"suffix_guard_intact\":true},\"stream_index\":1,\"synchronize_status\":0},{\"launch\":5,\"matmul_status\":0,\"output_memory\":{\"payload_unchanged\":false,\"prefix_guard_intact\":true,\"suffix_guard_intact\":true},\"stream_index\":0,\"synchronize_status\":0},{\"launch\":6,\"matmul_status\":0,\"output_memory\":{\"payload_unchanged\":false,\"prefix_guard_intact\":true,\"suffix_guard_intact\":true},\"stream_index\":1,\"synchronize_status\":0}],\"m\":16,\"marker\":\"TCNN_RDNA4_P3B1B_FP16_FORWARD_001\",\"n\":16,\"numerics\":{\"inf_count\":0,\"max_abs\":0.0,\"max_rel_outside_1e-3\":0.0,\"nan_count\":0,\"normalized_l2\":0.0,\"relu_mask_mismatches\":0},\"probe_state\":\"EXECUTED\",\"process_status\":\"PASS\",\"selected_candidate\":0,\"steady_state\":{\"launches\":4,\"new_descriptors\":0,\"new_handles\":0,\"new_heuristic_queries\":0,\"workspace_growth_bytes\":0},\"stream_count\":2,\"target_coverage\":{\"bias_axis_rows\":16,\"bias_sign_flip_count\":117,\"exact_zero_count\":1,\"large_finite_bias\":true,\"near_zero_count\":6},\"workspace_memory\":{\"payload_unchanged\":true,\"prefix_guard_intact\":true,\"suffix_guard_intact\":true}}\n",
      "stderr": ""
    },
    {
      "command": [
        "/tmp/tcnn_p3b1b_epi_uqmydzeb/probe_phase3b1b",
        "16",
        "16",
        "16",
        "BIAS",
        "f32",
        "1"
      ],
      "returncode": 0,
      "stdout": "{\"algorithm\":{\"index\":86751,\"kernel_name\":\"Cijk_Ailk_Bljk_HSS_BH_Bias_HA_S_SAV_UserArgs_MT16x16x32_MI16x16x1_SN_LDSB0_AFC1_AFEM1_AFEM1_ASEM1_CLR0_CADS0_DTLA0_DTLB0_DTVA0_DTVB0_EPS0_FDSI0_GRPM1_GRVWA1_GRVWB8_GSUAMB_GLS0_ISA1201_IU1_K1_LDSTI0_LBSPPA128_LBSPPB128_LBSPPM0_LPA16_LPB16_LPM0_LRVW8_LWPMn1_MIAV1_MIWT1_1_MO40_NTn1_NTA0_NTB0_NTC0_NTD0_NTM0_NEPBS0_NLCA1_NLCB1_ONLL1_PGR1_PLR1_PKA0_SIA3_SS0_SPO0_SRVW0_SSO0_SVW8_SK0_SKFTR0_SKXCCM0_TLDS2_ULSGRO0_USL1_UIOFGRO0_USFGROn1_VSn1_VWA1_VWB1_WSGRA0_WSGRB0_WS32_WG16_2_1\",\"solution_name\":\"Cijk_Ailk_Bljk_HSS_BH_Bias_HA_S_SAV_UserArgs_MT16x16x32_MI16x16x1_SN_LDSB0_AFC1_AFEM1_AFEM1_ASEM1_CLR0_CADS0_DTLA0_DTLB0_DTVA0_DTVB0_EPS0_FDSI0_GRPM1_GRVWA1_GRVWB8_GSU1_GSUAMB_GSUC0_GSUWGMRR0_GLS0_ISA1201_IU1_K1_LDSTI0_LBSPPA128_LBSPPB128_LBSPPM0_LPA16_LPB16_LPM0_LRVW8_LWPMn1_MIAV1_MIWT1_1_MO40_NTn1_NTA0_NTB0_NTC0_NTD0_NTM0_NEPBS0_NLCA1_NLCB1_ONLL1_PGR1_PLR1_PKA0_SIA3_SS0_SU32_SUM0_SUS256_SPO0_SRVW0_SSO0_SVW8_SK0_SKFTR0_SKXCCM0_TLDS2_ULSGRO0_USL1_UIOFGRO0_USFGROn1_VSn1_VWA1_VWB1_WSGRA0_WSGRB0_WS32_WG16_2_1_WGM8_WGMXCC1_WGMXCCGn1\",\"workspace_bytes\":0},\"bias_type\":\"HIP_R_16F\",\"compute_type\":\"HIPBLAS_COMPUTE_32F\",\"d_type\":\"HIP_R_32F\",\"direction\":\"NN\",\"epilogue\":\"BIAS\",\"execution_handle_count\":2,\"fresh_repeat\":1,\"heuristic_count\":32,\"heuristic_status\":0,\"k\":16,\"launches\":[{\"launch\":1,\"matmul_status\":0,\"output_memory\":{\"payload_unchanged\":false,\"prefix_guard_intact\":true,\"suffix_guard_intact\":true},\"stream_index\":0,\"synchronize_status\":0},{\"launch\":2,\"matmul_status\":0,\"output_memory\":{\"payload_unchanged\":false,\"prefix_guard_intact\":true,\"suffix_guard_intact\":true},\"stream_index\":1,\"synchronize_status\":0},{\"launch\":3,\"matmul_status\":0,\"output_memory\":{\"payload_unchanged\":false,\"prefix_guard_intact\":true,\"suffix_guard_intact\":true},\"stream_index\":0,\"synchronize_status\":0},{\"launch\":4,\"matmul_status\":0,\"output_memory\":{\"payload_unchanged\":false,\"prefix_guard_intact\":true,\"suffix_guard_intact\":true},\"stream_index\":1,\"synchronize_status\":0},{\"launch\":5,\"matmul_status\":0,\"output_memory\":{\"payload_unchanged\":false,\"prefix_guard_intact\":true,\"suffix_guard_intact\":true},\"stream_index\":0,\"synchronize_status\":0},{\"launch\":6,\"matmul_status\":0,\"output_memory\":{\"payload_unchanged\":false,\"prefix_guard_intact\":true,\"suffix_guard_intact\":true},\"stream_index\":1,\"synchronize_status\":0}],\"m\":16,\"marker\":\"TCNN_RDNA4_P3B1B_FP16_FORWARD_001\",\"n\":16,\"numerics\":{\"inf_count\":0,\"max_abs\":0.0,\"max_rel_outside_1e-3\":0.0,\"nan_count\":0,\"normalized_l2\":0.0,\"relu_mask_mismatches\":0},\"probe_state\":\"EXECUTED\",\"process_status\":\"PASS\",\"selected_candidate\":0,\"steady_state\":{\"launches\":4,\"new_descriptors\":0,\"new_handles\":0,\"new_heuristic_queries\":0,\"workspace_growth_bytes\":0},\"stream_count\":2,\"target_coverage\":{\"bias_axis_rows\":16,\"bias_sign_flip_count\":117,\"exact_zero_count\":1,\"large_finite_bias\":true,\"near_zero_count\":6},\"workspace_memory\":{\"payload_unchanged\":true,\"prefix_guard_intact\":true,\"suffix_guard_intact\":true}}\n",
      "stderr": ""
    },
    {
      "command": [
        "/tmp/tcnn_p3b1b_epi_uqmydzeb/probe_phase3b1b",
        "16",
        "16",
        "16",
        "BIAS",
        "f32",
        "2"
      ],
      "returncode": 0,
      "stdout": "{\"algorithm\":{\"index\":86751,\"kernel_name\":\"Cijk_Ailk_Bljk_HSS_BH_Bias_HA_S_SAV_UserArgs_MT16x16x32_MI16x16x1_SN_LDSB0_AFC1_AFEM1_AFEM1_ASEM1_CLR0_CADS0_DTLA0_DTLB0_DTVA0_DTVB0_EPS0_FDSI0_GRPM1_GRVWA1_GRVWB8_GSUAMB_GLS0_ISA1201_IU1_K1_LDSTI0_LBSPPA128_LBSPPB128_LBSPPM0_LPA16_LPB16_LPM0_LRVW8_LWPMn1_MIAV1_MIWT1_1_MO40_NTn1_NTA0_NTB0_NTC0_NTD0_NTM0_NEPBS0_NLCA1_NLCB1_ONLL1_PGR1_PLR1_PKA0_SIA3_SS0_SPO0_SRVW0_SSO0_SVW8_SK0_SKFTR0_SKXCCM0_TLDS2_ULSGRO0_USL1_UIOFGRO0_USFGROn1_VSn1_VWA1_VWB1_WSGRA0_WSGRB0_WS32_WG16_2_1\",\"solution_name\":\"Cijk_Ailk_Bljk_HSS_BH_Bias_HA_S_SAV_UserArgs_MT16x16x32_MI16x16x1_SN_LDSB0_AFC1_AFEM1_AFEM1_ASEM1_CLR0_CADS0_DTLA0_DTLB0_DTVA0_DTVB0_EPS0_FDSI0_GRPM1_GRVWA1_GRVWB8_GSU1_GSUAMB_GSUC0_GSUWGMRR0_GLS0_ISA1201_IU1_K1_LDSTI0_LBSPPA128_LBSPPB128_LBSPPM0_LPA16_LPB16_LPM0_LRVW8_LWPMn1_MIAV1_MIWT1_1_MO40_NTn1_NTA0_NTB0_NTC0_NTD0_NTM0_NEPBS0_NLCA1_NLCB1_ONLL1_PGR1_PLR1_PKA0_SIA3_SS0_SU32_SUM0_SUS256_SPO0_SRVW0_SSO0_SVW8_SK0_SKFTR0_SKXCCM0_TLDS2_ULSGRO0_USL1_UIOFGRO0_USFGROn1_VSn1_VWA1_VWB1_WSGRA0_WSGRB0_WS32_WG16_2_1_WGM8_WGMXCC1_WGMXCCGn1\",\"workspace_bytes\":0},\"bias_type\":\"HIP_R_16F\",\"compute_type\":\"HIPBLAS_COMPUTE_32F\",\"d_type\":\"HIP_R_32F\",\"direction\":\"NN\",\"epilogue\":\"BIAS\",\"execution_handle_count\":2,\"fresh_repeat\":2,\"heuristic_count\":32,\"heuristic_status\":0,\"k\":16,\"launches\":[{\"launch\":1,\"matmul_status\":0,\"output_memory\":{\"payload_unchanged\":false,\"prefix_guard_intact\":true,\"suffix_guard_intact\":true},\"stream_index\":0,\"synchronize_status\":0},{\"launch\":2,\"matmul_status\":0,\"output_memory\":{\"payload_unchanged\":false,\"prefix_guard_intact\":true,\"suffix_guard_intact\":true},\"stream_index\":1,\"synchronize_status\":0},{\"launch\":3,\"matmul_status\":0,\"output_memory\":{\"payload_unchanged\":false,\"prefix_guard_intact\":true,\"suffix_guard_intact\":true},\"stream_index\":0,\"synchronize_status\":0},{\"launch\":4,\"matmul_status\":0,\"output_memory\":{\"payload_unchanged\":false,\"prefix_guard_intact\":true,\"suffix_guard_intact\":true},\"stream_index\":1,\"synchronize_status\":0},{\"launch\":5,\"matmul_status\":0,\"output_memory\":{\"payload_unchanged\":false,\"prefix_guard_intact\":true,\"suffix_guard_intact\":true},\"stream_index\":0,\"synchronize_status\":0},{\"launch\":6,\"matmul_status\":0,\"output_memory\":{\"payload_unchanged\":false,\"prefix_guard_intact\":true,\"suffix_guard_intact\":true},\"stream_index\":1,\"synchronize_status\":0}],\"m\":16,\"marker\":\"TCNN_RDNA4_P3B1B_FP16_FORWARD_001\",\"n\":16,\"numerics\":{\"inf_count\":0,\"max_abs\":0.0,\"max_rel_outside_1e-3\":0.0,\"nan_count\":0,\"normalized_l2\":0.0,\"relu_mask_mismatches\":0},\"probe_state\":\"EXECUTED\",\"process_status\":\"PASS\",\"selected_candidate\":0,\"steady_state\":{\"launches\":4,\"new_descriptors\":0,\"new_handles\":0,\"new_heuristic_queries\":0,\"workspace_growth_bytes\":0},\"stream_count\":2,\"target_coverage\":{\"bias_axis_rows\":16,\"bias_sign_flip_count\":117,\"exact_zero_count\":1,\"large_finite_bias\":true,\"near_zero_count\":6},\"workspace_memory\":{\"payload_unchanged\":true,\"prefix_guard_intact\":true,\"suffix_guard_intact\":true}}\n",
      "stderr": ""
    },
    {
      "command": [
        "/tmp/tcnn_p3b1b_epi_uqmydzeb/probe_phase3b1b",
        "16",
        "16",
        "16",
        "RELU_BIAS",
        "f16",
        "1"
      ],
      "returncode": 0,
      "stdout": "{\"algorithm\":{\"index\":85074,\"kernel_name\":\"Cijk_Ailk_Bljk_HHS_BH_Bias_HA_S_SAV_UserArgs_MT16x16x32_MI16x16x1_SN_LDSB0_AFC1_AFEM1_AFEM1_ASEM1_CLR0_CADS0_DTLA0_DTLB0_DTVA0_DTVB0_EPS0_FDSI0_GRPM1_GRVWA1_GRVWB8_GSUAMB_GLS0_ISA1201_IU1_K1_LDSTI0_LBSPPA128_LBSPPB128_LBSPPM0_LPA16_LPB16_LPM0_LRVW8_LWPMn1_MIAV1_MIWT1_1_MO40_NTn1_NTA0_NTB0_NTC0_NTD0_NTM0_NEPBS0_NLCA1_NLCB1_ONLL1_PGR1_PLR1_PKA0_SIA3_SS0_SPO0_SRVW0_SSO0_SVW8_SK0_SKFTR0_SKXCCM0_TLDS2_ULSGRO0_USL1_UIOFGRO0_USFGROn1_VSn1_VWA1_VWB1_WSGRA0_WSGRB0_WS32_WG16_2_1\",\"solution_name\":\"Cijk_Ailk_Bljk_HHS_BH_Bias_HA_S_SAV_UserArgs_MT16x16x32_MI16x16x1_SN_LDSB0_AFC1_AFEM1_AFEM1_ASEM1_CLR0_CADS0_DTLA0_DTLB0_DTVA0_DTVB0_EPS0_FDSI0_GRPM1_GRVWA1_GRVWB8_GSU1_GSUAMB_GSUC0_GSUWGMRR0_GLS0_ISA1201_IU1_K1_LDSTI0_LBSPPA128_LBSPPB128_LBSPPM0_LPA16_LPB16_LPM0_LRVW8_LWPMn1_MIAV1_MIWT1_1_MO40_NTn1_NTA0_NTB0_NTC0_NTD0_NTM0_NEPBS0_NLCA1_NLCB1_ONLL1_PGR1_PLR1_PKA0_SIA3_SS0_SU32_SUM0_SUS256_SPO0_SRVW0_SSO0_SVW8_SK0_SKFTR0_SKXCCM0_TLDS2_ULSGRO0_USL1_UIOFGRO0_USFGROn1_VSn1_VWA1_VWB1_WSGRA0_WSGRB0_WS32_WG16_2_1_WGM8_WGMXCC1_WGMXCCGn1\",\"workspace_bytes\":0},\"bias_type\":\"HIP_R_16F\",\"compute_type\":\"HIPBLAS_COMPUTE_32F\",\"d_type\":\"HIP_R_16F\",\"direction\":\"NN\",\"epilogue\":\"RELU_BIAS\",\"execution_handle_count\":2,\"fresh_repeat\":1,\"heuristic_count\":32,\"heuristic_status\":0,\"k\":16,\"launches\":[{\"launch\":1,\"matmul_status\":0,\"output_memory\":{\"payload_unchanged\":false,\"prefix_guard_intact\":true,\"suffix_guard_intact\":true},\"stream_index\":0,\"synchronize_status\":0},{\"launch\":2,\"matmul_status\":0,\"output_memory\":{\"payload_unchanged\":false,\"prefix_guard_intact\":true,\"suffix_guard_intact\":true},\"stream_index\":1,\"synchronize_status\":0},{\"launch\":3,\"matmul_status\":0,\"output_memory\":{\"payload_unchanged\":false,\"prefix_guard_intact\":true,\"suffix_guard_intact\":true},\"stream_index\":0,\"synchronize_status\":0},{\"launch\":4,\"matmul_status\":0,\"output_memory\":{\"payload_unchanged\":false,\"prefix_guard_intact\":true,\"suffix_guard_intact\":true},\"stream_index\":1,\"synchronize_status\":0},{\"launch\":5,\"matmul_status\":0,\"output_memory\":{\"payload_unchanged\":false,\"prefix_guard_intact\":true,\"suffix_guard_intact\":true},\"stream_index\":0,\"synchronize_status\":0},{\"launch\":6,\"matmul_status\":0,\"output_memory\":{\"payload_unchanged\":false,\"prefix_guard_intact\":true,\"suffix_guard_intact\":true},\"stream_index\":1,\"synchronize_status\":0}],\"m\":16,\"marker\":\"TCNN_RDNA4_P3B1B_FP16_FORWARD_001\",\"n\":16,\"numerics\":{\"inf_count\":0,\"max_abs\":0.0,\"max_rel_outside_1e-3\":0.0,\"nan_count\":0,\"normalized_l2\":0.0,\"relu_mask_mismatches\":0},\"probe_state\":\"EXECUTED\",\"process_status\":\"PASS\",\"selected_candidate\":0,\"steady_state\":{\"launches\":4,\"new_descriptors\":0,\"new_handles\":0,\"new_heuristic_queries\":0,\"workspace_growth_bytes\":0},\"stream_count\":2,\"target_coverage\":{\"bias_axis_rows\":16,\"bias_sign_flip_count\":117,\"exact_zero_count\":121,\"large_finite_bias\":true,\"near_zero_count\":124},\"workspace_memory\":{\"payload_unchanged\":true,\"prefix_guard_intact\":true,\"suffix_guard_intact\":true}}\n",
      "stderr": ""
    },
    {
      "command": [
        "/tmp/tcnn_p3b1b_epi_uqmydzeb/probe_phase3b1b",
        "16",
        "16",
        "16",
        "RELU_BIAS",
        "f16",
        "2"
      ],
      "returncode": 0,
      "stdout": "{\"algorithm\":{\"index\":85074,\"kernel_name\":\"Cijk_Ailk_Bljk_HHS_BH_Bias_HA_S_SAV_UserArgs_MT16x16x32_MI16x16x1_SN_LDSB0_AFC1_AFEM1_AFEM1_ASEM1_CLR0_CADS0_DTLA0_DTLB0_DTVA0_DTVB0_EPS0_FDSI0_GRPM1_GRVWA1_GRVWB8_GSUAMB_GLS0_ISA1201_IU1_K1_LDSTI0_LBSPPA128_LBSPPB128_LBSPPM0_LPA16_LPB16_LPM0_LRVW8_LWPMn1_MIAV1_MIWT1_1_MO40_NTn1_NTA0_NTB0_NTC0_NTD0_NTM0_NEPBS0_NLCA1_NLCB1_ONLL1_PGR1_PLR1_PKA0_SIA3_SS0_SPO0_SRVW0_SSO0_SVW8_SK0_SKFTR0_SKXCCM0_TLDS2_ULSGRO0_USL1_UIOFGRO0_USFGROn1_VSn1_VWA1_VWB1_WSGRA0_WSGRB0_WS32_WG16_2_1\",\"solution_name\":\"Cijk_Ailk_Bljk_HHS_BH_Bias_HA_S_SAV_UserArgs_MT16x16x32_MI16x16x1_SN_LDSB0_AFC1_AFEM1_AFEM1_ASEM1_CLR0_CADS0_DTLA0_DTLB0_DTVA0_DTVB0_EPS0_FDSI0_GRPM1_GRVWA1_GRVWB8_GSU1_GSUAMB_GSUC0_GSUWGMRR0_GLS0_ISA1201_IU1_K1_LDSTI0_LBSPPA128_LBSPPB128_LBSPPM0_LPA16_LPB16_LPM0_LRVW8_LWPMn1_MIAV1_MIWT1_1_MO40_NTn1_NTA0_NTB0_NTC0_NTD0_NTM0_NEPBS0_NLCA1_NLCB1_ONLL1_PGR1_PLR1_PKA0_SIA3_SS0_SU32_SUM0_SUS256_SPO0_SRVW0_SSO0_SVW8_SK0_SKFTR0_SKXCCM0_TLDS2_ULSGRO0_USL1_UIOFGRO0_USFGROn1_VSn1_VWA1_VWB1_WSGRA0_WSGRB0_WS32_WG16_2_1_WGM8_WGMXCC1_WGMXCCGn1\",\"workspace_bytes\":0},\"bias_type\":\"HIP_R_16F\",\"compute_type\":\"HIPBLAS_COMPUTE_32F\",\"d_type\":\"HIP_R_16F\",\"direction\":\"NN\",\"epilogue\":\"RELU_BIAS\",\"execution_handle_count\":2,\"fresh_repeat\":2,\"heuristic_count\":32,\"heuristic_status\":0,\"k\":16,\"launches\":[{\"launch\":1,\"matmul_status\":0,\"output_memory\":{\"payload_unchanged\":false,\"prefix_guard_intact\":true,\"suffix_guard_intact\":true},\"stream_index\":0,\"synchronize_status\":0},{\"launch\":2,\"matmul_status\":0,\"output_memory\":{\"payload_unchanged\":false,\"prefix_guard_intact\":true,\"suffix_guard_intact\":true},\"stream_index\":1,\"synchronize_status\":0},{\"launch\":3,\"matmul_status\":0,\"output_memory\":{\"payload_unchanged\":false,\"prefix_guard_intact\":true,\"suffix_guard_intact\":true},\"stream_index\":0,\"synchronize_status\":0},{\"launch\":4,\"matmul_status\":0,\"output_memory\":{\"payload_unchanged\":false,\"prefix_guard_intact\":true,\"suffix_guard_intact\":true},\"stream_index\":1,\"synchronize_status\":0},{\"launch\":5,\"matmul_status\":0,\"output_memory\":{\"payload_unchanged\":false,\"prefix_guard_intact\":true,\"suffix_guard_intact\":true},\"stream_index\":0,\"synchronize_status\":0},{\"launch\":6,\"matmul_status\":0,\"output_memory\":{\"payload_unchanged\":false,\"prefix_guard_intact\":true,\"suffix_guard_intact\":true},\"stream_index\":1,\"synchronize_status\":0}],\"m\":16,\"marker\":\"TCNN_RDNA4_P3B1B_FP16_FORWARD_001\",\"n\":16,\"numerics\":{\"inf_count\":0,\"max_abs\":0.0,\"max_rel_outside_1e-3\":0.0,\"nan_count\":0,\"normalized_l2\":0.0,\"relu_mask_mismatches\":0},\"probe_state\":\"EXECUTED\",\"process_status\":\"PASS\",\"selected_candidate\":0,\"steady_state\":{\"launches\":4,\"new_descriptors\":0,\"new_handles\":0,\"new_heuristic_queries\":0,\"workspace_growth_bytes\":0},\"stream_count\":2,\"target_coverage\":{\"bias_axis_rows\":16,\"bias_sign_flip_count\":117,\"exact_zero_count\":121,\"large_finite_bias\":true,\"near_zero_count\":124},\"workspace_memory\":{\"payload_unchanged\":true,\"prefix_guard_intact\":true,\"suffix_guard_intact\":true}}\n",
      "stderr": ""
    },
    {
      "command": [
        "/tmp/tcnn_p3b1b_epi_uqmydzeb/probe_phase3b1b",
        "16",
        "16",
        "16",
        "RELU_BIAS",
        "f32",
        "1"
      ],
      "returncode": 0,
      "stdout": "{\"algorithm\":{\"index\":86751,\"kernel_name\":\"Cijk_Ailk_Bljk_HSS_BH_Bias_HA_S_SAV_UserArgs_MT16x16x32_MI16x16x1_SN_LDSB0_AFC1_AFEM1_AFEM1_ASEM1_CLR0_CADS0_DTLA0_DTLB0_DTVA0_DTVB0_EPS0_FDSI0_GRPM1_GRVWA1_GRVWB8_GSUAMB_GLS0_ISA1201_IU1_K1_LDSTI0_LBSPPA128_LBSPPB128_LBSPPM0_LPA16_LPB16_LPM0_LRVW8_LWPMn1_MIAV1_MIWT1_1_MO40_NTn1_NTA0_NTB0_NTC0_NTD0_NTM0_NEPBS0_NLCA1_NLCB1_ONLL1_PGR1_PLR1_PKA0_SIA3_SS0_SPO0_SRVW0_SSO0_SVW8_SK0_SKFTR0_SKXCCM0_TLDS2_ULSGRO0_USL1_UIOFGRO0_USFGROn1_VSn1_VWA1_VWB1_WSGRA0_WSGRB0_WS32_WG16_2_1\",\"solution_name\":\"Cijk_Ailk_Bljk_HSS_BH_Bias_HA_S_SAV_UserArgs_MT16x16x32_MI16x16x1_SN_LDSB0_AFC1_AFEM1_AFEM1_ASEM1_CLR0_CADS0_DTLA0_DTLB0_DTVA0_DTVB0_EPS0_FDSI0_GRPM1_GRVWA1_GRVWB8_GSU1_GSUAMB_GSUC0_GSUWGMRR0_GLS0_ISA1201_IU1_K1_LDSTI0_LBSPPA128_LBSPPB128_LBSPPM0_LPA16_LPB16_LPM0_LRVW8_LWPMn1_MIAV1_MIWT1_1_MO40_NTn1_NTA0_NTB0_NTC0_NTD0_NTM0_NEPBS0_NLCA1_NLCB1_ONLL1_PGR1_PLR1_PKA0_SIA3_SS0_SU32_SUM0_SUS256_SPO0_SRVW0_SSO0_SVW8_SK0_SKFTR0_SKXCCM0_TLDS2_ULSGRO0_USL1_UIOFGRO0_USFGROn1_VSn1_VWA1_VWB1_WSGRA0_WSGRB0_WS32_WG16_2_1_WGM8_WGMXCC1_WGMXCCGn1\",\"workspace_bytes\":0},\"bias_type\":\"HIP_R_16F\",\"compute_type\":\"HIPBLAS_COMPUTE_32F\",\"d_type\":\"HIP_R_32F\",\"direction\":\"NN\",\"epilogue\":\"RELU_BIAS\",\"execution_handle_count\":2,\"fresh_repeat\":1,\"heuristic_count\":32,\"heuristic_status\":0,\"k\":16,\"launches\":[{\"launch\":1,\"matmul_status\":0,\"output_memory\":{\"payload_unchanged\":false,\"prefix_guard_intact\":true,\"suffix_guard_intact\":true},\"stream_index\":0,\"synchronize_status\":0},{\"launch\":2,\"matmul_status\":0,\"output_memory\":{\"payload_unchanged\":false,\"prefix_guard_intact\":true,\"suffix_guard_intact\":true},\"stream_index\":1,\"synchronize_status\":0},{\"launch\":3,\"matmul_status\":0,\"output_memory\":{\"payload_unchanged\":false,\"prefix_guard_intact\":true,\"suffix_guard_intact\":true},\"stream_index\":0,\"synchronize_status\":0},{\"launch\":4,\"matmul_status\":0,\"output_memory\":{\"payload_unchanged\":false,\"prefix_guard_intact\":true,\"suffix_guard_intact\":true},\"stream_index\":1,\"synchronize_status\":0},{\"launch\":5,\"matmul_status\":0,\"output_memory\":{\"payload_unchanged\":false,\"prefix_guard_intact\":true,\"suffix_guard_intact\":true},\"stream_index\":0,\"synchronize_status\":0},{\"launch\":6,\"matmul_status\":0,\"output_memory\":{\"payload_unchanged\":false,\"prefix_guard_intact\":true,\"suffix_guard_intact\":true},\"stream_index\":1,\"synchronize_status\":0}],\"m\":16,\"marker\":\"TCNN_RDNA4_P3B1B_FP16_FORWARD_001\",\"n\":16,\"numerics\":{\"inf_count\":0,\"max_abs\":0.0,\"max_rel_outside_1e-3\":0.0,\"nan_count\":0,\"normalized_l2\":0.0,\"relu_mask_mismatches\":0},\"probe_state\":\"EXECUTED\",\"process_status\":\"PASS\",\"selected_candidate\":0,\"steady_state\":{\"launches\":4,\"new_descriptors\":0,\"new_handles\":0,\"new_heuristic_queries\":0,\"workspace_growth_bytes\":0},\"stream_count\":2,\"target_coverage\":{\"bias_axis_rows\":16,\"bias_sign_flip_count\":117,\"exact_zero_count\":121,\"large_finite_bias\":true,\"near_zero_count\":124},\"workspace_memory\":{\"payload_unchanged\":true,\"prefix_guard_intact\":true,\"suffix_guard_intact\":true}}\n",
      "stderr": ""
    },
    {
      "command": [
        "/tmp/tcnn_p3b1b_epi_uqmydzeb/probe_phase3b1b",
        "16",
        "16",
        "16",
        "RELU_BIAS",
        "f32",
        "2"
      ],
      "returncode": 0,
      "stdout": "{\"algorithm\":{\"index\":86751,\"kernel_name\":\"Cijk_Ailk_Bljk_HSS_BH_Bias_HA_S_SAV_UserArgs_MT16x16x32_MI16x16x1_SN_LDSB0_AFC1_AFEM1_AFEM1_ASEM1_CLR0_CADS0_DTLA0_DTLB0_DTVA0_DTVB0_EPS0_FDSI0_GRPM1_GRVWA1_GRVWB8_GSUAMB_GLS0_ISA1201_IU1_K1_LDSTI0_LBSPPA128_LBSPPB128_LBSPPM0_LPA16_LPB16_LPM0_LRVW8_LWPMn1_MIAV1_MIWT1_1_MO40_NTn1_NTA0_NTB0_NTC0_NTD0_NTM0_NEPBS0_NLCA1_NLCB1_ONLL1_PGR1_PLR1_PKA0_SIA3_SS0_SPO0_SRVW0_SSO0_SVW8_SK0_SKFTR0_SKXCCM0_TLDS2_ULSGRO0_USL1_UIOFGRO0_USFGROn1_VSn1_VWA1_VWB1_WSGRA0_WSGRB0_WS32_WG16_2_1\",\"solution_name\":\"Cijk_Ailk_Bljk_HSS_BH_Bias_HA_S_SAV_UserArgs_MT16x16x32_MI16x16x1_SN_LDSB0_AFC1_AFEM1_AFEM1_ASEM1_CLR0_CADS0_DTLA0_DTLB0_DTVA0_DTVB0_EPS0_FDSI0_GRPM1_GRVWA1_GRVWB8_GSU1_GSUAMB_GSUC0_GSUWGMRR0_GLS0_ISA1201_IU1_K1_LDSTI0_LBSPPA128_LBSPPB128_LBSPPM0_LPA16_LPB16_LPM0_LRVW8_LWPMn1_MIAV1_MIWT1_1_MO40_NTn1_NTA0_NTB0_NTC0_NTD0_NTM0_NEPBS0_NLCA1_NLCB1_ONLL1_PGR1_PLR1_PKA0_SIA3_SS0_SU32_SUM0_SUS256_SPO0_SRVW0_SSO0_SVW8_SK0_SKFTR0_SKXCCM0_TLDS2_ULSGRO0_USL1_UIOFGRO0_USFGROn1_VSn1_VWA1_VWB1_WSGRA0_WSGRB0_WS32_WG16_2_1_WGM8_WGMXCC1_WGMXCCGn1\",\"workspace_bytes\":0},\"bias_type\":\"HIP_R_16F\",\"compute_type\":\"HIPBLAS_COMPUTE_32F\",\"d_type\":\"HIP_R_32F\",\"direction\":\"NN\",\"epilogue\":\"RELU_BIAS\",\"execution_handle_count\":2,\"fresh_repeat\":2,\"heuristic_count\":32,\"heuristic_status\":0,\"k\":16,\"launches\":[{\"launch\":1,\"matmul_status\":0,\"output_memory\":{\"payload_unchanged\":false,\"prefix_guard_intact\":true,\"suffix_guard_intact\":true},\"stream_index\":0,\"synchronize_status\":0},{\"launch\":2,\"matmul_status\":0,\"output_memory\":{\"payload_unchanged\":false,\"prefix_guard_intact\":true,\"suffix_guard_intact\":true},\"stream_index\":1,\"synchronize_status\":0},{\"launch\":3,\"matmul_status\":0,\"output_memory\":{\"payload_unchanged\":false,\"prefix_guard_intact\":true,\"suffix_guard_intact\":true},\"stream_index\":0,\"synchronize_status\":0},{\"launch\":4,\"matmul_status\":0,\"output_memory\":{\"payload_unchanged\":false,\"prefix_guard_intact\":true,\"suffix_guard_intact\":true},\"stream_index\":1,\"synchronize_status\":0},{\"launch\":5,\"matmul_status\":0,\"output_memory\":{\"payload_unchanged\":false,\"prefix_guard_intact\":true,\"suffix_guard_intact\":true},\"stream_index\":0,\"synchronize_status\":0},{\"launch\":6,\"matmul_status\":0,\"output_memory\":{\"payload_unchanged\":false,\"prefix_guard_intact\":true,\"suffix_guard_intact\":true},\"stream_index\":1,\"synchronize_status\":0}],\"m\":16,\"marker\":\"TCNN_RDNA4_P3B1B_FP16_FORWARD_001\",\"n\":16,\"numerics\":{\"inf_count\":0,\"max_abs\":0.0,\"max_rel_outside_1e-3\":0.0,\"nan_count\":0,\"normalized_l2\":0.0,\"relu_mask_mismatches\":0},\"probe_state\":\"EXECUTED\",\"process_status\":\"PASS\",\"selected_candidate\":0,\"steady_state\":{\"launches\":4,\"new_descriptors\":0,\"new_handles\":0,\"new_heuristic_queries\":0,\"workspace_growth_bytes\":0},\"stream_count\":2,\"target_coverage\":{\"bias_axis_rows\":16,\"bias_sign_flip_count\":117,\"exact_zero_count\":121,\"large_finite_bias\":true,\"near_zero_count\":124},\"workspace_memory\":{\"payload_unchanged\":true,\"prefix_guard_intact\":true,\"suffix_guard_intact\":true}}\n",
      "stderr": ""
    },
    {
      "command": [
        "/tmp/tcnn_p3b1b_epi_uqmydzeb/probe_phase3b1b",
        "16",
        "16",
        "32",
        "BIAS",
        "f16",
        "1"
      ],
      "returncode": 0,
      "stdout": "{\"algorithm\":{\"index\":85074,\"kernel_name\":\"Cijk_Ailk_Bljk_HHS_BH_Bias_HA_S_SAV_UserArgs_MT16x16x32_MI16x16x1_SN_LDSB0_AFC1_AFEM1_AFEM1_ASEM1_CLR0_CADS0_DTLA0_DTLB0_DTVA0_DTVB0_EPS0_FDSI0_GRPM1_GRVWA1_GRVWB8_GSUAMB_GLS0_ISA1201_IU1_K1_LDSTI0_LBSPPA128_LBSPPB128_LBSPPM0_LPA16_LPB16_LPM0_LRVW8_LWPMn1_MIAV1_MIWT1_1_MO40_NTn1_NTA0_NTB0_NTC0_NTD0_NTM0_NEPBS0_NLCA1_NLCB1_ONLL1_PGR1_PLR1_PKA0_SIA3_SS0_SPO0_SRVW0_SSO0_SVW8_SK0_SKFTR0_SKXCCM0_TLDS2_ULSGRO0_USL1_UIOFGRO0_USFGROn1_VSn1_VWA1_VWB1_WSGRA0_WSGRB0_WS32_WG16_2_1\",\"solution_name\":\"Cijk_Ailk_Bljk_HHS_BH_Bias_HA_S_SAV_UserArgs_MT16x16x32_MI16x16x1_SN_LDSB0_AFC1_AFEM1_AFEM1_ASEM1_CLR0_CADS0_DTLA0_DTLB0_DTVA0_DTVB0_EPS0_FDSI0_GRPM1_GRVWA1_GRVWB8_GSU1_GSUAMB_GSUC0_GSUWGMRR0_GLS0_ISA1201_IU1_K1_LDSTI0_LBSPPA128_LBSPPB128_LBSPPM0_LPA16_LPB16_LPM0_LRVW8_LWPMn1_MIAV1_MIWT1_1_MO40_NTn1_NTA0_NTB0_NTC0_NTD0_NTM0_NEPBS0_NLCA1_NLCB1_ONLL1_PGR1_PLR1_PKA0_SIA3_SS0_SU32_SUM0_SUS256_SPO0_SRVW0_SSO0_SVW8_SK0_SKFTR0_SKXCCM0_TLDS2_ULSGRO0_USL1_UIOFGRO0_USFGROn1_VSn1_VWA1_VWB1_WSGRA0_WSGRB0_WS32_WG16_2_1_WGM8_WGMXCC1_WGMXCCGn1\",\"workspace_bytes\":0},\"bias_type\":\"HIP_R_16F\",\"compute_type\":\"HIPBLAS_COMPUTE_32F\",\"d_type\":\"HIP_R_16F\",\"direction\":\"NN\",\"epilogue\":\"BIAS\",\"execution_handle_count\":2,\"fresh_repeat\":1,\"heuristic_count\":32,\"heuristic_status\":0,\"k\":32,\"launches\":[{\"launch\":1,\"matmul_status\":0,\"output_memory\":{\"payload_unchanged\":false,\"prefix_guard_intact\":true,\"suffix_guard_intact\":true},\"stream_index\":0,\"synchronize_status\":0},{\"launch\":2,\"matmul_status\":0,\"output_memory\":{\"payload_unchanged\":false,\"prefix_guard_intact\":true,\"suffix_guard_intact\":true},\"stream_index\":1,\"synchronize_status\":0},{\"launch\":3,\"matmul_status\":0,\"output_memory\":{\"payload_unchanged\":false,\"prefix_guard_intact\":true,\"suffix_guard_intact\":true},\"stream_index\":0,\"synchronize_status\":0},{\"launch\":4,\"matmul_status\":0,\"output_memory\":{\"payload_unchanged\":false,\"prefix_guard_intact\":true,\"suffix_guard_intact\":true},\"stream_index\":1,\"synchronize_status\":0},{\"launch\":5,\"matmul_status\":0,\"output_memory\":{\"payload_unchanged\":false,\"prefix_guard_intact\":true,\"suffix_guard_intact\":true},\"stream_index\":0,\"synchronize_status\":0},{\"launch\":6,\"matmul_status\":0,\"output_memory\":{\"payload_unchanged\":false,\"prefix_guard_intact\":true,\"suffix_guard_intact\":true},\"stream_index\":1,\"synchronize_status\":0}],\"m\":16,\"marker\":\"TCNN_RDNA4_P3B1B_FP16_FORWARD_001\",\"n\":16,\"numerics\":{\"inf_count\":0,\"max_abs\":0.0,\"max_rel_outside_1e-3\":0.0,\"nan_count\":0,\"normalized_l2\":0.0,\"relu_mask_mismatches\":0},\"probe_state\":\"EXECUTED\",\"process_status\":\"PASS\",\"selected_candidate\":0,\"steady_state\":{\"launches\":4,\"new_descriptors\":0,\"new_handles\":0,\"new_heuristic_queries\":0,\"workspace_growth_bytes\":0},\"stream_count\":2,\"target_coverage\":{\"bias_axis_rows\":16,\"bias_sign_flip_count\":87,\"exact_zero_count\":1,\"large_finite_bias\":true,\"near_zero_count\":6},\"workspace_memory\":{\"payload_unchanged\":true,\"prefix_guard_intact\":true,\"suffix_guard_intact\":true}}\n",
      "stderr": ""
    },
    {
      "command": [
        "/tmp/tcnn_p3b1b_epi_uqmydzeb/probe_phase3b1b",
        "16",
        "16",
        "32",
        "BIAS",
        "f16",
        "2"
      ],
      "returncode": 0,
      "stdout": "{\"algorithm\":{\"index\":85074,\"kernel_name\":\"Cijk_Ailk_Bljk_HHS_BH_Bias_HA_S_SAV_UserArgs_MT16x16x32_MI16x16x1_SN_LDSB0_AFC1_AFEM1_AFEM1_ASEM1_CLR0_CADS0_DTLA0_DTLB0_DTVA0_DTVB0_EPS0_FDSI0_GRPM1_GRVWA1_GRVWB8_GSUAMB_GLS0_ISA1201_IU1_K1_LDSTI0_LBSPPA128_LBSPPB128_LBSPPM0_LPA16_LPB16_LPM0_LRVW8_LWPMn1_MIAV1_MIWT1_1_MO40_NTn1_NTA0_NTB0_NTC0_NTD0_NTM0_NEPBS0_NLCA1_NLCB1_ONLL1_PGR1_PLR1_PKA0_SIA3_SS0_SPO0_SRVW0_SSO0_SVW8_SK0_SKFTR0_SKXCCM0_TLDS2_ULSGRO0_USL1_UIOFGRO0_USFGROn1_VSn1_VWA1_VWB1_WSGRA0_WSGRB0_WS32_WG16_2_1\",\"solution_name\":\"Cijk_Ailk_Bljk_HHS_BH_Bias_HA_S_SAV_UserArgs_MT16x16x32_MI16x16x1_SN_LDSB0_AFC1_AFEM1_AFEM1_ASEM1_CLR0_CADS0_DTLA0_DTLB0_DTVA0_DTVB0_EPS0_FDSI0_GRPM1_GRVWA1_GRVWB8_GSU1_GSUAMB_GSUC0_GSUWGMRR0_GLS0_ISA1201_IU1_K1_LDSTI0_LBSPPA128_LBSPPB128_LBSPPM0_LPA16_LPB16_LPM0_LRVW8_LWPMn1_MIAV1_MIWT1_1_MO40_NTn1_NTA0_NTB0_NTC0_NTD0_NTM0_NEPBS0_NLCA1_NLCB1_ONLL1_PGR1_PLR1_PKA0_SIA3_SS0_SU32_SUM0_SUS256_SPO0_SRVW0_SSO0_SVW8_SK0_SKFTR0_SKXCCM0_TLDS2_ULSGRO0_USL1_UIOFGRO0_USFGROn1_VSn1_VWA1_VWB1_WSGRA0_WSGRB0_WS32_WG16_2_1_WGM8_WGMXCC1_WGMXCCGn1\",\"workspace_bytes\":0},\"bias_type\":\"HIP_R_16F\",\"compute_type\":\"HIPBLAS_COMPUTE_32F\",\"d_type\":\"HIP_R_16F\",\"direction\":\"NN\",\"epilogue\":\"BIAS\",\"execution_handle_count\":2,\"fresh_repeat\":2,\"heuristic_count\":32,\"heuristic_status\":0,\"k\":32,\"launches\":[{\"launch\":1,\"matmul_status\":0,\"output_memory\":{\"payload_unchanged\":false,\"prefix_guard_intact\":true,\"suffix_guard_intact\":true},\"stream_index\":0,\"synchronize_status\":0},{\"launch\":2,\"matmul_status\":0,\"output_memory\":{\"payload_unchanged\":false,\"prefix_guard_intact\":true,\"suffix_guard_intact\":true},\"stream_index\":1,\"synchronize_status\":0},{\"launch\":3,\"matmul_status\":0,\"output_memory\":{\"payload_unchanged\":false,\"prefix_guard_intact\":true,\"suffix_guard_intact\":true},\"stream_index\":0,\"synchronize_status\":0},{\"launch\":4,\"matmul_status\":0,\"output_memory\":{\"payload_unchanged\":false,\"prefix_guard_intact\":true,\"suffix_guard_intact\":true},\"stream_index\":1,\"synchronize_status\":0},{\"launch\":5,\"matmul_status\":0,\"output_memory\":{\"payload_unchanged\":false,\"prefix_guard_intact\":true,\"suffix_guard_intact\":true},\"stream_index\":0,\"synchronize_status\":0},{\"launch\":6,\"matmul_status\":0,\"output_memory\":{\"payload_unchanged\":false,\"prefix_guard_intact\":true,\"suffix_guard_intact\":true},\"stream_index\":1,\"synchronize_status\":0}],\"m\":16,\"marker\":\"TCNN_RDNA4_P3B1B_FP16_FORWARD_001\",\"n\":16,\"numerics\":{\"inf_count\":0,\"max_abs\":0.0,\"max_rel_outside_1e-3\":0.0,\"nan_count\":0,\"normalized_l2\":0.0,\"relu_mask_mismatches\":0},\"probe_state\":\"EXECUTED\",\"process_status\":\"PASS\",\"selected_candidate\":0,\"steady_state\":{\"launches\":4,\"new_descriptors\":0,\"new_handles\":0,\"new_heuristic_queries\":0,\"workspace_growth_bytes\":0},\"stream_count\":2,\"target_coverage\":{\"bias_axis_rows\":16,\"bias_sign_flip_count\":87,\"exact_zero_count\":1,\"large_finite_bias\":true,\"near_zero_count\":6},\"workspace_memory\":{\"payload_unchanged\":true,\"prefix_guard_intact\":true,\"suffix_guard_intact\":true}}\n",
      "stderr": ""
    },
    {
      "command": [
        "/tmp/tcnn_p3b1b_epi_uqmydzeb/probe_phase3b1b",
        "16",
        "16",
        "32",
        "BIAS",
        "f32",
        "1"
      ],
      "returncode": 0,
      "stdout": "{\"algorithm\":{\"index\":86751,\"kernel_name\":\"Cijk_Ailk_Bljk_HSS_BH_Bias_HA_S_SAV_UserArgs_MT16x16x32_MI16x16x1_SN_LDSB0_AFC1_AFEM1_AFEM1_ASEM1_CLR0_CADS0_DTLA0_DTLB0_DTVA0_DTVB0_EPS0_FDSI0_GRPM1_GRVWA1_GRVWB8_GSUAMB_GLS0_ISA1201_IU1_K1_LDSTI0_LBSPPA128_LBSPPB128_LBSPPM0_LPA16_LPB16_LPM0_LRVW8_LWPMn1_MIAV1_MIWT1_1_MO40_NTn1_NTA0_NTB0_NTC0_NTD0_NTM0_NEPBS0_NLCA1_NLCB1_ONLL1_PGR1_PLR1_PKA0_SIA3_SS0_SPO0_SRVW0_SSO0_SVW8_SK0_SKFTR0_SKXCCM0_TLDS2_ULSGRO0_USL1_UIOFGRO0_USFGROn1_VSn1_VWA1_VWB1_WSGRA0_WSGRB0_WS32_WG16_2_1\",\"solution_name\":\"Cijk_Ailk_Bljk_HSS_BH_Bias_HA_S_SAV_UserArgs_MT16x16x32_MI16x16x1_SN_LDSB0_AFC1_AFEM1_AFEM1_ASEM1_CLR0_CADS0_DTLA0_DTLB0_DTVA0_DTVB0_EPS0_FDSI0_GRPM1_GRVWA1_GRVWB8_GSU1_GSUAMB_GSUC0_GSUWGMRR0_GLS0_ISA1201_IU1_K1_LDSTI0_LBSPPA128_LBSPPB128_LBSPPM0_LPA16_LPB16_LPM0_LRVW8_LWPMn1_MIAV1_MIWT1_1_MO40_NTn1_NTA0_NTB0_NTC0_NTD0_NTM0_NEPBS0_NLCA1_NLCB1_ONLL1_PGR1_PLR1_PKA0_SIA3_SS0_SU32_SUM0_SUS256_SPO0_SRVW0_SSO0_SVW8_SK0_SKFTR0_SKXCCM0_TLDS2_ULSGRO0_USL1_UIOFGRO0_USFGROn1_VSn1_VWA1_VWB1_WSGRA0_WSGRB0_WS32_WG16_2_1_WGM8_WGMXCC1_WGMXCCGn1\",\"workspace_bytes\":0},\"bias_type\":\"HIP_R_16F\",\"compute_type\":\"HIPBLAS_COMPUTE_32F\",\"d_type\":\"HIP_R_32F\",\"direction\":\"NN\",\"epilogue\":\"BIAS\",\"execution_handle_count\":2,\"fresh_repeat\":1,\"heuristic_count\":32,\"heuristic_status\":0,\"k\":32,\"launches\":[{\"launch\":1,\"matmul_status\":0,\"output_memory\":{\"payload_unchanged\":false,\"prefix_guard_intact\":true,\"suffix_guard_intact\":true},\"stream_index\":0,\"synchronize_status\":0},{\"launch\":2,\"matmul_status\":0,\"output_memory\":{\"payload_unchanged\":false,\"prefix_guard_intact\":true,\"suffix_guard_intact\":true},\"stream_index\":1,\"synchronize_status\":0},{\"launch\":3,\"matmul_status\":0,\"output_memory\":{\"payload_unchanged\":false,\"prefix_guard_intact\":true,\"suffix_guard_intact\":true},\"stream_index\":0,\"synchronize_status\":0},{\"launch\":4,\"matmul_status\":0,\"output_memory\":{\"payload_unchanged\":false,\"prefix_guard_intact\":true,\"suffix_guard_intact\":true},\"stream_index\":1,\"synchronize_status\":0},{\"launch\":5,\"matmul_status\":0,\"output_memory\":{\"payload_unchanged\":false,\"prefix_guard_intact\":true,\"suffix_guard_intact\":true},\"stream_index\":0,\"synchronize_status\":0},{\"launch\":6,\"matmul_status\":0,\"output_memory\":{\"payload_unchanged\":false,\"prefix_guard_intact\":true,\"suffix_guard_intact\":true},\"stream_index\":1,\"synchronize_status\":0}],\"m\":16,\"marker\":\"TCNN_RDNA4_P3B1B_FP16_FORWARD_001\",\"n\":16,\"numerics\":{\"inf_count\":0,\"max_abs\":0.0,\"max_rel_outside_1e-3\":0.0,\"nan_count\":0,\"normalized_l2\":0.0,\"relu_mask_mismatches\":0},\"probe_state\":\"EXECUTED\",\"process_status\":\"PASS\",\"selected_candidate\":0,\"steady_state\":{\"launches\":4,\"new_descriptors\":0,\"new_handles\":0,\"new_heuristic_queries\":0,\"workspace_growth_bytes\":0},\"stream_count\":2,\"target_coverage\":{\"bias_axis_rows\":16,\"bias_sign_flip_count\":87,\"exact_zero_count\":1,\"large_finite_bias\":true,\"near_zero_count\":6},\"workspace_memory\":{\"payload_unchanged\":true,\"prefix_guard_intact\":true,\"suffix_guard_intact\":true}}\n",
      "stderr": ""
    },
    {
      "command": [
        "/tmp/tcnn_p3b1b_epi_uqmydzeb/probe_phase3b1b",
        "16",
        "16",
        "32",
        "BIAS",
        "f32",
        "2"
      ],
      "returncode": 0,
      "stdout": "{\"algorithm\":{\"index\":86751,\"kernel_name\":\"Cijk_Ailk_Bljk_HSS_BH_Bias_HA_S_SAV_UserArgs_MT16x16x32_MI16x16x1_SN_LDSB0_AFC1_AFEM1_AFEM1_ASEM1_CLR0_CADS0_DTLA0_DTLB0_DTVA0_DTVB0_EPS0_FDSI0_GRPM1_GRVWA1_GRVWB8_GSUAMB_GLS0_ISA1201_IU1_K1_LDSTI0_LBSPPA128_LBSPPB128_LBSPPM0_LPA16_LPB16_LPM0_LRVW8_LWPMn1_MIAV1_MIWT1_1_MO40_NTn1_NTA0_NTB0_NTC0_NTD0_NTM0_NEPBS0_NLCA1_NLCB1_ONLL1_PGR1_PLR1_PKA0_SIA3_SS0_SPO0_SRVW0_SSO0_SVW8_SK0_SKFTR0_SKXCCM0_TLDS2_ULSGRO0_USL1_UIOFGRO0_USFGROn1_VSn1_VWA1_VWB1_WSGRA0_WSGRB0_WS32_WG16_2_1\",\"solution_name\":\"Cijk_Ailk_Bljk_HSS_BH_Bias_HA_S_SAV_UserArgs_MT16x16x32_MI16x16x1_SN_LDSB0_AFC1_AFEM1_AFEM1_ASEM1_CLR0_CADS0_DTLA0_DTLB0_DTVA0_DTVB0_EPS0_FDSI0_GRPM1_GRVWA1_GRVWB8_GSU1_GSUAMB_GSUC0_GSUWGMRR0_GLS0_ISA1201_IU1_K1_LDSTI0_LBSPPA128_LBSPPB128_LBSPPM0_LPA16_LPB16_LPM0_LRVW8_LWPMn1_MIAV1_MIWT1_1_MO40_NTn1_NTA0_NTB0_NTC0_NTD0_NTM0_NEPBS0_NLCA1_NLCB1_ONLL1_PGR1_PLR1_PKA0_SIA3_SS0_SU32_SUM0_SUS256_SPO0_SRVW0_SSO0_SVW8_SK0_SKFTR0_SKXCCM0_TLDS2_ULSGRO0_USL1_UIOFGRO0_USFGROn1_VSn1_VWA1_VWB1_WSGRA0_WSGRB0_WS32_WG16_2_1_WGM8_WGMXCC1_WGMXCCGn1\",\"workspace_bytes\":0},\"bias_type\":\"HIP_R_16F\",\"compute_type\":\"HIPBLAS_COMPUTE_32F\",\"d_type\":\"HIP_R_32F\",\"direction\":\"NN\",\"epilogue\":\"BIAS\",\"execution_handle_count\":2,\"fresh_repeat\":2,\"heuristic_count\":32,\"heuristic_status\":0,\"k\":32,\"launches\":[{\"launch\":1,\"matmul_status\":0,\"output_memory\":{\"payload_unchanged\":false,\"prefix_guard_intact\":true,\"suffix_guard_intact\":true},\"stream_index\":0,\"synchronize_status\":0},{\"launch\":2,\"matmul_status\":0,\"output_memory\":{\"payload_unchanged\":false,\"prefix_guard_intact\":true,\"suffix_guard_intact\":true},\"stream_index\":1,\"synchronize_status\":0},{\"launch\":3,\"matmul_status\":0,\"output_memory\":{\"payload_unchanged\":false,\"prefix_guard_intact\":true,\"suffix_guard_intact\":true},\"stream_index\":0,\"synchronize_status\":0},{\"launch\":4,\"matmul_status\":0,\"output_memory\":{\"payload_unchanged\":false,\"prefix_guard_intact\":true,\"suffix_guard_intact\":true},\"stream_index\":1,\"synchronize_status\":0},{\"launch\":5,\"matmul_status\":0,\"output_memory\":{\"payload_unchanged\":false,\"prefix_guard_intact\":true,\"suffix_guard_intact\":true},\"stream_index\":0,\"synchronize_status\":0},{\"launch\":6,\"matmul_status\":0,\"output_memory\":{\"payload_unchanged\":false,\"prefix_guard_intact\":true,\"suffix_guard_intact\":true},\"stream_index\":1,\"synchronize_status\":0}],\"m\":16,\"marker\":\"TCNN_RDNA4_P3B1B_FP16_FORWARD_001\",\"n\":16,\"numerics\":{\"inf_count\":0,\"max_abs\":0.0,\"max_rel_outside_1e-3\":0.0,\"nan_count\":0,\"normalized_l2\":0.0,\"relu_mask_mismatches\":0},\"probe_state\":\"EXECUTED\",\"process_status\":\"PASS\",\"selected_candidate\":0,\"steady_state\":{\"launches\":4,\"new_descriptors\":0,\"new_handles\":0,\"new_heuristic_queries\":0,\"workspace_growth_bytes\":0},\"stream_count\":2,\"target_coverage\":{\"bias_axis_rows\":16,\"bias_sign_flip_count\":87,\"exact_zero_count\":1,\"large_finite_bias\":true,\"near_zero_count\":6},\"workspace_memory\":{\"payload_unchanged\":true,\"prefix_guard_intact\":true,\"suffix_guard_intact\":true}}\n",
      "stderr": ""
    },
    {
      "command": [
        "/tmp/tcnn_p3b1b_epi_uqmydzeb/probe_phase3b1b",
        "16",
        "16",
        "32",
        "RELU_BIAS",
        "f16",
        "1"
      ],
      "returncode": 0,
      "stdout": "{\"algorithm\":{\"index\":85074,\"kernel_name\":\"Cijk_Ailk_Bljk_HHS_BH_Bias_HA_S_SAV_UserArgs_MT16x16x32_MI16x16x1_SN_LDSB0_AFC1_AFEM1_AFEM1_ASEM1_CLR0_CADS0_DTLA0_DTLB0_DTVA0_DTVB0_EPS0_FDSI0_GRPM1_GRVWA1_GRVWB8_GSUAMB_GLS0_ISA1201_IU1_K1_LDSTI0_LBSPPA128_LBSPPB128_LBSPPM0_LPA16_LPB16_LPM0_LRVW8_LWPMn1_MIAV1_MIWT1_1_MO40_NTn1_NTA0_NTB0_NTC0_NTD0_NTM0_NEPBS0_NLCA1_NLCB1_ONLL1_PGR1_PLR1_PKA0_SIA3_SS0_SPO0_SRVW0_SSO0_SVW8_SK0_SKFTR0_SKXCCM0_TLDS2_ULSGRO0_USL1_UIOFGRO0_USFGROn1_VSn1_VWA1_VWB1_WSGRA0_WSGRB0_WS32_WG16_2_1\",\"solution_name\":\"Cijk_Ailk_Bljk_HHS_BH_Bias_HA_S_SAV_UserArgs_MT16x16x32_MI16x16x1_SN_LDSB0_AFC1_AFEM1_AFEM1_ASEM1_CLR0_CADS0_DTLA0_DTLB0_DTVA0_DTVB0_EPS0_FDSI0_GRPM1_GRVWA1_GRVWB8_GSU1_GSUAMB_GSUC0_GSUWGMRR0_GLS0_ISA1201_IU1_K1_LDSTI0_LBSPPA128_LBSPPB128_LBSPPM0_LPA16_LPB16_LPM0_LRVW8_LWPMn1_MIAV1_MIWT1_1_MO40_NTn1_NTA0_NTB0_NTC0_NTD0_NTM0_NEPBS0_NLCA1_NLCB1_ONLL1_PGR1_PLR1_PKA0_SIA3_SS0_SU32_SUM0_SUS256_SPO0_SRVW0_SSO0_SVW8_SK0_SKFTR0_SKXCCM0_TLDS2_ULSGRO0_USL1_UIOFGRO0_USFGROn1_VSn1_VWA1_VWB1_WSGRA0_WSGRB0_WS32_WG16_2_1_WGM8_WGMXCC1_WGMXCCGn1\",\"workspace_bytes\":0},\"bias_type\":\"HIP_R_16F\",\"compute_type\":\"HIPBLAS_COMPUTE_32F\",\"d_type\":\"HIP_R_16F\",\"direction\":\"NN\",\"epilogue\":\"RELU_BIAS\",\"execution_handle_count\":2,\"fresh_repeat\":1,\"heuristic_count\":32,\"heuristic_status\":0,\"k\":32,\"launches\":[{\"launch\":1,\"matmul_status\":0,\"output_memory\":{\"payload_unchanged\":false,\"prefix_guard_intact\":true,\"suffix_guard_intact\":true},\"stream_index\":0,\"synchronize_status\":0},{\"launch\":2,\"matmul_status\":0,\"output_memory\":{\"payload_unchanged\":false,\"prefix_guard_intact\":true,\"suffix_guard_intact\":true},\"stream_index\":1,\"synchronize_status\":0},{\"launch\":3,\"matmul_status\":0,\"output_memory\":{\"payload_unchanged\":false,\"prefix_guard_intact\":true,\"suffix_guard_intact\":true},\"stream_index\":0,\"synchronize_status\":0},{\"launch\":4,\"matmul_status\":0,\"output_memory\":{\"payload_unchanged\":false,\"prefix_guard_intact\":true,\"suffix_guard_intact\":true},\"stream_index\":1,\"synchronize_status\":0},{\"launch\":5,\"matmul_status\":0,\"output_memory\":{\"payload_unchanged\":false,\"prefix_guard_intact\":true,\"suffix_guard_intact\":true},\"stream_index\":0,\"synchronize_status\":0},{\"launch\":6,\"matmul_status\":0,\"output_memory\":{\"payload_unchanged\":false,\"prefix_guard_intact\":true,\"suffix_guard_intact\":true},\"stream_index\":1,\"synchronize_status\":0}],\"m\":16,\"marker\":\"TCNN_RDNA4_P3B1B_FP16_FORWARD_001\",\"n\":16,\"numerics\":{\"inf_count\":0,\"max_abs\":0.0,\"max_rel_outside_1e-3\":0.0,\"nan_count\":0,\"normalized_l2\":0.0,\"relu_mask_mismatches\":0},\"probe_state\":\"EXECUTED\",\"process_status\":\"PASS\",\"selected_candidate\":0,\"steady_state\":{\"launches\":4,\"new_descriptors\":0,\"new_handles\":0,\"new_heuristic_queries\":0,\"workspace_growth_bytes\":0},\"stream_count\":2,\"target_coverage\":{\"bias_axis_rows\":16,\"bias_sign_flip_count\":87,\"exact_zero_count\":125,\"large_finite_bias\":true,\"near_zero_count\":127},\"workspace_memory\":{\"payload_unchanged\":true,\"prefix_guard_intact\":true,\"suffix_guard_intact\":true}}\n",
      "stderr": ""
    },
    {
      "command": [
        "/tmp/tcnn_p3b1b_epi_uqmydzeb/probe_phase3b1b",
        "16",
        "16",
        "32",
        "RELU_BIAS",
        "f16",
        "2"
      ],
      "returncode": 0,
      "stdout": "{\"algorithm\":{\"index\":85074,\"kernel_name\":\"Cijk_Ailk_Bljk_HHS_BH_Bias_HA_S_SAV_UserArgs_MT16x16x32_MI16x16x1_SN_LDSB0_AFC1_AFEM1_AFEM1_ASEM1_CLR0_CADS0_DTLA0_DTLB0_DTVA0_DTVB0_EPS0_FDSI0_GRPM1_GRVWA1_GRVWB8_GSUAMB_GLS0_ISA1201_IU1_K1_LDSTI0_LBSPPA128_LBSPPB128_LBSPPM0_LPA16_LPB16_LPM0_LRVW8_LWPMn1_MIAV1_MIWT1_1_MO40_NTn1_NTA0_NTB0_NTC0_NTD0_NTM0_NEPBS0_NLCA1_NLCB1_ONLL1_PGR1_PLR1_PKA0_SIA3_SS0_SPO0_SRVW0_SSO0_SVW8_SK0_SKFTR0_SKXCCM0_TLDS2_ULSGRO0_USL1_UIOFGRO0_USFGROn1_VSn1_VWA1_VWB1_WSGRA0_WSGRB0_WS32_WG16_2_1\",\"solution_name\":\"Cijk_Ailk_Bljk_HHS_BH_Bias_HA_S_SAV_UserArgs_MT16x16x32_MI16x16x1_SN_LDSB0_AFC1_AFEM1_AFEM1_ASEM1_CLR0_CADS0_DTLA0_DTLB0_DTVA0_DTVB0_EPS0_FDSI0_GRPM1_GRVWA1_GRVWB8_GSU1_GSUAMB_GSUC0_GSUWGMRR0_GLS0_ISA1201_IU1_K1_LDSTI0_LBSPPA128_LBSPPB128_LBSPPM0_LPA16_LPB16_LPM0_LRVW8_LWPMn1_MIAV1_MIWT1_1_MO40_NTn1_NTA0_NTB0_NTC0_NTD0_NTM0_NEPBS0_NLCA1_NLCB1_ONLL1_PGR1_PLR1_PKA0_SIA3_SS0_SU32_SUM0_SUS256_SPO0_SRVW0_SSO0_SVW8_SK0_SKFTR0_SKXCCM0_TLDS2_ULSGRO0_USL1_UIOFGRO0_USFGROn1_VSn1_VWA1_VWB1_WSGRA0_WSGRB0_WS32_WG16_2_1_WGM8_WGMXCC1_WGMXCCGn1\",\"workspace_bytes\":0},\"bias_type\":\"HIP_R_16F\",\"compute_type\":\"HIPBLAS_COMPUTE_32F\",\"d_type\":\"HIP_R_16F\",\"direction\":\"NN\",\"epilogue\":\"RELU_BIAS\",\"execution_handle_count\":2,\"fresh_repeat\":2,\"heuristic_count\":32,\"heuristic_status\":0,\"k\":32,\"launches\":[{\"launch\":1,\"matmul_status\":0,\"output_memory\":{\"payload_unchanged\":false,\"prefix_guard_intact\":true,\"suffix_guard_intact\":true},\"stream_index\":0,\"synchronize_status\":0},{\"launch\":2,\"matmul_status\":0,\"output_memory\":{\"payload_unchanged\":false,\"prefix_guard_intact\":true,\"suffix_guard_intact\":true},\"stream_index\":1,\"synchronize_status\":0},{\"launch\":3,\"matmul_status\":0,\"output_memory\":{\"payload_unchanged\":false,\"prefix_guard_intact\":true,\"suffix_guard_intact\":true},\"stream_index\":0,\"synchronize_status\":0},{\"launch\":4,\"matmul_status\":0,\"output_memory\":{\"payload_unchanged\":false,\"prefix_guard_intact\":true,\"suffix_guard_intact\":true},\"stream_index\":1,\"synchronize_status\":0},{\"launch\":5,\"matmul_status\":0,\"output_memory\":{\"payload_unchanged\":false,\"prefix_guard_intact\":true,\"suffix_guard_intact\":true},\"stream_index\":0,\"synchronize_status\":0},{\"launch\":6,\"matmul_status\":0,\"output_memory\":{\"payload_unchanged\":false,\"prefix_guard_intact\":true,\"suffix_guard_intact\":true},\"stream_index\":1,\"synchronize_status\":0}],\"m\":16,\"marker\":\"TCNN_RDNA4_P3B1B_FP16_FORWARD_001\",\"n\":16,\"numerics\":{\"inf_count\":0,\"max_abs\":0.0,\"max_rel_outside_1e-3\":0.0,\"nan_count\":0,\"normalized_l2\":0.0,\"relu_mask_mismatches\":0},\"probe_state\":\"EXECUTED\",\"process_status\":\"PASS\",\"selected_candidate\":0,\"steady_state\":{\"launches\":4,\"new_descriptors\":0,\"new_handles\":0,\"new_heuristic_queries\":0,\"workspace_growth_bytes\":0},\"stream_count\":2,\"target_coverage\":{\"bias_axis_rows\":16,\"bias_sign_flip_count\":87,\"exact_zero_count\":125,\"large_finite_bias\":true,\"near_zero_count\":127},\"workspace_memory\":{\"payload_unchanged\":true,\"prefix_guard_intact\":true,\"suffix_guard_intact\":true}}\n",
      "stderr": ""
    },
    {
      "command": [
        "/tmp/tcnn_p3b1b_epi_uqmydzeb/probe_phase3b1b",
        "16",
        "16",
        "32",
        "RELU_BIAS",
        "f32",
        "1"
      ],
      "returncode": 0,
      "stdout": "{\"algorithm\":{\"index\":86751,\"kernel_name\":\"Cijk_Ailk_Bljk_HSS_BH_Bias_HA_S_SAV_UserArgs_MT16x16x32_MI16x16x1_SN_LDSB0_AFC1_AFEM1_AFEM1_ASEM1_CLR0_CADS0_DTLA0_DTLB0_DTVA0_DTVB0_EPS0_FDSI0_GRPM1_GRVWA1_GRVWB8_GSUAMB_GLS0_ISA1201_IU1_K1_LDSTI0_LBSPPA128_LBSPPB128_LBSPPM0_LPA16_LPB16_LPM0_LRVW8_LWPMn1_MIAV1_MIWT1_1_MO40_NTn1_NTA0_NTB0_NTC0_NTD0_NTM0_NEPBS0_NLCA1_NLCB1_ONLL1_PGR1_PLR1_PKA0_SIA3_SS0_SPO0_SRVW0_SSO0_SVW8_SK0_SKFTR0_SKXCCM0_TLDS2_ULSGRO0_USL1_UIOFGRO0_USFGROn1_VSn1_VWA1_VWB1_WSGRA0_WSGRB0_WS32_WG16_2_1\",\"solution_name\":\"Cijk_Ailk_Bljk_HSS_BH_Bias_HA_S_SAV_UserArgs_MT16x16x32_MI16x16x1_SN_LDSB0_AFC1_AFEM1_AFEM1_ASEM1_CLR0_CADS0_DTLA0_DTLB0_DTVA0_DTVB0_EPS0_FDSI0_GRPM1_GRVWA1_GRVWB8_GSU1_GSUAMB_GSUC0_GSUWGMRR0_GLS0_ISA1201_IU1_K1_LDSTI0_LBSPPA128_LBSPPB128_LBSPPM0_LPA16_LPB16_LPM0_LRVW8_LWPMn1_MIAV1_MIWT1_1_MO40_NTn1_NTA0_NTB0_NTC0_NTD0_NTM0_NEPBS0_NLCA1_NLCB1_ONLL1_PGR1_PLR1_PKA0_SIA3_SS0_SU32_SUM0_SUS256_SPO0_SRVW0_SSO0_SVW8_SK0_SKFTR0_SKXCCM0_TLDS2_ULSGRO0_USL1_UIOFGRO0_USFGROn1_VSn1_VWA1_VWB1_WSGRA0_WSGRB0_WS32_WG16_2_1_WGM8_WGMXCC1_WGMXCCGn1\",\"workspace_bytes\":0},\"bias_type\":\"HIP_R_16F\",\"compute_type\":\"HIPBLAS_COMPUTE_32F\",\"d_type\":\"HIP_R_32F\",\"direction\":\"NN\",\"epilogue\":\"RELU_BIAS\",\"execution_handle_count\":2,\"fresh_repeat\":1,\"heuristic_count\":32,\"heuristic_status\":0,\"k\":32,\"launches\":[{\"launch\":1,\"matmul_status\":0,\"output_memory\":{\"payload_unchanged\":false,\"prefix_guard_intact\":true,\"suffix_guard_intact\":true},\"stream_index\":0,\"synchronize_status\":0},{\"launch\":2,\"matmul_status\":0,\"output_memory\":{\"payload_unchanged\":false,\"prefix_guard_intact\":true,\"suffix_guard_intact\":true},\"stream_index\":1,\"synchronize_status\":0},{\"launch\":3,\"matmul_status\":0,\"output_memory\":{\"payload_unchanged\":false,\"prefix_guard_intact\":true,\"suffix_guard_intact\":true},\"stream_index\":0,\"synchronize_status\":0},{\"launch\":4,\"matmul_status\":0,\"output_memory\":{\"payload_unchanged\":false,\"prefix_guard_intact\":true,\"suffix_guard_intact\":true},\"stream_index\":1,\"synchronize_status\":0},{\"launch\":5,\"matmul_status\":0,\"output_memory\":{\"payload_unchanged\":false,\"prefix_guard_intact\":true,\"suffix_guard_intact\":true},\"stream_index\":0,\"synchronize_status\":0},{\"launch\":6,\"matmul_status\":0,\"output_memory\":{\"payload_unchanged\":false,\"prefix_guard_intact\":true,\"suffix_guard_intact\":true},\"stream_index\":1,\"synchronize_status\":0}],\"m\":16,\"marker\":\"TCNN_RDNA4_P3B1B_FP16_FORWARD_001\",\"n\":16,\"numerics\":{\"inf_count\":0,\"max_abs\":0.0,\"max_rel_outside_1e-3\":0.0,\"nan_count\":0,\"normalized_l2\":0.0,\"relu_mask_mismatches\":0},\"probe_state\":\"EXECUTED\",\"process_status\":\"PASS\",\"selected_candidate\":0,\"steady_state\":{\"launches\":4,\"new_descriptors\":0,\"new_handles\":0,\"new_heuristic_queries\":0,\"workspace_growth_bytes\":0},\"stream_count\":2,\"target_coverage\":{\"bias_axis_rows\":16,\"bias_sign_flip_count\":87,\"exact_zero_count\":125,\"large_finite_bias\":true,\"near_zero_count\":127},\"workspace_memory\":{\"payload_unchanged\":true,\"prefix_guard_intact\":true,\"suffix_guard_intact\":true}}\n",
      "stderr": ""
    },
    {
      "command": [
        "/tmp/tcnn_p3b1b_epi_uqmydzeb/probe_phase3b1b",
        "16",
        "16",
        "32",
        "RELU_BIAS",
        "f32",
        "2"
      ],
      "returncode": 0,
      "stdout": "{\"algorithm\":{\"index\":86751,\"kernel_name\":\"Cijk_Ailk_Bljk_HSS_BH_Bias_HA_S_SAV_UserArgs_MT16x16x32_MI16x16x1_SN_LDSB0_AFC1_AFEM1_AFEM1_ASEM1_CLR0_CADS0_DTLA0_DTLB0_DTVA0_DTVB0_EPS0_FDSI0_GRPM1_GRVWA1_GRVWB8_GSUAMB_GLS0_ISA1201_IU1_K1_LDSTI0_LBSPPA128_LBSPPB128_LBSPPM0_LPA16_LPB16_LPM0_LRVW8_LWPMn1_MIAV1_MIWT1_1_MO40_NTn1_NTA0_NTB0_NTC0_NTD0_NTM0_NEPBS0_NLCA1_NLCB1_ONLL1_PGR1_PLR1_PKA0_SIA3_SS0_SPO0_SRVW0_SSO0_SVW8_SK0_SKFTR0_SKXCCM0_TLDS2_ULSGRO0_USL1_UIOFGRO0_USFGROn1_VSn1_VWA1_VWB1_WSGRA0_WSGRB0_WS32_WG16_2_1\",\"solution_name\":\"Cijk_Ailk_Bljk_HSS_BH_Bias_HA_S_SAV_UserArgs_MT16x16x32_MI16x16x1_SN_LDSB0_AFC1_AFEM1_AFEM1_ASEM1_CLR0_CADS0_DTLA0_DTLB0_DTVA0_DTVB0_EPS0_FDSI0_GRPM1_GRVWA1_GRVWB8_GSU1_GSUAMB_GSUC0_GSUWGMRR0_GLS0_ISA1201_IU1_K1_LDSTI0_LBSPPA128_LBSPPB128_LBSPPM0_LPA16_LPB16_LPM0_LRVW8_LWPMn1_MIAV1_MIWT1_1_MO40_NTn1_NTA0_NTB0_NTC0_NTD0_NTM0_NEPBS0_NLCA1_NLCB1_ONLL1_PGR1_PLR1_PKA0_SIA3_SS0_SU32_SUM0_SUS256_SPO0_SRVW0_SSO0_SVW8_SK0_SKFTR0_SKXCCM0_TLDS2_ULSGRO0_USL1_UIOFGRO0_USFGROn1_VSn1_VWA1_VWB1_WSGRA0_WSGRB0_WS32_WG16_2_1_WGM8_WGMXCC1_WGMXCCGn1\",\"workspace_bytes\":0},\"bias_type\":\"HIP_R_16F\",\"compute_type\":\"HIPBLAS_COMPUTE_32F\",\"d_type\":\"HIP_R_32F\",\"direction\":\"NN\",\"epilogue\":\"RELU_BIAS\",\"execution_handle_count\":2,\"fresh_repeat\":2,\"heuristic_count\":32,\"heuristic_status\":0,\"k\":32,\"launches\":[{\"launch\":1,\"matmul_status\":0,\"output_memory\":{\"payload_unchanged\":false,\"prefix_guard_intact\":true,\"suffix_guard_intact\":true},\"stream_index\":0,\"synchronize_status\":0},{\"launch\":2,\"matmul_status\":0,\"output_memory\":{\"payload_unchanged\":false,\"prefix_guard_intact\":true,\"suffix_guard_intact\":true},\"stream_index\":1,\"synchronize_status\":0},{\"launch\":3,\"matmul_status\":0,\"output_memory\":{\"payload_unchanged\":false,\"prefix_guard_intact\":true,\"suffix_guard_intact\":true},\"stream_index\":0,\"synchronize_status\":0},{\"launch\":4,\"matmul_status\":0,\"output_memory\":{\"payload_unchanged\":false,\"prefix_guard_intact\":true,\"suffix_guard_intact\":true},\"stream_index\":1,\"synchronize_status\":0},{\"launch\":5,\"matmul_status\":0,\"output_memory\":{\"payload_unchanged\":false,\"prefix_guard_intact\":true,\"suffix_guard_intact\":true},\"stream_index\":0,\"synchronize_status\":0},{\"launch\":6,\"matmul_status\":0,\"output_memory\":{\"payload_unchanged\":false,\"prefix_guard_intact\":true,\"suffix_guard_intact\":true},\"stream_index\":1,\"synchronize_status\":0}],\"m\":16,\"marker\":\"TCNN_RDNA4_P3B1B_FP16_FORWARD_001\",\"n\":16,\"numerics\":{\"inf_count\":0,\"max_abs\":0.0,\"max_rel_outside_1e-3\":0.0,\"nan_count\":0,\"normalized_l2\":0.0,\"relu_mask_mismatches\":0},\"probe_state\":\"EXECUTED\",\"process_status\":\"PASS\",\"selected_candidate\":0,\"steady_state\":{\"launches\":4,\"new_descriptors\":0,\"new_handles\":0,\"new_heuristic_queries\":0,\"workspace_growth_bytes\":0},\"stream_count\":2,\"target_coverage\":{\"bias_axis_rows\":16,\"bias_sign_flip_count\":87,\"exact_zero_count\":125,\"large_finite_bias\":true,\"near_zero_count\":127},\"workspace_memory\":{\"payload_unchanged\":true,\"prefix_guard_intact\":true,\"suffix_guard_intact\":true}}\n",
      "stderr": ""
    },
    {
      "command": [
        "/tmp/tcnn_p3b1b_epi_uqmydzeb/probe_phase3b1b",
        "16",
        "16",
        "64",
        "BIAS",
        "f16",
        "1"
      ],
      "returncode": 0,
      "stdout": "{\"algorithm\":{\"index\":85074,\"kernel_name\":\"Cijk_Ailk_Bljk_HHS_BH_Bias_HA_S_SAV_UserArgs_MT16x16x32_MI16x16x1_SN_LDSB0_AFC1_AFEM1_AFEM1_ASEM1_CLR0_CADS0_DTLA0_DTLB0_DTVA0_DTVB0_EPS0_FDSI0_GRPM1_GRVWA1_GRVWB8_GSUAMB_GLS0_ISA1201_IU1_K1_LDSTI0_LBSPPA128_LBSPPB128_LBSPPM0_LPA16_LPB16_LPM0_LRVW8_LWPMn1_MIAV1_MIWT1_1_MO40_NTn1_NTA0_NTB0_NTC0_NTD0_NTM0_NEPBS0_NLCA1_NLCB1_ONLL1_PGR1_PLR1_PKA0_SIA3_SS0_SPO0_SRVW0_SSO0_SVW8_SK0_SKFTR0_SKXCCM0_TLDS2_ULSGRO0_USL1_UIOFGRO0_USFGROn1_VSn1_VWA1_VWB1_WSGRA0_WSGRB0_WS32_WG16_2_1\",\"solution_name\":\"Cijk_Ailk_Bljk_HHS_BH_Bias_HA_S_SAV_UserArgs_MT16x16x32_MI16x16x1_SN_LDSB0_AFC1_AFEM1_AFEM1_ASEM1_CLR0_CADS0_DTLA0_DTLB0_DTVA0_DTVB0_EPS0_FDSI0_GRPM1_GRVWA1_GRVWB8_GSU1_GSUAMB_GSUC0_GSUWGMRR0_GLS0_ISA1201_IU1_K1_LDSTI0_LBSPPA128_LBSPPB128_LBSPPM0_LPA16_LPB16_LPM0_LRVW8_LWPMn1_MIAV1_MIWT1_1_MO40_NTn1_NTA0_NTB0_NTC0_NTD0_NTM0_NEPBS0_NLCA1_NLCB1_ONLL1_PGR1_PLR1_PKA0_SIA3_SS0_SU32_SUM0_SUS256_SPO0_SRVW0_SSO0_SVW8_SK0_SKFTR0_SKXCCM0_TLDS2_ULSGRO0_USL1_UIOFGRO0_USFGROn1_VSn1_VWA1_VWB1_WSGRA0_WSGRB0_WS32_WG16_2_1_WGM8_WGMXCC1_WGMXCCGn1\",\"workspace_bytes\":0},\"bias_type\":\"HIP_R_16F\",\"compute_type\":\"HIPBLAS_COMPUTE_32F\",\"d_type\":\"HIP_R_16F\",\"direction\":\"NN\",\"epilogue\":\"BIAS\",\"execution_handle_count\":2,\"fresh_repeat\":1,\"heuristic_count\":32,\"heuristic_status\":0,\"k\":64,\"launches\":[{\"launch\":1,\"matmul_status\":0,\"output_memory\":{\"payload_unchanged\":false,\"prefix_guard_intact\":true,\"suffix_guard_intact\":true},\"stream_index\":0,\"synchronize_status\":0},{\"launch\":2,\"matmul_status\":0,\"output_memory\":{\"payload_unchanged\":false,\"prefix_guard_intact\":true,\"suffix_guard_intact\":true},\"stream_index\":1,\"synchronize_status\":0},{\"launch\":3,\"matmul_status\":0,\"output_memory\":{\"payload_unchanged\":false,\"prefix_guard_intact\":true,\"suffix_guard_intact\":true},\"stream_index\":0,\"synchronize_status\":0},{\"launch\":4,\"matmul_status\":0,\"output_memory\":{\"payload_unchanged\":false,\"prefix_guard_intact\":true,\"suffix_guard_intact\":true},\"stream_index\":1,\"synchronize_status\":0},{\"launch\":5,\"matmul_status\":0,\"output_memory\":{\"payload_unchanged\":false,\"prefix_guard_intact\":true,\"suffix_guard_intact\":true},\"stream_index\":0,\"synchronize_status\":0},{\"launch\":6,\"matmul_status\":0,\"output_memory\":{\"payload_unchanged\":false,\"prefix_guard_intact\":true,\"suffix_guard_intact\":true},\"stream_index\":1,\"synchronize_status\":0}],\"m\":16,\"marker\":\"TCNN_RDNA4_P3B1B_FP16_FORWARD_001\",\"n\":16,\"numerics\":{\"inf_count\":0,\"max_abs\":0.0,\"max_rel_outside_1e-3\":0.0,\"nan_count\":0,\"normalized_l2\":0.0,\"relu_mask_mismatches\":0},\"probe_state\":\"EXECUTED\",\"process_status\":\"PASS\",\"selected_candidate\":0,\"steady_state\":{\"launches\":4,\"new_descriptors\":0,\"new_handles\":0,\"new_heuristic_queries\":0,\"workspace_growth_bytes\":0},\"stream_count\":2,\"target_coverage\":{\"bias_axis_rows\":16,\"bias_sign_flip_count\":68,\"exact_zero_count\":2,\"large_finite_bias\":true,\"near_zero_count\":6},\"workspace_memory\":{\"payload_unchanged\":true,\"prefix_guard_intact\":true,\"suffix_guard_intact\":true}}\n",
      "stderr": ""
    },
    {
      "command": [
        "/tmp/tcnn_p3b1b_epi_uqmydzeb/probe_phase3b1b",
        "16",
        "16",
        "64",
        "BIAS",
        "f16",
        "2"
      ],
      "returncode": 0,
      "stdout": "{\"algorithm\":{\"index\":85074,\"kernel_name\":\"Cijk_Ailk_Bljk_HHS_BH_Bias_HA_S_SAV_UserArgs_MT16x16x32_MI16x16x1_SN_LDSB0_AFC1_AFEM1_AFEM1_ASEM1_CLR0_CADS0_DTLA0_DTLB0_DTVA0_DTVB0_EPS0_FDSI0_GRPM1_GRVWA1_GRVWB8_GSUAMB_GLS0_ISA1201_IU1_K1_LDSTI0_LBSPPA128_LBSPPB128_LBSPPM0_LPA16_LPB16_LPM0_LRVW8_LWPMn1_MIAV1_MIWT1_1_MO40_NTn1_NTA0_NTB0_NTC0_NTD0_NTM0_NEPBS0_NLCA1_NLCB1_ONLL1_PGR1_PLR1_PKA0_SIA3_SS0_SPO0_SRVW0_SSO0_SVW8_SK0_SKFTR0_SKXCCM0_TLDS2_ULSGRO0_USL1_UIOFGRO0_USFGROn1_VSn1_VWA1_VWB1_WSGRA0_WSGRB0_WS32_WG16_2_1\",\"solution_name\":\"Cijk_Ailk_Bljk_HHS_BH_Bias_HA_S_SAV_UserArgs_MT16x16x32_MI16x16x1_SN_LDSB0_AFC1_AFEM1_AFEM1_ASEM1_CLR0_CADS0_DTLA0_DTLB0_DTVA0_DTVB0_EPS0_FDSI0_GRPM1_GRVWA1_GRVWB8_GSU1_GSUAMB_GSUC0_GSUWGMRR0_GLS0_ISA1201_IU1_K1_LDSTI0_LBSPPA128_LBSPPB128_LBSPPM0_LPA16_LPB16_LPM0_LRVW8_LWPMn1_MIAV1_MIWT1_1_MO40_NTn1_NTA0_NTB0_NTC0_NTD0_NTM0_NEPBS0_NLCA1_NLCB1_ONLL1_PGR1_PLR1_PKA0_SIA3_SS0_SU32_SUM0_SUS256_SPO0_SRVW0_SSO0_SVW8_SK0_SKFTR0_SKXCCM0_TLDS2_ULSGRO0_USL1_UIOFGRO0_USFGROn1_VSn1_VWA1_VWB1_WSGRA0_WSGRB0_WS32_WG16_2_1_WGM8_WGMXCC1_WGMXCCGn1\",\"workspace_bytes\":0},\"bias_type\":\"HIP_R_16F\",\"compute_type\":\"HIPBLAS_COMPUTE_32F\",\"d_type\":\"HIP_R_16F\",\"direction\":\"NN\",\"epilogue\":\"BIAS\",\"execution_handle_count\":2,\"fresh_repeat\":2,\"heuristic_count\":32,\"heuristic_status\":0,\"k\":64,\"launches\":[{\"launch\":1,\"matmul_status\":0,\"output_memory\":{\"payload_unchanged\":false,\"prefix_guard_intact\":true,\"suffix_guard_intact\":true},\"stream_index\":0,\"synchronize_status\":0},{\"launch\":2,\"matmul_status\":0,\"output_memory\":{\"payload_unchanged\":false,\"prefix_guard_intact\":true,\"suffix_guard_intact\":true},\"stream_index\":1,\"synchronize_status\":0},{\"launch\":3,\"matmul_status\":0,\"output_memory\":{\"payload_unchanged\":false,\"prefix_guard_intact\":true,\"suffix_guard_intact\":true},\"stream_index\":0,\"synchronize_status\":0},{\"launch\":4,\"matmul_status\":0,\"output_memory\":{\"payload_unchanged\":false,\"prefix_guard_intact\":true,\"suffix_guard_intact\":true},\"stream_index\":1,\"synchronize_status\":0},{\"launch\":5,\"matmul_status\":0,\"output_memory\":{\"payload_unchanged\":false,\"prefix_guard_intact\":true,\"suffix_guard_intact\":true},\"stream_index\":0,\"synchronize_status\":0},{\"launch\":6,\"matmul_status\":0,\"output_memory\":{\"payload_unchanged\":false,\"prefix_guard_intact\":true,\"suffix_guard_intact\":true},\"stream_index\":1,\"synchronize_status\":0}],\"m\":16,\"marker\":\"TCNN_RDNA4_P3B1B_FP16_FORWARD_001\",\"n\":16,\"numerics\":{\"inf_count\":0,\"max_abs\":0.0,\"max_rel_outside_1e-3\":0.0,\"nan_count\":0,\"normalized_l2\":0.0,\"relu_mask_mismatches\":0},\"probe_state\":\"EXECUTED\",\"process_status\":\"PASS\",\"selected_candidate\":0,\"steady_state\":{\"launches\":4,\"new_descriptors\":0,\"new_handles\":0,\"new_heuristic_queries\":0,\"workspace_growth_bytes\":0},\"stream_count\":2,\"target_coverage\":{\"bias_axis_rows\":16,\"bias_sign_flip_count\":68,\"exact_zero_count\":2,\"large_finite_bias\":true,\"near_zero_count\":6},\"workspace_memory\":{\"payload_unchanged\":true,\"prefix_guard_intact\":true,\"suffix_guard_intact\":true}}\n",
      "stderr": ""
    },
    {
      "command": [
        "/tmp/tcnn_p3b1b_epi_uqmydzeb/probe_phase3b1b",
        "16",
        "16",
        "64",
        "BIAS",
        "f32",
        "1"
      ],
      "returncode": 0,
      "stdout": "{\"algorithm\":{\"index\":86751,\"kernel_name\":\"Cijk_Ailk_Bljk_HSS_BH_Bias_HA_S_SAV_UserArgs_MT16x16x32_MI16x16x1_SN_LDSB0_AFC1_AFEM1_AFEM1_ASEM1_CLR0_CADS0_DTLA0_DTLB0_DTVA0_DTVB0_EPS0_FDSI0_GRPM1_GRVWA1_GRVWB8_GSUAMB_GLS0_ISA1201_IU1_K1_LDSTI0_LBSPPA128_LBSPPB128_LBSPPM0_LPA16_LPB16_LPM0_LRVW8_LWPMn1_MIAV1_MIWT1_1_MO40_NTn1_NTA0_NTB0_NTC0_NTD0_NTM0_NEPBS0_NLCA1_NLCB1_ONLL1_PGR1_PLR1_PKA0_SIA3_SS0_SPO0_SRVW0_SSO0_SVW8_SK0_SKFTR0_SKXCCM0_TLDS2_ULSGRO0_USL1_UIOFGRO0_USFGROn1_VSn1_VWA1_VWB1_WSGRA0_WSGRB0_WS32_WG16_2_1\",\"solution_name\":\"Cijk_Ailk_Bljk_HSS_BH_Bias_HA_S_SAV_UserArgs_MT16x16x32_MI16x16x1_SN_LDSB0_AFC1_AFEM1_AFEM1_ASEM1_CLR0_CADS0_DTLA0_DTLB0_DTVA0_DTVB0_EPS0_FDSI0_GRPM1_GRVWA1_GRVWB8_GSU1_GSUAMB_GSUC0_GSUWGMRR0_GLS0_ISA1201_IU1_K1_LDSTI0_LBSPPA128_LBSPPB128_LBSPPM0_LPA16_LPB16_LPM0_LRVW8_LWPMn1_MIAV1_MIWT1_1_MO40_NTn1_NTA0_NTB0_NTC0_NTD0_NTM0_NEPBS0_NLCA1_NLCB1_ONLL1_PGR1_PLR1_PKA0_SIA3_SS0_SU32_SUM0_SUS256_SPO0_SRVW0_SSO0_SVW8_SK0_SKFTR0_SKXCCM0_TLDS2_ULSGRO0_USL1_UIOFGRO0_USFGROn1_VSn1_VWA1_VWB1_WSGRA0_WSGRB0_WS32_WG16_2_1_WGM8_WGMXCC1_WGMXCCGn1\",\"workspace_bytes\":0},\"bias_type\":\"HIP_R_16F\",\"compute_type\":\"HIPBLAS_COMPUTE_32F\",\"d_type\":\"HIP_R_32F\",\"direction\":\"NN\",\"epilogue\":\"BIAS\",\"execution_handle_count\":2,\"fresh_repeat\":1,\"heuristic_count\":32,\"heuristic_status\":0,\"k\":64,\"launches\":[{\"launch\":1,\"matmul_status\":0,\"output_memory\":{\"payload_unchanged\":false,\"prefix_guard_intact\":true,\"suffix_guard_intact\":true},\"stream_index\":0,\"synchronize_status\":0},{\"launch\":2,\"matmul_status\":0,\"output_memory\":{\"payload_unchanged\":false,\"prefix_guard_intact\":true,\"suffix_guard_intact\":true},\"stream_index\":1,\"synchronize_status\":0},{\"launch\":3,\"matmul_status\":0,\"output_memory\":{\"payload_unchanged\":false,\"prefix_guard_intact\":true,\"suffix_guard_intact\":true},\"stream_index\":0,\"synchronize_status\":0},{\"launch\":4,\"matmul_status\":0,\"output_memory\":{\"payload_unchanged\":false,\"prefix_guard_intact\":true,\"suffix_guard_intact\":true},\"stream_index\":1,\"synchronize_status\":0},{\"launch\":5,\"matmul_status\":0,\"output_memory\":{\"payload_unchanged\":false,\"prefix_guard_intact\":true,\"suffix_guard_intact\":true},\"stream_index\":0,\"synchronize_status\":0},{\"launch\":6,\"matmul_status\":0,\"output_memory\":{\"payload_unchanged\":false,\"prefix_guard_intact\":true,\"suffix_guard_intact\":true},\"stream_index\":1,\"synchronize_status\":0}],\"m\":16,\"marker\":\"TCNN_RDNA4_P3B1B_FP16_FORWARD_001\",\"n\":16,\"numerics\":{\"inf_count\":0,\"max_abs\":0.0,\"max_rel_outside_1e-3\":0.0,\"nan_count\":0,\"normalized_l2\":0.0,\"relu_mask_mismatches\":0},\"probe_state\":\"EXECUTED\",\"process_status\":\"PASS\",\"selected_candidate\":0,\"steady_state\":{\"launches\":4,\"new_descriptors\":0,\"new_handles\":0,\"new_heuristic_queries\":0,\"workspace_growth_bytes\":0},\"stream_count\":2,\"target_coverage\":{\"bias_axis_rows\":16,\"bias_sign_flip_count\":68,\"exact_zero_count\":2,\"large_finite_bias\":true,\"near_zero_count\":6},\"workspace_memory\":{\"payload_unchanged\":true,\"prefix_guard_intact\":true,\"suffix_guard_intact\":true}}\n",
      "stderr": ""
    },
    {
      "command": [
        "/tmp/tcnn_p3b1b_epi_uqmydzeb/probe_phase3b1b",
        "16",
        "16",
        "64",
        "BIAS",
        "f32",
        "2"
      ],
      "returncode": 0,
      "stdout": "{\"algorithm\":{\"index\":86751,\"kernel_name\":\"Cijk_Ailk_Bljk_HSS_BH_Bias_HA_S_SAV_UserArgs_MT16x16x32_MI16x16x1_SN_LDSB0_AFC1_AFEM1_AFEM1_ASEM1_CLR0_CADS0_DTLA0_DTLB0_DTVA0_DTVB0_EPS0_FDSI0_GRPM1_GRVWA1_GRVWB8_GSUAMB_GLS0_ISA1201_IU1_K1_LDSTI0_LBSPPA128_LBSPPB128_LBSPPM0_LPA16_LPB16_LPM0_LRVW8_LWPMn1_MIAV1_MIWT1_1_MO40_NTn1_NTA0_NTB0_NTC0_NTD0_NTM0_NEPBS0_NLCA1_NLCB1_ONLL1_PGR1_PLR1_PKA0_SIA3_SS0_SPO0_SRVW0_SSO0_SVW8_SK0_SKFTR0_SKXCCM0_TLDS2_ULSGRO0_USL1_UIOFGRO0_USFGROn1_VSn1_VWA1_VWB1_WSGRA0_WSGRB0_WS32_WG16_2_1\",\"solution_name\":\"Cijk_Ailk_Bljk_HSS_BH_Bias_HA_S_SAV_UserArgs_MT16x16x32_MI16x16x1_SN_LDSB0_AFC1_AFEM1_AFEM1_ASEM1_CLR0_CADS0_DTLA0_DTLB0_DTVA0_DTVB0_EPS0_FDSI0_GRPM1_GRVWA1_GRVWB8_GSU1_GSUAMB_GSUC0_GSUWGMRR0_GLS0_ISA1201_IU1_K1_LDSTI0_LBSPPA128_LBSPPB128_LBSPPM0_LPA16_LPB16_LPM0_LRVW8_LWPMn1_MIAV1_MIWT1_1_MO40_NTn1_NTA0_NTB0_NTC0_NTD0_NTM0_NEPBS0_NLCA1_NLCB1_ONLL1_PGR1_PLR1_PKA0_SIA3_SS0_SU32_SUM0_SUS256_SPO0_SRVW0_SSO0_SVW8_SK0_SKFTR0_SKXCCM0_TLDS2_ULSGRO0_USL1_UIOFGRO0_USFGROn1_VSn1_VWA1_VWB1_WSGRA0_WSGRB0_WS32_WG16_2_1_WGM8_WGMXCC1_WGMXCCGn1\",\"workspace_bytes\":0},\"bias_type\":\"HIP_R_16F\",\"compute_type\":\"HIPBLAS_COMPUTE_32F\",\"d_type\":\"HIP_R_32F\",\"direction\":\"NN\",\"epilogue\":\"BIAS\",\"execution_handle_count\":2,\"fresh_repeat\":2,\"heuristic_count\":32,\"heuristic_status\":0,\"k\":64,\"launches\":[{\"launch\":1,\"matmul_status\":0,\"output_memory\":{\"payload_unchanged\":false,\"prefix_guard_intact\":true,\"suffix_guard_intact\":true},\"stream_index\":0,\"synchronize_status\":0},{\"launch\":2,\"matmul_status\":0,\"output_memory\":{\"payload_unchanged\":false,\"prefix_guard_intact\":true,\"suffix_guard_intact\":true},\"stream_index\":1,\"synchronize_status\":0},{\"launch\":3,\"matmul_status\":0,\"output_memory\":{\"payload_unchanged\":false,\"prefix_guard_intact\":true,\"suffix_guard_intact\":true},\"stream_index\":0,\"synchronize_status\":0},{\"launch\":4,\"matmul_status\":0,\"output_memory\":{\"payload_unchanged\":false,\"prefix_guard_intact\":true,\"suffix_guard_intact\":true},\"stream_index\":1,\"synchronize_status\":0},{\"launch\":5,\"matmul_status\":0,\"output_memory\":{\"payload_unchanged\":false,\"prefix_guard_intact\":true,\"suffix_guard_intact\":true},\"stream_index\":0,\"synchronize_status\":0},{\"launch\":6,\"matmul_status\":0,\"output_memory\":{\"payload_unchanged\":false,\"prefix_guard_intact\":true,\"suffix_guard_intact\":true},\"stream_index\":1,\"synchronize_status\":0}],\"m\":16,\"marker\":\"TCNN_RDNA4_P3B1B_FP16_FORWARD_001\",\"n\":16,\"numerics\":{\"inf_count\":0,\"max_abs\":0.0,\"max_rel_outside_1e-3\":0.0,\"nan_count\":0,\"normalized_l2\":0.0,\"relu_mask_mismatches\":0},\"probe_state\":\"EXECUTED\",\"process_status\":\"PASS\",\"selected_candidate\":0,\"steady_state\":{\"launches\":4,\"new_descriptors\":0,\"new_handles\":0,\"new_heuristic_queries\":0,\"workspace_growth_bytes\":0},\"stream_count\":2,\"target_coverage\":{\"bias_axis_rows\":16,\"bias_sign_flip_count\":68,\"exact_zero_count\":2,\"large_finite_bias\":true,\"near_zero_count\":6},\"workspace_memory\":{\"payload_unchanged\":true,\"prefix_guard_intact\":true,\"suffix_guard_intact\":true}}\n",
      "stderr": ""
    },
    {
      "command": [
        "/tmp/tcnn_p3b1b_epi_uqmydzeb/probe_phase3b1b",
        "16",
        "16",
        "64",
        "RELU_BIAS",
        "f16",
        "1"
      ],
      "returncode": 0,
      "stdout": "{\"algorithm\":{\"index\":85074,\"kernel_name\":\"Cijk_Ailk_Bljk_HHS_BH_Bias_HA_S_SAV_UserArgs_MT16x16x32_MI16x16x1_SN_LDSB0_AFC1_AFEM1_AFEM1_ASEM1_CLR0_CADS0_DTLA0_DTLB0_DTVA0_DTVB0_EPS0_FDSI0_GRPM1_GRVWA1_GRVWB8_GSUAMB_GLS0_ISA1201_IU1_K1_LDSTI0_LBSPPA128_LBSPPB128_LBSPPM0_LPA16_LPB16_LPM0_LRVW8_LWPMn1_MIAV1_MIWT1_1_MO40_NTn1_NTA0_NTB0_NTC0_NTD0_NTM0_NEPBS0_NLCA1_NLCB1_ONLL1_PGR1_PLR1_PKA0_SIA3_SS0_SPO0_SRVW0_SSO0_SVW8_SK0_SKFTR0_SKXCCM0_TLDS2_ULSGRO0_USL1_UIOFGRO0_USFGROn1_VSn1_VWA1_VWB1_WSGRA0_WSGRB0_WS32_WG16_2_1\",\"solution_name\":\"Cijk_Ailk_Bljk_HHS_BH_Bias_HA_S_SAV_UserArgs_MT16x16x32_MI16x16x1_SN_LDSB0_AFC1_AFEM1_AFEM1_ASEM1_CLR0_CADS0_DTLA0_DTLB0_DTVA0_DTVB0_EPS0_FDSI0_GRPM1_GRVWA1_GRVWB8_GSU1_GSUAMB_GSUC0_GSUWGMRR0_GLS0_ISA1201_IU1_K1_LDSTI0_LBSPPA128_LBSPPB128_LBSPPM0_LPA16_LPB16_LPM0_LRVW8_LWPMn1_MIAV1_MIWT1_1_MO40_NTn1_NTA0_NTB0_NTC0_NTD0_NTM0_NEPBS0_NLCA1_NLCB1_ONLL1_PGR1_PLR1_PKA0_SIA3_SS0_SU32_SUM0_SUS256_SPO0_SRVW0_SSO0_SVW8_SK0_SKFTR0_SKXCCM0_TLDS2_ULSGRO0_USL1_UIOFGRO0_USFGROn1_VSn1_VWA1_VWB1_WSGRA0_WSGRB0_WS32_WG16_2_1_WGM8_WGMXCC1_WGMXCCGn1\",\"workspace_bytes\":0},\"bias_type\":\"HIP_R_16F\",\"compute_type\":\"HIPBLAS_COMPUTE_32F\",\"d_type\":\"HIP_R_16F\",\"direction\":\"NN\",\"epilogue\":\"RELU_BIAS\",\"execution_handle_count\":2,\"fresh_repeat\":1,\"heuristic_count\":32,\"heuristic_status\":0,\"k\":64,\"launches\":[{\"launch\":1,\"matmul_status\":0,\"output_memory\":{\"payload_unchanged\":false,\"prefix_guard_intact\":true,\"suffix_guard_intact\":true},\"stream_index\":0,\"synchronize_status\":0},{\"launch\":2,\"matmul_status\":0,\"output_memory\":{\"payload_unchanged\":false,\"prefix_guard_intact\":true,\"suffix_guard_intact\":true},\"stream_index\":1,\"synchronize_status\":0},{\"launch\":3,\"matmul_status\":0,\"output_memory\":{\"payload_unchanged\":false,\"prefix_guard_intact\":true,\"suffix_guard_intact\":true},\"stream_index\":0,\"synchronize_status\":0},{\"launch\":4,\"matmul_status\":0,\"output_memory\":{\"payload_unchanged\":false,\"prefix_guard_intact\":true,\"suffix_guard_intact\":true},\"stream_index\":1,\"synchronize_status\":0},{\"launch\":5,\"matmul_status\":0,\"output_memory\":{\"payload_unchanged\":false,\"prefix_guard_intact\":true,\"suffix_guard_intact\":true},\"stream_index\":0,\"synchronize_status\":0},{\"launch\":6,\"matmul_status\":0,\"output_memory\":{\"payload_unchanged\":false,\"prefix_guard_intact\":true,\"suffix_guard_intact\":true},\"stream_index\":1,\"synchronize_status\":0}],\"m\":16,\"marker\":\"TCNN_RDNA4_P3B1B_FP16_FORWARD_001\",\"n\":16,\"numerics\":{\"inf_count\":0,\"max_abs\":0.0,\"max_rel_outside_1e-3\":0.0,\"nan_count\":0,\"normalized_l2\":0.0,\"relu_mask_mismatches\":0},\"probe_state\":\"EXECUTED\",\"process_status\":\"PASS\",\"selected_candidate\":0,\"steady_state\":{\"launches\":4,\"new_descriptors\":0,\"new_handles\":0,\"new_heuristic_queries\":0,\"workspace_growth_bytes\":0},\"stream_count\":2,\"target_coverage\":{\"bias_axis_rows\":16,\"bias_sign_flip_count\":68,\"exact_zero_count\":128,\"large_finite_bias\":true,\"near_zero_count\":130},\"workspace_memory\":{\"payload_unchanged\":true,\"prefix_guard_intact\":true,\"suffix_guard_intact\":true}}\n",
      "stderr": ""
    },
    {
      "command": [
        "/tmp/tcnn_p3b1b_epi_uqmydzeb/probe_phase3b1b",
        "16",
        "16",
        "64",
        "RELU_BIAS",
        "f16",
        "2"
      ],
      "returncode": 0,
      "stdout": "{\"algorithm\":{\"index\":85074,\"kernel_name\":\"Cijk_Ailk_Bljk_HHS_BH_Bias_HA_S_SAV_UserArgs_MT16x16x32_MI16x16x1_SN_LDSB0_AFC1_AFEM1_AFEM1_ASEM1_CLR0_CADS0_DTLA0_DTLB0_DTVA0_DTVB0_EPS0_FDSI0_GRPM1_GRVWA1_GRVWB8_GSUAMB_GLS0_ISA1201_IU1_K1_LDSTI0_LBSPPA128_LBSPPB128_LBSPPM0_LPA16_LPB16_LPM0_LRVW8_LWPMn1_MIAV1_MIWT1_1_MO40_NTn1_NTA0_NTB0_NTC0_NTD0_NTM0_NEPBS0_NLCA1_NLCB1_ONLL1_PGR1_PLR1_PKA0_SIA3_SS0_SPO0_SRVW0_SSO0_SVW8_SK0_SKFTR0_SKXCCM0_TLDS2_ULSGRO0_USL1_UIOFGRO0_USFGROn1_VSn1_VWA1_VWB1_WSGRA0_WSGRB0_WS32_WG16_2_1\",\"solution_name\":\"Cijk_Ailk_Bljk_HHS_BH_Bias_HA_S_SAV_UserArgs_MT16x16x32_MI16x16x1_SN_LDSB0_AFC1_AFEM1_AFEM1_ASEM1_CLR0_CADS0_DTLA0_DTLB0_DTVA0_DTVB0_EPS0_FDSI0_GRPM1_GRVWA1_GRVWB8_GSU1_GSUAMB_GSUC0_GSUWGMRR0_GLS0_ISA1201_IU1_K1_LDSTI0_LBSPPA128_LBSPPB128_LBSPPM0_LPA16_LPB16_LPM0_LRVW8_LWPMn1_MIAV1_MIWT1_1_MO40_NTn1_NTA0_NTB0_NTC0_NTD0_NTM0_NEPBS0_NLCA1_NLCB1_ONLL1_PGR1_PLR1_PKA0_SIA3_SS0_SU32_SUM0_SUS256_SPO0_SRVW0_SSO0_SVW8_SK0_SKFTR0_SKXCCM0_TLDS2_ULSGRO0_USL1_UIOFGRO0_USFGROn1_VSn1_VWA1_VWB1_WSGRA0_WSGRB0_WS32_WG16_2_1_WGM8_WGMXCC1_WGMXCCGn1\",\"workspace_bytes\":0},\"bias_type\":\"HIP_R_16F\",\"compute_type\":\"HIPBLAS_COMPUTE_32F\",\"d_type\":\"HIP_R_16F\",\"direction\":\"NN\",\"epilogue\":\"RELU_BIAS\",\"execution_handle_count\":2,\"fresh_repeat\":2,\"heuristic_count\":32,\"heuristic_status\":0,\"k\":64,\"launches\":[{\"launch\":1,\"matmul_status\":0,\"output_memory\":{\"payload_unchanged\":false,\"prefix_guard_intact\":true,\"suffix_guard_intact\":true},\"stream_index\":0,\"synchronize_status\":0},{\"launch\":2,\"matmul_status\":0,\"output_memory\":{\"payload_unchanged\":false,\"prefix_guard_intact\":true,\"suffix_guard_intact\":true},\"stream_index\":1,\"synchronize_status\":0},{\"launch\":3,\"matmul_status\":0,\"output_memory\":{\"payload_unchanged\":false,\"prefix_guard_intact\":true,\"suffix_guard_intact\":true},\"stream_index\":0,\"synchronize_status\":0},{\"launch\":4,\"matmul_status\":0,\"output_memory\":{\"payload_unchanged\":false,\"prefix_guard_intact\":true,\"suffix_guard_intact\":true},\"stream_index\":1,\"synchronize_status\":0},{\"launch\":5,\"matmul_status\":0,\"output_memory\":{\"payload_unchanged\":false,\"prefix_guard_intact\":true,\"suffix_guard_intact\":true},\"stream_index\":0,\"synchronize_status\":0},{\"launch\":6,\"matmul_status\":0,\"output_memory\":{\"payload_unchanged\":false,\"prefix_guard_intact\":true,\"suffix_guard_intact\":true},\"stream_index\":1,\"synchronize_status\":0}],\"m\":16,\"marker\":\"TCNN_RDNA4_P3B1B_FP16_FORWARD_001\",\"n\":16,\"numerics\":{\"inf_count\":0,\"max_abs\":0.0,\"max_rel_outside_1e-3\":0.0,\"nan_count\":0,\"normalized_l2\":0.0,\"relu_mask_mismatches\":0},\"probe_state\":\"EXECUTED\",\"process_status\":\"PASS\",\"selected_candidate\":0,\"steady_state\":{\"launches\":4,\"new_descriptors\":0,\"new_handles\":0,\"new_heuristic_queries\":0,\"workspace_growth_bytes\":0},\"stream_count\":2,\"target_coverage\":{\"bias_axis_rows\":16,\"bias_sign_flip_count\":68,\"exact_zero_count\":128,\"large_finite_bias\":true,\"near_zero_count\":130},\"workspace_memory\":{\"payload_unchanged\":true,\"prefix_guard_intact\":true,\"suffix_guard_intact\":true}}\n",
      "stderr": ""
    },
    {
      "command": [
        "/tmp/tcnn_p3b1b_epi_uqmydzeb/probe_phase3b1b",
        "16",
        "16",
        "64",
        "RELU_BIAS",
        "f32",
        "1"
      ],
      "returncode": 0,
      "stdout": "{\"algorithm\":{\"index\":86751,\"kernel_name\":\"Cijk_Ailk_Bljk_HSS_BH_Bias_HA_S_SAV_UserArgs_MT16x16x32_MI16x16x1_SN_LDSB0_AFC1_AFEM1_AFEM1_ASEM1_CLR0_CADS0_DTLA0_DTLB0_DTVA0_DTVB0_EPS0_FDSI0_GRPM1_GRVWA1_GRVWB8_GSUAMB_GLS0_ISA1201_IU1_K1_LDSTI0_LBSPPA128_LBSPPB128_LBSPPM0_LPA16_LPB16_LPM0_LRVW8_LWPMn1_MIAV1_MIWT1_1_MO40_NTn1_NTA0_NTB0_NTC0_NTD0_NTM0_NEPBS0_NLCA1_NLCB1_ONLL1_PGR1_PLR1_PKA0_SIA3_SS0_SPO0_SRVW0_SSO0_SVW8_SK0_SKFTR0_SKXCCM0_TLDS2_ULSGRO0_USL1_UIOFGRO0_USFGROn1_VSn1_VWA1_VWB1_WSGRA0_WSGRB0_WS32_WG16_2_1\",\"solution_name\":\"Cijk_Ailk_Bljk_HSS_BH_Bias_HA_S_SAV_UserArgs_MT16x16x32_MI16x16x1_SN_LDSB0_AFC1_AFEM1_AFEM1_ASEM1_CLR0_CADS0_DTLA0_DTLB0_DTVA0_DTVB0_EPS0_FDSI0_GRPM1_GRVWA1_GRVWB8_GSU1_GSUAMB_GSUC0_GSUWGMRR0_GLS0_ISA1201_IU1_K1_LDSTI0_LBSPPA128_LBSPPB128_LBSPPM0_LPA16_LPB16_LPM0_LRVW8_LWPMn1_MIAV1_MIWT1_1_MO40_NTn1_NTA0_NTB0_NTC0_NTD0_NTM0_NEPBS0_NLCA1_NLCB1_ONLL1_PGR1_PLR1_PKA0_SIA3_SS0_SU32_SUM0_SUS256_SPO0_SRVW0_SSO0_SVW8_SK0_SKFTR0_SKXCCM0_TLDS2_ULSGRO0_USL1_UIOFGRO0_USFGROn1_VSn1_VWA1_VWB1_WSGRA0_WSGRB0_WS32_WG16_2_1_WGM8_WGMXCC1_WGMXCCGn1\",\"workspace_bytes\":0},\"bias_type\":\"HIP_R_16F\",\"compute_type\":\"HIPBLAS_COMPUTE_32F\",\"d_type\":\"HIP_R_32F\",\"direction\":\"NN\",\"epilogue\":\"RELU_BIAS\",\"execution_handle_count\":2,\"fresh_repeat\":1,\"heuristic_count\":32,\"heuristic_status\":0,\"k\":64,\"launches\":[{\"launch\":1,\"matmul_status\":0,\"output_memory\":{\"payload_unchanged\":false,\"prefix_guard_intact\":true,\"suffix_guard_intact\":true},\"stream_index\":0,\"synchronize_status\":0},{\"launch\":2,\"matmul_status\":0,\"output_memory\":{\"payload_unchanged\":false,\"prefix_guard_intact\":true,\"suffix_guard_intact\":true},\"stream_index\":1,\"synchronize_status\":0},{\"launch\":3,\"matmul_status\":0,\"output_memory\":{\"payload_unchanged\":false,\"prefix_guard_intact\":true,\"suffix_guard_intact\":true},\"stream_index\":0,\"synchronize_status\":0},{\"launch\":4,\"matmul_status\":0,\"output_memory\":{\"payload_unchanged\":false,\"prefix_guard_intact\":true,\"suffix_guard_intact\":true},\"stream_index\":1,\"synchronize_status\":0},{\"launch\":5,\"matmul_status\":0,\"output_memory\":{\"payload_unchanged\":false,\"prefix_guard_intact\":true,\"suffix_guard_intact\":true},\"stream_index\":0,\"synchronize_status\":0},{\"launch\":6,\"matmul_status\":0,\"output_memory\":{\"payload_unchanged\":false,\"prefix_guard_intact\":true,\"suffix_guard_intact\":true},\"stream_index\":1,\"synchronize_status\":0}],\"m\":16,\"marker\":\"TCNN_RDNA4_P3B1B_FP16_FORWARD_001\",\"n\":16,\"numerics\":{\"inf_count\":0,\"max_abs\":0.0,\"max_rel_outside_1e-3\":0.0,\"nan_count\":0,\"normalized_l2\":0.0,\"relu_mask_mismatches\":0},\"probe_state\":\"EXECUTED\",\"process_status\":\"PASS\",\"selected_candidate\":0,\"steady_state\":{\"launches\":4,\"new_descriptors\":0,\"new_handles\":0,\"new_heuristic_queries\":0,\"workspace_growth_bytes\":0},\"stream_count\":2,\"target_coverage\":{\"bias_axis_rows\":16,\"bias_sign_flip_count\":68,\"exact_zero_count\":128,\"large_finite_bias\":true,\"near_zero_count\":130},\"workspace_memory\":{\"payload_unchanged\":true,\"prefix_guard_intact\":true,\"suffix_guard_intact\":true}}\n",
      "stderr": ""
    },
    {
      "command": [
        "/tmp/tcnn_p3b1b_epi_uqmydzeb/probe_phase3b1b",
        "16",
        "16",
        "64",
        "RELU_BIAS",
        "f32",
        "2"
      ],
      "returncode": 0,
      "stdout": "{\"algorithm\":{\"index\":86751,\"kernel_name\":\"Cijk_Ailk_Bljk_HSS_BH_Bias_HA_S_SAV_UserArgs_MT16x16x32_MI16x16x1_SN_LDSB0_AFC1_AFEM1_AFEM1_ASEM1_CLR0_CADS0_DTLA0_DTLB0_DTVA0_DTVB0_EPS0_FDSI0_GRPM1_GRVWA1_GRVWB8_GSUAMB_GLS0_ISA1201_IU1_K1_LDSTI0_LBSPPA128_LBSPPB128_LBSPPM0_LPA16_LPB16_LPM0_LRVW8_LWPMn1_MIAV1_MIWT1_1_MO40_NTn1_NTA0_NTB0_NTC0_NTD0_NTM0_NEPBS0_NLCA1_NLCB1_ONLL1_PGR1_PLR1_PKA0_SIA3_SS0_SPO0_SRVW0_SSO0_SVW8_SK0_SKFTR0_SKXCCM0_TLDS2_ULSGRO0_USL1_UIOFGRO0_USFGROn1_VSn1_VWA1_VWB1_WSGRA0_WSGRB0_WS32_WG16_2_1\",\"solution_name\":\"Cijk_Ailk_Bljk_HSS_BH_Bias_HA_S_SAV_UserArgs_MT16x16x32_MI16x16x1_SN_LDSB0_AFC1_AFEM1_AFEM1_ASEM1_CLR0_CADS0_DTLA0_DTLB0_DTVA0_DTVB0_EPS0_FDSI0_GRPM1_GRVWA1_GRVWB8_GSU1_GSUAMB_GSUC0_GSUWGMRR0_GLS0_ISA1201_IU1_K1_LDSTI0_LBSPPA128_LBSPPB128_LBSPPM0_LPA16_LPB16_LPM0_LRVW8_LWPMn1_MIAV1_MIWT1_1_MO40_NTn1_NTA0_NTB0_NTC0_NTD0_NTM0_NEPBS0_NLCA1_NLCB1_ONLL1_PGR1_PLR1_PKA0_SIA3_SS0_SU32_SUM0_SUS256_SPO0_SRVW0_SSO0_SVW8_SK0_SKFTR0_SKXCCM0_TLDS2_ULSGRO0_USL1_UIOFGRO0_USFGROn1_VSn1_VWA1_VWB1_WSGRA0_WSGRB0_WS32_WG16_2_1_WGM8_WGMXCC1_WGMXCCGn1\",\"workspace_bytes\":0},\"bias_type\":\"HIP_R_16F\",\"compute_type\":\"HIPBLAS_COMPUTE_32F\",\"d_type\":\"HIP_R_32F\",\"direction\":\"NN\",\"epilogue\":\"RELU_BIAS\",\"execution_handle_count\":2,\"fresh_repeat\":2,\"heuristic_count\":32,\"heuristic_status\":0,\"k\":64,\"launches\":[{\"launch\":1,\"matmul_status\":0,\"output_memory\":{\"payload_unchanged\":false,\"prefix_guard_intact\":true,\"suffix_guard_intact\":true},\"stream_index\":0,\"synchronize_status\":0},{\"launch\":2,\"matmul_status\":0,\"output_memory\":{\"payload_unchanged\":false,\"prefix_guard_intact\":true,\"suffix_guard_intact\":true},\"stream_index\":1,\"synchronize_status\":0},{\"launch\":3,\"matmul_status\":0,\"output_memory\":{\"payload_unchanged\":false,\"prefix_guard_intact\":true,\"suffix_guard_intact\":true},\"stream_index\":0,\"synchronize_status\":0},{\"launch\":4,\"matmul_status\":0,\"output_memory\":{\"payload_unchanged\":false,\"prefix_guard_intact\":true,\"suffix_guard_intact\":true},\"stream_index\":1,\"synchronize_status\":0},{\"launch\":5,\"matmul_status\":0,\"output_memory\":{\"payload_unchanged\":false,\"prefix_guard_intact\":true,\"suffix_guard_intact\":true},\"stream_index\":0,\"synchronize_status\":0},{\"launch\":6,\"matmul_status\":0,\"output_memory\":{\"payload_unchanged\":false,\"prefix_guard_intact\":true,\"suffix_guard_intact\":true},\"stream_index\":1,\"synchronize_status\":0}],\"m\":16,\"marker\":\"TCNN_RDNA4_P3B1B_FP16_FORWARD_001\",\"n\":16,\"numerics\":{\"inf_count\":0,\"max_abs\":0.0,\"max_rel_outside_1e-3\":0.0,\"nan_count\":0,\"normalized_l2\":0.0,\"relu_mask_mismatches\":0},\"probe_state\":\"EXECUTED\",\"process_status\":\"PASS\",\"selected_candidate\":0,\"steady_state\":{\"launches\":4,\"new_descriptors\":0,\"new_handles\":0,\"new_heuristic_queries\":0,\"workspace_growth_bytes\":0},\"stream_count\":2,\"target_coverage\":{\"bias_axis_rows\":16,\"bias_sign_flip_count\":68,\"exact_zero_count\":128,\"large_finite_bias\":true,\"near_zero_count\":130},\"workspace_memory\":{\"payload_unchanged\":true,\"prefix_guard_intact\":true,\"suffix_guard_intact\":true}}\n",
      "stderr": ""
    },
    {
      "command": [
        "/tmp/tcnn_p3b1b_epi_uqmydzeb/probe_phase3b1b",
        "16",
        "16",
        "128",
        "BIAS",
        "f16",
        "1"
      ],
      "returncode": 0,
      "stdout": "{\"algorithm\":{\"index\":85074,\"kernel_name\":\"Cijk_Ailk_Bljk_HHS_BH_Bias_HA_S_SAV_UserArgs_MT16x16x32_MI16x16x1_SN_LDSB0_AFC1_AFEM1_AFEM1_ASEM1_CLR0_CADS0_DTLA0_DTLB0_DTVA0_DTVB0_EPS0_FDSI0_GRPM1_GRVWA1_GRVWB8_GSUAMB_GLS0_ISA1201_IU1_K1_LDSTI0_LBSPPA128_LBSPPB128_LBSPPM0_LPA16_LPB16_LPM0_LRVW8_LWPMn1_MIAV1_MIWT1_1_MO40_NTn1_NTA0_NTB0_NTC0_NTD0_NTM0_NEPBS0_NLCA1_NLCB1_ONLL1_PGR1_PLR1_PKA0_SIA3_SS0_SPO0_SRVW0_SSO0_SVW8_SK0_SKFTR0_SKXCCM0_TLDS2_ULSGRO0_USL1_UIOFGRO0_USFGROn1_VSn1_VWA1_VWB1_WSGRA0_WSGRB0_WS32_WG16_2_1\",\"solution_name\":\"Cijk_Ailk_Bljk_HHS_BH_Bias_HA_S_SAV_UserArgs_MT16x16x32_MI16x16x1_SN_LDSB0_AFC1_AFEM1_AFEM1_ASEM1_CLR0_CADS0_DTLA0_DTLB0_DTVA0_DTVB0_EPS0_FDSI0_GRPM1_GRVWA1_GRVWB8_GSU1_GSUAMB_GSUC0_GSUWGMRR0_GLS0_ISA1201_IU1_K1_LDSTI0_LBSPPA128_LBSPPB128_LBSPPM0_LPA16_LPB16_LPM0_LRVW8_LWPMn1_MIAV1_MIWT1_1_MO40_NTn1_NTA0_NTB0_NTC0_NTD0_NTM0_NEPBS0_NLCA1_NLCB1_ONLL1_PGR1_PLR1_PKA0_SIA3_SS0_SU32_SUM0_SUS256_SPO0_SRVW0_SSO0_SVW8_SK0_SKFTR0_SKXCCM0_TLDS2_ULSGRO0_USL1_UIOFGRO0_USFGROn1_VSn1_VWA1_VWB1_WSGRA0_WSGRB0_WS32_WG16_2_1_WGM8_WGMXCC1_WGMXCCGn1\",\"workspace_bytes\":0},\"bias_type\":\"HIP_R_16F\",\"compute_type\":\"HIPBLAS_COMPUTE_32F\",\"d_type\":\"HIP_R_16F\",\"direction\":\"NN\",\"epilogue\":\"BIAS\",\"execution_handle_count\":2,\"fresh_repeat\":1,\"heuristic_count\":32,\"heuristic_status\":0,\"k\":128,\"launches\":[{\"launch\":1,\"matmul_status\":0,\"output_memory\":{\"payload_unchanged\":false,\"prefix_guard_intact\":true,\"suffix_guard_intact\":true},\"stream_index\":0,\"synchronize_status\":0},{\"launch\":2,\"matmul_status\":0,\"output_memory\":{\"payload_unchanged\":false,\"prefix_guard_intact\":true,\"suffix_guard_intact\":true},\"stream_index\":1,\"synchronize_status\":0},{\"launch\":3,\"matmul_status\":0,\"output_memory\":{\"payload_unchanged\":false,\"prefix_guard_intact\":true,\"suffix_guard_intact\":true},\"stream_index\":0,\"synchronize_status\":0},{\"launch\":4,\"matmul_status\":0,\"output_memory\":{\"payload_unchanged\":false,\"prefix_guard_intact\":true,\"suffix_guard_intact\":true},\"stream_index\":1,\"synchronize_status\":0},{\"launch\":5,\"matmul_status\":0,\"output_memory\":{\"payload_unchanged\":false,\"prefix_guard_intact\":true,\"suffix_guard_intact\":true},\"stream_index\":0,\"synchronize_status\":0},{\"launch\":6,\"matmul_status\":0,\"output_memory\":{\"payload_unchanged\":false,\"prefix_guard_intact\":true,\"suffix_guard_intact\":true},\"stream_index\":1,\"synchronize_status\":0}],\"m\":16,\"marker\":\"TCNN_RDNA4_P3B1B_FP16_FORWARD_001\",\"n\":16,\"numerics\":{\"inf_count\":0,\"max_abs\":0.0,\"max_rel_outside_1e-3\":0.0,\"nan_count\":0,\"normalized_l2\":0.0,\"relu_mask_mismatches\":0},\"probe_state\":\"EXECUTED\",\"process_status\":\"PASS\",\"selected_candidate\":0,\"steady_state\":{\"launches\":4,\"new_descriptors\":0,\"new_handles\":0,\"new_heuristic_queries\":0,\"workspace_growth_bytes\":0},\"stream_count\":2,\"target_coverage\":{\"bias_axis_rows\":16,\"bias_sign_flip_count\":75,\"exact_zero_count\":2,\"large_finite_bias\":true,\"near_zero_count\":6},\"workspace_memory\":{\"payload_unchanged\":true,\"prefix_guard_intact\":true,\"suffix_guard_intact\":true}}\n",
      "stderr": ""
    },
    {
      "command": [
        "/tmp/tcnn_p3b1b_epi_uqmydzeb/probe_phase3b1b",
        "16",
        "16",
        "128",
        "BIAS",
        "f16",
        "2"
      ],
      "returncode": 0,
      "stdout": "{\"algorithm\":{\"index\":85074,\"kernel_name\":\"Cijk_Ailk_Bljk_HHS_BH_Bias_HA_S_SAV_UserArgs_MT16x16x32_MI16x16x1_SN_LDSB0_AFC1_AFEM1_AFEM1_ASEM1_CLR0_CADS0_DTLA0_DTLB0_DTVA0_DTVB0_EPS0_FDSI0_GRPM1_GRVWA1_GRVWB8_GSUAMB_GLS0_ISA1201_IU1_K1_LDSTI0_LBSPPA128_LBSPPB128_LBSPPM0_LPA16_LPB16_LPM0_LRVW8_LWPMn1_MIAV1_MIWT1_1_MO40_NTn1_NTA0_NTB0_NTC0_NTD0_NTM0_NEPBS0_NLCA1_NLCB1_ONLL1_PGR1_PLR1_PKA0_SIA3_SS0_SPO0_SRVW0_SSO0_SVW8_SK0_SKFTR0_SKXCCM0_TLDS2_ULSGRO0_USL1_UIOFGRO0_USFGROn1_VSn1_VWA1_VWB1_WSGRA0_WSGRB0_WS32_WG16_2_1\",\"solution_name\":\"Cijk_Ailk_Bljk_HHS_BH_Bias_HA_S_SAV_UserArgs_MT16x16x32_MI16x16x1_SN_LDSB0_AFC1_AFEM1_AFEM1_ASEM1_CLR0_CADS0_DTLA0_DTLB0_DTVA0_DTVB0_EPS0_FDSI0_GRPM1_GRVWA1_GRVWB8_GSU1_GSUAMB_GSUC0_GSUWGMRR0_GLS0_ISA1201_IU1_K1_LDSTI0_LBSPPA128_LBSPPB128_LBSPPM0_LPA16_LPB16_LPM0_LRVW8_LWPMn1_MIAV1_MIWT1_1_MO40_NTn1_NTA0_NTB0_NTC0_NTD0_NTM0_NEPBS0_NLCA1_NLCB1_ONLL1_PGR1_PLR1_PKA0_SIA3_SS0_SU32_SUM0_SUS256_SPO0_SRVW0_SSO0_SVW8_SK0_SKFTR0_SKXCCM0_TLDS2_ULSGRO0_USL1_UIOFGRO0_USFGROn1_VSn1_VWA1_VWB1_WSGRA0_WSGRB0_WS32_WG16_2_1_WGM8_WGMXCC1_WGMXCCGn1\",\"workspace_bytes\":0},\"bias_type\":\"HIP_R_16F\",\"compute_type\":\"HIPBLAS_COMPUTE_32F\",\"d_type\":\"HIP_R_16F\",\"direction\":\"NN\",\"epilogue\":\"BIAS\",\"execution_handle_count\":2,\"fresh_repeat\":2,\"heuristic_count\":32,\"heuristic_status\":0,\"k\":128,\"launches\":[{\"launch\":1,\"matmul_status\":0,\"output_memory\":{\"payload_unchanged\":false,\"prefix_guard_intact\":true,\"suffix_guard_intact\":true},\"stream_index\":0,\"synchronize_status\":0},{\"launch\":2,\"matmul_status\":0,\"output_memory\":{\"payload_unchanged\":false,\"prefix_guard_intact\":true,\"suffix_guard_intact\":true},\"stream_index\":1,\"synchronize_status\":0},{\"launch\":3,\"matmul_status\":0,\"output_memory\":{\"payload_unchanged\":false,\"prefix_guard_intact\":true,\"suffix_guard_intact\":true},\"stream_index\":0,\"synchronize_status\":0},{\"launch\":4,\"matmul_status\":0,\"output_memory\":{\"payload_unchanged\":false,\"prefix_guard_intact\":true,\"suffix_guard_intact\":true},\"stream_index\":1,\"synchronize_status\":0},{\"launch\":5,\"matmul_status\":0,\"output_memory\":{\"payload_unchanged\":false,\"prefix_guard_intact\":true,\"suffix_guard_intact\":true},\"stream_index\":0,\"synchronize_status\":0},{\"launch\":6,\"matmul_status\":0,\"output_memory\":{\"payload_unchanged\":false,\"prefix_guard_intact\":true,\"suffix_guard_intact\":true},\"stream_index\":1,\"synchronize_status\":0}],\"m\":16,\"marker\":\"TCNN_RDNA4_P3B1B_FP16_FORWARD_001\",\"n\":16,\"numerics\":{\"inf_count\":0,\"max_abs\":0.0,\"max_rel_outside_1e-3\":0.0,\"nan_count\":0,\"normalized_l2\":0.0,\"relu_mask_mismatches\":0},\"probe_state\":\"EXECUTED\",\"process_status\":\"PASS\",\"selected_candidate\":0,\"steady_state\":{\"launches\":4,\"new_descriptors\":0,\"new_handles\":0,\"new_heuristic_queries\":0,\"workspace_growth_bytes\":0},\"stream_count\":2,\"target_coverage\":{\"bias_axis_rows\":16,\"bias_sign_flip_count\":75,\"exact_zero_count\":2,\"large_finite_bias\":true,\"near_zero_count\":6},\"workspace_memory\":{\"payload_unchanged\":true,\"prefix_guard_intact\":true,\"suffix_guard_intact\":true}}\n",
      "stderr": ""
    },
    {
      "command": [
        "/tmp/tcnn_p3b1b_epi_uqmydzeb/probe_phase3b1b",
        "16",
        "16",
        "128",
        "BIAS",
        "f32",
        "1"
      ],
      "returncode": 0,
      "stdout": "{\"algorithm\":{\"index\":86751,\"kernel_name\":\"Cijk_Ailk_Bljk_HSS_BH_Bias_HA_S_SAV_UserArgs_MT16x16x32_MI16x16x1_SN_LDSB0_AFC1_AFEM1_AFEM1_ASEM1_CLR0_CADS0_DTLA0_DTLB0_DTVA0_DTVB0_EPS0_FDSI0_GRPM1_GRVWA1_GRVWB8_GSUAMB_GLS0_ISA1201_IU1_K1_LDSTI0_LBSPPA128_LBSPPB128_LBSPPM0_LPA16_LPB16_LPM0_LRVW8_LWPMn1_MIAV1_MIWT1_1_MO40_NTn1_NTA0_NTB0_NTC0_NTD0_NTM0_NEPBS0_NLCA1_NLCB1_ONLL1_PGR1_PLR1_PKA0_SIA3_SS0_SPO0_SRVW0_SSO0_SVW8_SK0_SKFTR0_SKXCCM0_TLDS2_ULSGRO0_USL1_UIOFGRO0_USFGROn1_VSn1_VWA1_VWB1_WSGRA0_WSGRB0_WS32_WG16_2_1\",\"solution_name\":\"Cijk_Ailk_Bljk_HSS_BH_Bias_HA_S_SAV_UserArgs_MT16x16x32_MI16x16x1_SN_LDSB0_AFC1_AFEM1_AFEM1_ASEM1_CLR0_CADS0_DTLA0_DTLB0_DTVA0_DTVB0_EPS0_FDSI0_GRPM1_GRVWA1_GRVWB8_GSU1_GSUAMB_GSUC0_GSUWGMRR0_GLS0_ISA1201_IU1_K1_LDSTI0_LBSPPA128_LBSPPB128_LBSPPM0_LPA16_LPB16_LPM0_LRVW8_LWPMn1_MIAV1_MIWT1_1_MO40_NTn1_NTA0_NTB0_NTC0_NTD0_NTM0_NEPBS0_NLCA1_NLCB1_ONLL1_PGR1_PLR1_PKA0_SIA3_SS0_SU32_SUM0_SUS256_SPO0_SRVW0_SSO0_SVW8_SK0_SKFTR0_SKXCCM0_TLDS2_ULSGRO0_USL1_UIOFGRO0_USFGROn1_VSn1_VWA1_VWB1_WSGRA0_WSGRB0_WS32_WG16_2_1_WGM8_WGMXCC1_WGMXCCGn1\",\"workspace_bytes\":0},\"bias_type\":\"HIP_R_16F\",\"compute_type\":\"HIPBLAS_COMPUTE_32F\",\"d_type\":\"HIP_R_32F\",\"direction\":\"NN\",\"epilogue\":\"BIAS\",\"execution_handle_count\":2,\"fresh_repeat\":1,\"heuristic_count\":32,\"heuristic_status\":0,\"k\":128,\"launches\":[{\"launch\":1,\"matmul_status\":0,\"output_memory\":{\"payload_unchanged\":false,\"prefix_guard_intact\":true,\"suffix_guard_intact\":true},\"stream_index\":0,\"synchronize_status\":0},{\"launch\":2,\"matmul_status\":0,\"output_memory\":{\"payload_unchanged\":false,\"prefix_guard_intact\":true,\"suffix_guard_intact\":true},\"stream_index\":1,\"synchronize_status\":0},{\"launch\":3,\"matmul_status\":0,\"output_memory\":{\"payload_unchanged\":false,\"prefix_guard_intact\":true,\"suffix_guard_intact\":true},\"stream_index\":0,\"synchronize_status\":0},{\"launch\":4,\"matmul_status\":0,\"output_memory\":{\"payload_unchanged\":false,\"prefix_guard_intact\":true,\"suffix_guard_intact\":true},\"stream_index\":1,\"synchronize_status\":0},{\"launch\":5,\"matmul_status\":0,\"output_memory\":{\"payload_unchanged\":false,\"prefix_guard_intact\":true,\"suffix_guard_intact\":true},\"stream_index\":0,\"synchronize_status\":0},{\"launch\":6,\"matmul_status\":0,\"output_memory\":{\"payload_unchanged\":false,\"prefix_guard_intact\":true,\"suffix_guard_intact\":true},\"stream_index\":1,\"synchronize_status\":0}],\"m\":16,\"marker\":\"TCNN_RDNA4_P3B1B_FP16_FORWARD_001\",\"n\":16,\"numerics\":{\"inf_count\":0,\"max_abs\":0.0,\"max_rel_outside_1e-3\":0.0,\"nan_count\":0,\"normalized_l2\":0.0,\"relu_mask_mismatches\":0},\"probe_state\":\"EXECUTED\",\"process_status\":\"PASS\",\"selected_candidate\":0,\"steady_state\":{\"launches\":4,\"new_descriptors\":0,\"new_handles\":0,\"new_heuristic_queries\":0,\"workspace_growth_bytes\":0},\"stream_count\":2,\"target_coverage\":{\"bias_axis_rows\":16,\"bias_sign_flip_count\":75,\"exact_zero_count\":2,\"large_finite_bias\":true,\"near_zero_count\":6},\"workspace_memory\":{\"payload_unchanged\":true,\"prefix_guard_intact\":true,\"suffix_guard_intact\":true}}\n",
      "stderr": ""
    },
    {
      "command": [
        "/tmp/tcnn_p3b1b_epi_uqmydzeb/probe_phase3b1b",
        "16",
        "16",
        "128",
        "BIAS",
        "f32",
        "2"
      ],
      "returncode": 0,
      "stdout": "{\"algorithm\":{\"index\":86751,\"kernel_name\":\"Cijk_Ailk_Bljk_HSS_BH_Bias_HA_S_SAV_UserArgs_MT16x16x32_MI16x16x1_SN_LDSB0_AFC1_AFEM1_AFEM1_ASEM1_CLR0_CADS0_DTLA0_DTLB0_DTVA0_DTVB0_EPS0_FDSI0_GRPM1_GRVWA1_GRVWB8_GSUAMB_GLS0_ISA1201_IU1_K1_LDSTI0_LBSPPA128_LBSPPB128_LBSPPM0_LPA16_LPB16_LPM0_LRVW8_LWPMn1_MIAV1_MIWT1_1_MO40_NTn1_NTA0_NTB0_NTC0_NTD0_NTM0_NEPBS0_NLCA1_NLCB1_ONLL1_PGR1_PLR1_PKA0_SIA3_SS0_SPO0_SRVW0_SSO0_SVW8_SK0_SKFTR0_SKXCCM0_TLDS2_ULSGRO0_USL1_UIOFGRO0_USFGROn1_VSn1_VWA1_VWB1_WSGRA0_WSGRB0_WS32_WG16_2_1\",\"solution_name\":\"Cijk_Ailk_Bljk_HSS_BH_Bias_HA_S_SAV_UserArgs_MT16x16x32_MI16x16x1_SN_LDSB0_AFC1_AFEM1_AFEM1_ASEM1_CLR0_CADS0_DTLA0_DTLB0_DTVA0_DTVB0_EPS0_FDSI0_GRPM1_GRVWA1_GRVWB8_GSU1_GSUAMB_GSUC0_GSUWGMRR0_GLS0_ISA1201_IU1_K1_LDSTI0_LBSPPA128_LBSPPB128_LBSPPM0_LPA16_LPB16_LPM0_LRVW8_LWPMn1_MIAV1_MIWT1_1_MO40_NTn1_NTA0_NTB0_NTC0_NTD0_NTM0_NEPBS0_NLCA1_NLCB1_ONLL1_PGR1_PLR1_PKA0_SIA3_SS0_SU32_SUM0_SUS256_SPO0_SRVW0_SSO0_SVW8_SK0_SKFTR0_SKXCCM0_TLDS2_ULSGRO0_USL1_UIOFGRO0_USFGROn1_VSn1_VWA1_VWB1_WSGRA0_WSGRB0_WS32_WG16_2_1_WGM8_WGMXCC1_WGMXCCGn1\",\"workspace_bytes\":0},\"bias_type\":\"HIP_R_16F\",\"compute_type\":\"HIPBLAS_COMPUTE_32F\",\"d_type\":\"HIP_R_32F\",\"direction\":\"NN\",\"epilogue\":\"BIAS\",\"execution_handle_count\":2,\"fresh_repeat\":2,\"heuristic_count\":32,\"heuristic_status\":0,\"k\":128,\"launches\":[{\"launch\":1,\"matmul_status\":0,\"output_memory\":{\"payload_unchanged\":false,\"prefix_guard_intact\":true,\"suffix_guard_intact\":true},\"stream_index\":0,\"synchronize_status\":0},{\"launch\":2,\"matmul_status\":0,\"output_memory\":{\"payload_unchanged\":false,\"prefix_guard_intact\":true,\"suffix_guard_intact\":true},\"stream_index\":1,\"synchronize_status\":0},{\"launch\":3,\"matmul_status\":0,\"output_memory\":{\"payload_unchanged\":false,\"prefix_guard_intact\":true,\"suffix_guard_intact\":true},\"stream_index\":0,\"synchronize_status\":0},{\"launch\":4,\"matmul_status\":0,\"output_memory\":{\"payload_unchanged\":false,\"prefix_guard_intact\":true,\"suffix_guard_intact\":true},\"stream_index\":1,\"synchronize_status\":0},{\"launch\":5,\"matmul_status\":0,\"output_memory\":{\"payload_unchanged\":false,\"prefix_guard_intact\":true,\"suffix_guard_intact\":true},\"stream_index\":0,\"synchronize_status\":0},{\"launch\":6,\"matmul_status\":0,\"output_memory\":{\"payload_unchanged\":false,\"prefix_guard_intact\":true,\"suffix_guard_intact\":true},\"stream_index\":1,\"synchronize_status\":0}],\"m\":16,\"marker\":\"TCNN_RDNA4_P3B1B_FP16_FORWARD_001\",\"n\":16,\"numerics\":{\"inf_count\":0,\"max_abs\":0.0,\"max_rel_outside_1e-3\":0.0,\"nan_count\":0,\"normalized_l2\":0.0,\"relu_mask_mismatches\":0},\"probe_state\":\"EXECUTED\",\"process_status\":\"PASS\",\"selected_candidate\":0,\"steady_state\":{\"launches\":4,\"new_descriptors\":0,\"new_handles\":0,\"new_heuristic_queries\":0,\"workspace_growth_bytes\":0},\"stream_count\":2,\"target_coverage\":{\"bias_axis_rows\":16,\"bias_sign_flip_count\":75,\"exact_zero_count\":2,\"large_finite_bias\":true,\"near_zero_count\":6},\"workspace_memory\":{\"payload_unchanged\":true,\"prefix_guard_intact\":true,\"suffix_guard_intact\":true}}\n",
      "stderr": ""
    },
    {
      "command": [
        "/tmp/tcnn_p3b1b_epi_uqmydzeb/probe_phase3b1b",
        "16",
        "16",
        "128",
        "RELU_BIAS",
        "f16",
        "1"
      ],
      "returncode": 0,
      "stdout": "{\"algorithm\":{\"index\":85074,\"kernel_name\":\"Cijk_Ailk_Bljk_HHS_BH_Bias_HA_S_SAV_UserArgs_MT16x16x32_MI16x16x1_SN_LDSB0_AFC1_AFEM1_AFEM1_ASEM1_CLR0_CADS0_DTLA0_DTLB0_DTVA0_DTVB0_EPS0_FDSI0_GRPM1_GRVWA1_GRVWB8_GSUAMB_GLS0_ISA1201_IU1_K1_LDSTI0_LBSPPA128_LBSPPB128_LBSPPM0_LPA16_LPB16_LPM0_LRVW8_LWPMn1_MIAV1_MIWT1_1_MO40_NTn1_NTA0_NTB0_NTC0_NTD0_NTM0_NEPBS0_NLCA1_NLCB1_ONLL1_PGR1_PLR1_PKA0_SIA3_SS0_SPO0_SRVW0_SSO0_SVW8_SK0_SKFTR0_SKXCCM0_TLDS2_ULSGRO0_USL1_UIOFGRO0_USFGROn1_VSn1_VWA1_VWB1_WSGRA0_WSGRB0_WS32_WG16_2_1\",\"solution_name\":\"Cijk_Ailk_Bljk_HHS_BH_Bias_HA_S_SAV_UserArgs_MT16x16x32_MI16x16x1_SN_LDSB0_AFC1_AFEM1_AFEM1_ASEM1_CLR0_CADS0_DTLA0_DTLB0_DTVA0_DTVB0_EPS0_FDSI0_GRPM1_GRVWA1_GRVWB8_GSU1_GSUAMB_GSUC0_GSUWGMRR0_GLS0_ISA1201_IU1_K1_LDSTI0_LBSPPA128_LBSPPB128_LBSPPM0_LPA16_LPB16_LPM0_LRVW8_LWPMn1_MIAV1_MIWT1_1_MO40_NTn1_NTA0_NTB0_NTC0_NTD0_NTM0_NEPBS0_NLCA1_NLCB1_ONLL1_PGR1_PLR1_PKA0_SIA3_SS0_SU32_SUM0_SUS256_SPO0_SRVW0_SSO0_SVW8_SK0_SKFTR0_SKXCCM0_TLDS2_ULSGRO0_USL1_UIOFGRO0_USFGROn1_VSn1_VWA1_VWB1_WSGRA0_WSGRB0_WS32_WG16_2_1_WGM8_WGMXCC1_WGMXCCGn1\",\"workspace_bytes\":0},\"bias_type\":\"HIP_R_16F\",\"compute_type\":\"HIPBLAS_COMPUTE_32F\",\"d_type\":\"HIP_R_16F\",\"direction\":\"NN\",\"epilogue\":\"RELU_BIAS\",\"execution_handle_count\":2,\"fresh_repeat\":1,\"heuristic_count\":32,\"heuristic_status\":0,\"k\":128,\"launches\":[{\"launch\":1,\"matmul_status\":0,\"output_memory\":{\"payload_unchanged\":false,\"prefix_guard_intact\":true,\"suffix_guard_intact\":true},\"stream_index\":0,\"synchronize_status\":0},{\"launch\":2,\"matmul_status\":0,\"output_memory\":{\"payload_unchanged\":false,\"prefix_guard_intact\":true,\"suffix_guard_intact\":true},\"stream_index\":1,\"synchronize_status\":0},{\"launch\":3,\"matmul_status\":0,\"output_memory\":{\"payload_unchanged\":false,\"prefix_guard_intact\":true,\"suffix_guard_intact\":true},\"stream_index\":0,\"synchronize_status\":0},{\"launch\":4,\"matmul_status\":0,\"output_memory\":{\"payload_unchanged\":false,\"prefix_guard_intact\":true,\"suffix_guard_intact\":true},\"stream_index\":1,\"synchronize_status\":0},{\"launch\":5,\"matmul_status\":0,\"output_memory\":{\"payload_unchanged\":false,\"prefix_guard_intact\":true,\"suffix_guard_intact\":true},\"stream_index\":0,\"synchronize_status\":0},{\"launch\":6,\"matmul_status\":0,\"output_memory\":{\"payload_unchanged\":false,\"prefix_guard_intact\":true,\"suffix_guard_intact\":true},\"stream_index\":1,\"synchronize_status\":0}],\"m\":16,\"marker\":\"TCNN_RDNA4_P3B1B_FP16_FORWARD_001\",\"n\":16,\"numerics\":{\"inf_count\":0,\"max_abs\":0.0,\"max_rel_outside_1e-3\":0.0,\"nan_count\":0,\"normalized_l2\":0.0,\"relu_mask_mismatches\":0},\"probe_state\":\"EXECUTED\",\"process_status\":\"PASS\",\"selected_candidate\":0,\"steady_state\":{\"launches\":4,\"new_descriptors\":0,\"new_handles\":0,\"new_heuristic_queries\":0,\"workspace_growth_bytes\":0},\"stream_count\":2,\"target_coverage\":{\"bias_axis_rows\":16,\"bias_sign_flip_count\":75,\"exact_zero_count\":129,\"large_finite_bias\":true,\"near_zero_count\":131},\"workspace_memory\":{\"payload_unchanged\":true,\"prefix_guard_intact\":true,\"suffix_guard_intact\":true}}\n",
      "stderr": ""
    },
    {
      "command": [
        "/tmp/tcnn_p3b1b_epi_uqmydzeb/probe_phase3b1b",
        "16",
        "16",
        "128",
        "RELU_BIAS",
        "f16",
        "2"
      ],
      "returncode": 0,
      "stdout": "{\"algorithm\":{\"index\":85074,\"kernel_name\":\"Cijk_Ailk_Bljk_HHS_BH_Bias_HA_S_SAV_UserArgs_MT16x16x32_MI16x16x1_SN_LDSB0_AFC1_AFEM1_AFEM1_ASEM1_CLR0_CADS0_DTLA0_DTLB0_DTVA0_DTVB0_EPS0_FDSI0_GRPM1_GRVWA1_GRVWB8_GSUAMB_GLS0_ISA1201_IU1_K1_LDSTI0_LBSPPA128_LBSPPB128_LBSPPM0_LPA16_LPB16_LPM0_LRVW8_LWPMn1_MIAV1_MIWT1_1_MO40_NTn1_NTA0_NTB0_NTC0_NTD0_NTM0_NEPBS0_NLCA1_NLCB1_ONLL1_PGR1_PLR1_PKA0_SIA3_SS0_SPO0_SRVW0_SSO0_SVW8_SK0_SKFTR0_SKXCCM0_TLDS2_ULSGRO0_USL1_UIOFGRO0_USFGROn1_VSn1_VWA1_VWB1_WSGRA0_WSGRB0_WS32_WG16_2_1\",\"solution_name\":\"Cijk_Ailk_Bljk_HHS_BH_Bias_HA_S_SAV_UserArgs_MT16x16x32_MI16x16x1_SN_LDSB0_AFC1_AFEM1_AFEM1_ASEM1_CLR0_CADS0_DTLA0_DTLB0_DTVA0_DTVB0_EPS0_FDSI0_GRPM1_GRVWA1_GRVWB8_GSU1_GSUAMB_GSUC0_GSUWGMRR0_GLS0_ISA1201_IU1_K1_LDSTI0_LBSPPA128_LBSPPB128_LBSPPM0_LPA16_LPB16_LPM0_LRVW8_LWPMn1_MIAV1_MIWT1_1_MO40_NTn1_NTA0_NTB0_NTC0_NTD0_NTM0_NEPBS0_NLCA1_NLCB1_ONLL1_PGR1_PLR1_PKA0_SIA3_SS0_SU32_SUM0_SUS256_SPO0_SRVW0_SSO0_SVW8_SK0_SKFTR0_SKXCCM0_TLDS2_ULSGRO0_USL1_UIOFGRO0_USFGROn1_VSn1_VWA1_VWB1_WSGRA0_WSGRB0_WS32_WG16_2_1_WGM8_WGMXCC1_WGMXCCGn1\",\"workspace_bytes\":0},\"bias_type\":\"HIP_R_16F\",\"compute_type\":\"HIPBLAS_COMPUTE_32F\",\"d_type\":\"HIP_R_16F\",\"direction\":\"NN\",\"epilogue\":\"RELU_BIAS\",\"execution_handle_count\":2,\"fresh_repeat\":2,\"heuristic_count\":32,\"heuristic_status\":0,\"k\":128,\"launches\":[{\"launch\":1,\"matmul_status\":0,\"output_memory\":{\"payload_unchanged\":false,\"prefix_guard_intact\":true,\"suffix_guard_intact\":true},\"stream_index\":0,\"synchronize_status\":0},{\"launch\":2,\"matmul_status\":0,\"output_memory\":{\"payload_unchanged\":false,\"prefix_guard_intact\":true,\"suffix_guard_intact\":true},\"stream_index\":1,\"synchronize_status\":0},{\"launch\":3,\"matmul_status\":0,\"output_memory\":{\"payload_unchanged\":false,\"prefix_guard_intact\":true,\"suffix_guard_intact\":true},\"stream_index\":0,\"synchronize_status\":0},{\"launch\":4,\"matmul_status\":0,\"output_memory\":{\"payload_unchanged\":false,\"prefix_guard_intact\":true,\"suffix_guard_intact\":true},\"stream_index\":1,\"synchronize_status\":0},{\"launch\":5,\"matmul_status\":0,\"output_memory\":{\"payload_unchanged\":false,\"prefix_guard_intact\":true,\"suffix_guard_intact\":true},\"stream_index\":0,\"synchronize_status\":0},{\"launch\":6,\"matmul_status\":0,\"output_memory\":{\"payload_unchanged\":false,\"prefix_guard_intact\":true,\"suffix_guard_intact\":true},\"stream_index\":1,\"synchronize_status\":0}],\"m\":16,\"marker\":\"TCNN_RDNA4_P3B1B_FP16_FORWARD_001\",\"n\":16,\"numerics\":{\"inf_count\":0,\"max_abs\":0.0,\"max_rel_outside_1e-3\":0.0,\"nan_count\":0,\"normalized_l2\":0.0,\"relu_mask_mismatches\":0},\"probe_state\":\"EXECUTED\",\"process_status\":\"PASS\",\"selected_candidate\":0,\"steady_state\":{\"launches\":4,\"new_descriptors\":0,\"new_handles\":0,\"new_heuristic_queries\":0,\"workspace_growth_bytes\":0},\"stream_count\":2,\"target_coverage\":{\"bias_axis_rows\":16,\"bias_sign_flip_count\":75,\"exact_zero_count\":129,\"large_finite_bias\":true,\"near_zero_count\":131},\"workspace_memory\":{\"payload_unchanged\":true,\"prefix_guard_intact\":true,\"suffix_guard_intact\":true}}\n",
      "stderr": ""
    },
    {
      "command": [
        "/tmp/tcnn_p3b1b_epi_uqmydzeb/probe_phase3b1b",
        "16",
        "16",
        "128",
        "RELU_BIAS",
        "f32",
        "1"
      ],
      "returncode": 0,
      "stdout": "{\"algorithm\":{\"index\":86751,\"kernel_name\":\"Cijk_Ailk_Bljk_HSS_BH_Bias_HA_S_SAV_UserArgs_MT16x16x32_MI16x16x1_SN_LDSB0_AFC1_AFEM1_AFEM1_ASEM1_CLR0_CADS0_DTLA0_DTLB0_DTVA0_DTVB0_EPS0_FDSI0_GRPM1_GRVWA1_GRVWB8_GSUAMB_GLS0_ISA1201_IU1_K1_LDSTI0_LBSPPA128_LBSPPB128_LBSPPM0_LPA16_LPB16_LPM0_LRVW8_LWPMn1_MIAV1_MIWT1_1_MO40_NTn1_NTA0_NTB0_NTC0_NTD0_NTM0_NEPBS0_NLCA1_NLCB1_ONLL1_PGR1_PLR1_PKA0_SIA3_SS0_SPO0_SRVW0_SSO0_SVW8_SK0_SKFTR0_SKXCCM0_TLDS2_ULSGRO0_USL1_UIOFGRO0_USFGROn1_VSn1_VWA1_VWB1_WSGRA0_WSGRB0_WS32_WG16_2_1\",\"solution_name\":\"Cijk_Ailk_Bljk_HSS_BH_Bias_HA_S_SAV_UserArgs_MT16x16x32_MI16x16x1_SN_LDSB0_AFC1_AFEM1_AFEM1_ASEM1_CLR0_CADS0_DTLA0_DTLB0_DTVA0_DTVB0_EPS0_FDSI0_GRPM1_GRVWA1_GRVWB8_GSU1_GSUAMB_GSUC0_GSUWGMRR0_GLS0_ISA1201_IU1_K1_LDSTI0_LBSPPA128_LBSPPB128_LBSPPM0_LPA16_LPB16_LPM0_LRVW8_LWPMn1_MIAV1_MIWT1_1_MO40_NTn1_NTA0_NTB0_NTC0_NTD0_NTM0_NEPBS0_NLCA1_NLCB1_ONLL1_PGR1_PLR1_PKA0_SIA3_SS0_SU32_SUM0_SUS256_SPO0_SRVW0_SSO0_SVW8_SK0_SKFTR0_SKXCCM0_TLDS2_ULSGRO0_USL1_UIOFGRO0_USFGROn1_VSn1_VWA1_VWB1_WSGRA0_WSGRB0_WS32_WG16_2_1_WGM8_WGMXCC1_WGMXCCGn1\",\"workspace_bytes\":0},\"bias_type\":\"HIP_R_16F\",\"compute_type\":\"HIPBLAS_COMPUTE_32F\",\"d_type\":\"HIP_R_32F\",\"direction\":\"NN\",\"epilogue\":\"RELU_BIAS\",\"execution_handle_count\":2,\"fresh_repeat\":1,\"heuristic_count\":32,\"heuristic_status\":0,\"k\":128,\"launches\":[{\"launch\":1,\"matmul_status\":0,\"output_memory\":{\"payload_unchanged\":false,\"prefix_guard_intact\":true,\"suffix_guard_intact\":true},\"stream_index\":0,\"synchronize_status\":0},{\"launch\":2,\"matmul_status\":0,\"output_memory\":{\"payload_unchanged\":false,\"prefix_guard_intact\":true,\"suffix_guard_intact\":true},\"stream_index\":1,\"synchronize_status\":0},{\"launch\":3,\"matmul_status\":0,\"output_memory\":{\"payload_unchanged\":false,\"prefix_guard_intact\":true,\"suffix_guard_intact\":true},\"stream_index\":0,\"synchronize_status\":0},{\"launch\":4,\"matmul_status\":0,\"output_memory\":{\"payload_unchanged\":false,\"prefix_guard_intact\":true,\"suffix_guard_intact\":true},\"stream_index\":1,\"synchronize_status\":0},{\"launch\":5,\"matmul_status\":0,\"output_memory\":{\"payload_unchanged\":false,\"prefix_guard_intact\":true,\"suffix_guard_intact\":true},\"stream_index\":0,\"synchronize_status\":0},{\"launch\":6,\"matmul_status\":0,\"output_memory\":{\"payload_unchanged\":false,\"prefix_guard_intact\":true,\"suffix_guard_intact\":true},\"stream_index\":1,\"synchronize_status\":0}],\"m\":16,\"marker\":\"TCNN_RDNA4_P3B1B_FP16_FORWARD_001\",\"n\":16,\"numerics\":{\"inf_count\":0,\"max_abs\":0.0,\"max_rel_outside_1e-3\":0.0,\"nan_count\":0,\"normalized_l2\":0.0,\"relu_mask_mismatches\":0},\"probe_state\":\"EXECUTED\",\"process_status\":\"PASS\",\"selected_candidate\":0,\"steady_state\":{\"launches\":4,\"new_descriptors\":0,\"new_handles\":0,\"new_heuristic_queries\":0,\"workspace_growth_bytes\":0},\"stream_count\":2,\"target_coverage\":{\"bias_axis_rows\":16,\"bias_sign_flip_count\":75,\"exact_zero_count\":129,\"large_finite_bias\":true,\"near_zero_count\":131},\"workspace_memory\":{\"payload_unchanged\":true,\"prefix_guard_intact\":true,\"suffix_guard_intact\":true}}\n",
      "stderr": ""
    },
    {
      "command": [
        "/tmp/tcnn_p3b1b_epi_uqmydzeb/probe_phase3b1b",
        "16",
        "16",
        "128",
        "RELU_BIAS",
        "f32",
        "2"
      ],
      "returncode": 0,
      "stdout": "{\"algorithm\":{\"index\":86751,\"kernel_name\":\"Cijk_Ailk_Bljk_HSS_BH_Bias_HA_S_SAV_UserArgs_MT16x16x32_MI16x16x1_SN_LDSB0_AFC1_AFEM1_AFEM1_ASEM1_CLR0_CADS0_DTLA0_DTLB0_DTVA0_DTVB0_EPS0_FDSI0_GRPM1_GRVWA1_GRVWB8_GSUAMB_GLS0_ISA1201_IU1_K1_LDSTI0_LBSPPA128_LBSPPB128_LBSPPM0_LPA16_LPB16_LPM0_LRVW8_LWPMn1_MIAV1_MIWT1_1_MO40_NTn1_NTA0_NTB0_NTC0_NTD0_NTM0_NEPBS0_NLCA1_NLCB1_ONLL1_PGR1_PLR1_PKA0_SIA3_SS0_SPO0_SRVW0_SSO0_SVW8_SK0_SKFTR0_SKXCCM0_TLDS2_ULSGRO0_USL1_UIOFGRO0_USFGROn1_VSn1_VWA1_VWB1_WSGRA0_WSGRB0_WS32_WG16_2_1\",\"solution_name\":\"Cijk_Ailk_Bljk_HSS_BH_Bias_HA_S_SAV_UserArgs_MT16x16x32_MI16x16x1_SN_LDSB0_AFC1_AFEM1_AFEM1_ASEM1_CLR0_CADS0_DTLA0_DTLB0_DTVA0_DTVB0_EPS0_FDSI0_GRPM1_GRVWA1_GRVWB8_GSU1_GSUAMB_GSUC0_GSUWGMRR0_GLS0_ISA1201_IU1_K1_LDSTI0_LBSPPA128_LBSPPB128_LBSPPM0_LPA16_LPB16_LPM0_LRVW8_LWPMn1_MIAV1_MIWT1_1_MO40_NTn1_NTA0_NTB0_NTC0_NTD0_NTM0_NEPBS0_NLCA1_NLCB1_ONLL1_PGR1_PLR1_PKA0_SIA3_SS0_SU32_SUM0_SUS256_SPO0_SRVW0_SSO0_SVW8_SK0_SKFTR0_SKXCCM0_TLDS2_ULSGRO0_USL1_UIOFGRO0_USFGROn1_VSn1_VWA1_VWB1_WSGRA0_WSGRB0_WS32_WG16_2_1_WGM8_WGMXCC1_WGMXCCGn1\",\"workspace_bytes\":0},\"bias_type\":\"HIP_R_16F\",\"compute_type\":\"HIPBLAS_COMPUTE_32F\",\"d_type\":\"HIP_R_32F\",\"direction\":\"NN\",\"epilogue\":\"RELU_BIAS\",\"execution_handle_count\":2,\"fresh_repeat\":2,\"heuristic_count\":32,\"heuristic_status\":0,\"k\":128,\"launches\":[{\"launch\":1,\"matmul_status\":0,\"output_memory\":{\"payload_unchanged\":false,\"prefix_guard_intact\":true,\"suffix_guard_intact\":true},\"stream_index\":0,\"synchronize_status\":0},{\"launch\":2,\"matmul_status\":0,\"output_memory\":{\"payload_unchanged\":false,\"prefix_guard_intact\":true,\"suffix_guard_intact\":true},\"stream_index\":1,\"synchronize_status\":0},{\"launch\":3,\"matmul_status\":0,\"output_memory\":{\"payload_unchanged\":false,\"prefix_guard_intact\":true,\"suffix_guard_intact\":true},\"stream_index\":0,\"synchronize_status\":0},{\"launch\":4,\"matmul_status\":0,\"output_memory\":{\"payload_unchanged\":false,\"prefix_guard_intact\":true,\"suffix_guard_intact\":true},\"stream_index\":1,\"synchronize_status\":0},{\"launch\":5,\"matmul_status\":0,\"output_memory\":{\"payload_unchanged\":false,\"prefix_guard_intact\":true,\"suffix_guard_intact\":true},\"stream_index\":0,\"synchronize_status\":0},{\"launch\":6,\"matmul_status\":0,\"output_memory\":{\"payload_unchanged\":false,\"prefix_guard_intact\":true,\"suffix_guard_intact\":true},\"stream_index\":1,\"synchronize_status\":0}],\"m\":16,\"marker\":\"TCNN_RDNA4_P3B1B_FP16_FORWARD_001\",\"n\":16,\"numerics\":{\"inf_count\":0,\"max_abs\":0.0,\"max_rel_outside_1e-3\":0.0,\"nan_count\":0,\"normalized_l2\":0.0,\"relu_mask_mismatches\":0},\"probe_state\":\"EXECUTED\",\"process_status\":\"PASS\",\"selected_candidate\":0,\"steady_state\":{\"launches\":4,\"new_descriptors\":0,\"new_handles\":0,\"new_heuristic_queries\":0,\"workspace_growth_bytes\":0},\"stream_count\":2,\"target_coverage\":{\"bias_axis_rows\":16,\"bias_sign_flip_count\":75,\"exact_zero_count\":129,\"large_finite_bias\":true,\"near_zero_count\":131},\"workspace_memory\":{\"payload_unchanged\":true,\"prefix_guard_intact\":true,\"suffix_guard_intact\":true}}\n",
      "stderr": ""
    },
    {
      "command": [
        "/tmp/tcnn_p3b1b_epi_uqmydzeb/probe_phase3b1b",
        "32",
        "16",
        "16",
        "BIAS",
        "f16",
        "1"
      ],
      "returncode": 0,
      "stdout": "{\"algorithm\":{\"index\":84828,\"kernel_name\":\"Cijk_Ailk_Bljk_HHS_BH_Bias_HA_S_SAV_UserArgs_MT16x16x32_MI16x16x1_SN_LDSB0_AFC1_AFEM1_AFEM1_ASEM1_CLR1_CADS0_DTLA0_DTLB0_DTVA0_DTVB0_EPS0_FDSI0_GRPM1_GRVWA8_GRVWB8_GSUAMB_GLS0_ISA1201_IU1_K1_LDSTI0_LBSPPA256_LBSPPB128_LBSPPM0_LPA16_LPB16_LPM0_LRVW8_LWPMn1_MIAV1_MIWT1_1_MO40_NTn1_NTA0_NTB0_NTC0_NTD0_NTM0_NEPBS0_NLCA1_NLCB1_ONLL1_PGR1_PLR1_PKA0_SIA1_SS1_SPO0_SRVW0_SSO0_SVW1_SK0_SKFTR0_SKXCCM0_TLDS1_ULSGRO0_USL1_UIOFGRO0_USFGROn1_VSn1_VWA1_VWB1_WSGRA0_WSGRB0_WS32_WG16_2_1\",\"solution_name\":\"Cijk_Ailk_Bljk_HHS_BH_Bias_HA_S_SAV_UserArgs_MT16x16x32_MI16x16x1_SN_LDSB0_AFC1_AFEM1_AFEM1_ASEM1_CLR1_CADS0_DTLA0_DTLB0_DTVA0_DTVB0_EPS0_FDSI0_GRPM1_GRVWA8_GRVWB8_GSU1_GSUAMB_GSUC0_GSUWGMRR0_GLS0_ISA1201_IU1_K1_LDSTI0_LBSPPA256_LBSPPB128_LBSPPM0_LPA16_LPB16_LPM0_LRVW8_LWPMn1_MIAV1_MIWT1_1_MO40_NTn1_NTA0_NTB0_NTC0_NTD0_NTM0_NEPBS0_NLCA1_NLCB1_ONLL1_PGR1_PLR1_PKA0_SIA1_SS1_SU32_SUM0_SUS256_SPO0_SRVW0_SSO0_SVW1_SK0_SKFTR0_SKXCCM0_TLDS1_ULSGRO0_USL1_UIOFGRO0_USFGROn1_VSn1_VWA1_VWB1_WSGRA0_WSGRB0_WS32_WG16_2_1_WGM8_WGMXCC1_WGMXCCGn1\",\"workspace_bytes\":0},\"bias_type\":\"HIP_R_16F\",\"compute_type\":\"HIPBLAS_COMPUTE_32F\",\"d_type\":\"HIP_R_16F\",\"direction\":\"NN\",\"epilogue\":\"BIAS\",\"execution_handle_count\":2,\"fresh_repeat\":1,\"heuristic_count\":32,\"heuristic_status\":0,\"k\":16,\"launches\":[{\"launch\":1,\"matmul_status\":0,\"output_memory\":{\"payload_unchanged\":false,\"prefix_guard_intact\":true,\"suffix_guard_intact\":true},\"stream_index\":0,\"synchronize_status\":0},{\"launch\":2,\"matmul_status\":0,\"output_memory\":{\"payload_unchanged\":false,\"prefix_guard_intact\":true,\"suffix_guard_intact\":true},\"stream_index\":1,\"synchronize_status\":0},{\"launch\":3,\"matmul_status\":0,\"output_memory\":{\"payload_unchanged\":false,\"prefix_guard_intact\":true,\"suffix_guard_intact\":true},\"stream_index\":0,\"synchronize_status\":0},{\"launch\":4,\"matmul_status\":0,\"output_memory\":{\"payload_unchanged\":false,\"prefix_guard_intact\":true,\"suffix_guard_intact\":true},\"stream_index\":1,\"synchronize_status\":0},{\"launch\":5,\"matmul_status\":0,\"output_memory\":{\"payload_unchanged\":false,\"prefix_guard_intact\":true,\"suffix_guard_intact\":true},\"stream_index\":0,\"synchronize_status\":0},{\"launch\":6,\"matmul_status\":0,\"output_memory\":{\"payload_unchanged\":false,\"prefix_guard_intact\":true,\"suffix_guard_intact\":true},\"stream_index\":1,\"synchronize_status\":0}],\"m\":32,\"marker\":\"TCNN_RDNA4_P3B1B_FP16_FORWARD_001\",\"n\":16,\"numerics\":{\"inf_count\":0,\"max_abs\":0.0,\"max_rel_outside_1e-3\":0.0,\"nan_count\":0,\"normalized_l2\":0.0,\"relu_mask_mismatches\":0},\"probe_state\":\"EXECUTED\",\"process_status\":\"PASS\",\"selected_candidate\":0,\"steady_state\":{\"launches\":4,\"new_descriptors\":0,\"new_handles\":0,\"new_heuristic_queries\":0,\"workspace_growth_bytes\":0},\"stream_count\":2,\"target_coverage\":{\"bias_axis_rows\":32,\"bias_sign_flip_count\":203,\"exact_zero_count\":3,\"large_finite_bias\":true,\"near_zero_count\":12},\"workspace_memory\":{\"payload_unchanged\":true,\"prefix_guard_intact\":true,\"suffix_guard_intact\":true}}\n",
      "stderr": ""
    },
    {
      "command": [
        "/tmp/tcnn_p3b1b_epi_uqmydzeb/probe_phase3b1b",
        "32",
        "16",
        "16",
        "BIAS",
        "f16",
        "2"
      ],
      "returncode": 0,
      "stdout": "{\"algorithm\":{\"index\":84828,\"kernel_name\":\"Cijk_Ailk_Bljk_HHS_BH_Bias_HA_S_SAV_UserArgs_MT16x16x32_MI16x16x1_SN_LDSB0_AFC1_AFEM1_AFEM1_ASEM1_CLR1_CADS0_DTLA0_DTLB0_DTVA0_DTVB0_EPS0_FDSI0_GRPM1_GRVWA8_GRVWB8_GSUAMB_GLS0_ISA1201_IU1_K1_LDSTI0_LBSPPA256_LBSPPB128_LBSPPM0_LPA16_LPB16_LPM0_LRVW8_LWPMn1_MIAV1_MIWT1_1_MO40_NTn1_NTA0_NTB0_NTC0_NTD0_NTM0_NEPBS0_NLCA1_NLCB1_ONLL1_PGR1_PLR1_PKA0_SIA1_SS1_SPO0_SRVW0_SSO0_SVW1_SK0_SKFTR0_SKXCCM0_TLDS1_ULSGRO0_USL1_UIOFGRO0_USFGROn1_VSn1_VWA1_VWB1_WSGRA0_WSGRB0_WS32_WG16_2_1\",\"solution_name\":\"Cijk_Ailk_Bljk_HHS_BH_Bias_HA_S_SAV_UserArgs_MT16x16x32_MI16x16x1_SN_LDSB0_AFC1_AFEM1_AFEM1_ASEM1_CLR1_CADS0_DTLA0_DTLB0_DTVA0_DTVB0_EPS0_FDSI0_GRPM1_GRVWA8_GRVWB8_GSU1_GSUAMB_GSUC0_GSUWGMRR0_GLS0_ISA1201_IU1_K1_LDSTI0_LBSPPA256_LBSPPB128_LBSPPM0_LPA16_LPB16_LPM0_LRVW8_LWPMn1_MIAV1_MIWT1_1_MO40_NTn1_NTA0_NTB0_NTC0_NTD0_NTM0_NEPBS0_NLCA1_NLCB1_ONLL1_PGR1_PLR1_PKA0_SIA1_SS1_SU32_SUM0_SUS256_SPO0_SRVW0_SSO0_SVW1_SK0_SKFTR0_SKXCCM0_TLDS1_ULSGRO0_USL1_UIOFGRO0_USFGROn1_VSn1_VWA1_VWB1_WSGRA0_WSGRB0_WS32_WG16_2_1_WGM8_WGMXCC1_WGMXCCGn1\",\"workspace_bytes\":0},\"bias_type\":\"HIP_R_16F\",\"compute_type\":\"HIPBLAS_COMPUTE_32F\",\"d_type\":\"HIP_R_16F\",\"direction\":\"NN\",\"epilogue\":\"BIAS\",\"execution_handle_count\":2,\"fresh_repeat\":2,\"heuristic_count\":32,\"heuristic_status\":0,\"k\":16,\"launches\":[{\"launch\":1,\"matmul_status\":0,\"output_memory\":{\"payload_unchanged\":false,\"prefix_guard_intact\":true,\"suffix_guard_intact\":true},\"stream_index\":0,\"synchronize_status\":0},{\"launch\":2,\"matmul_status\":0,\"output_memory\":{\"payload_unchanged\":false,\"prefix_guard_intact\":true,\"suffix_guard_intact\":true},\"stream_index\":1,\"synchronize_status\":0},{\"launch\":3,\"matmul_status\":0,\"output_memory\":{\"payload_unchanged\":false,\"prefix_guard_intact\":true,\"suffix_guard_intact\":true},\"stream_index\":0,\"synchronize_status\":0},{\"launch\":4,\"matmul_status\":0,\"output_memory\":{\"payload_unchanged\":false,\"prefix_guard_intact\":true,\"suffix_guard_intact\":true},\"stream_index\":1,\"synchronize_status\":0},{\"launch\":5,\"matmul_status\":0,\"output_memory\":{\"payload_unchanged\":false,\"prefix_guard_intact\":true,\"suffix_guard_intact\":true},\"stream_index\":0,\"synchronize_status\":0},{\"launch\":6,\"matmul_status\":0,\"output_memory\":{\"payload_unchanged\":false,\"prefix_guard_intact\":true,\"suffix_guard_intact\":true},\"stream_index\":1,\"synchronize_status\":0}],\"m\":32,\"marker\":\"TCNN_RDNA4_P3B1B_FP16_FORWARD_001\",\"n\":16,\"numerics\":{\"inf_count\":0,\"max_abs\":0.0,\"max_rel_outside_1e-3\":0.0,\"nan_count\":0,\"normalized_l2\":0.0,\"relu_mask_mismatches\":0},\"probe_state\":\"EXECUTED\",\"process_status\":\"PASS\",\"selected_candidate\":0,\"steady_state\":{\"launches\":4,\"new_descriptors\":0,\"new_handles\":0,\"new_heuristic_queries\":0,\"workspace_growth_bytes\":0},\"stream_count\":2,\"target_coverage\":{\"bias_axis_rows\":32,\"bias_sign_flip_count\":203,\"exact_zero_count\":3,\"large_finite_bias\":true,\"near_zero_count\":12},\"workspace_memory\":{\"payload_unchanged\":true,\"prefix_guard_intact\":true,\"suffix_guard_intact\":true}}\n",
      "stderr": ""
    },
    {
      "command": [
        "/tmp/tcnn_p3b1b_epi_uqmydzeb/probe_phase3b1b",
        "32",
        "16",
        "16",
        "BIAS",
        "f32",
        "1"
      ],
      "returncode": 0,
      "stdout": "{\"algorithm\":{\"index\":86505,\"kernel_name\":\"Cijk_Ailk_Bljk_HSS_BH_Bias_HA_S_SAV_UserArgs_MT16x16x32_MI16x16x1_SN_LDSB0_AFC1_AFEM1_AFEM1_ASEM1_CLR1_CADS0_DTLA0_DTLB0_DTVA0_DTVB0_EPS0_FDSI0_GRPM1_GRVWA8_GRVWB8_GSUAMB_GLS0_ISA1201_IU1_K1_LDSTI0_LBSPPA256_LBSPPB128_LBSPPM0_LPA16_LPB16_LPM0_LRVW8_LWPMn1_MIAV1_MIWT1_1_MO40_NTn1_NTA0_NTB0_NTC0_NTD0_NTM0_NEPBS0_NLCA1_NLCB1_ONLL1_PGR1_PLR1_PKA0_SIA1_SS1_SPO0_SRVW0_SSO0_SVW1_SK0_SKFTR0_SKXCCM0_TLDS1_ULSGRO0_USL1_UIOFGRO0_USFGROn1_VSn1_VWA1_VWB1_WSGRA0_WSGRB0_WS32_WG16_2_1\",\"solution_name\":\"Cijk_Ailk_Bljk_HSS_BH_Bias_HA_S_SAV_UserArgs_MT16x16x32_MI16x16x1_SN_LDSB0_AFC1_AFEM1_AFEM1_ASEM1_CLR1_CADS0_DTLA0_DTLB0_DTVA0_DTVB0_EPS0_FDSI0_GRPM1_GRVWA8_GRVWB8_GSU1_GSUAMB_GSUC0_GSUWGMRR0_GLS0_ISA1201_IU1_K1_LDSTI0_LBSPPA256_LBSPPB128_LBSPPM0_LPA16_LPB16_LPM0_LRVW8_LWPMn1_MIAV1_MIWT1_1_MO40_NTn1_NTA0_NTB0_NTC0_NTD0_NTM0_NEPBS0_NLCA1_NLCB1_ONLL1_PGR1_PLR1_PKA0_SIA1_SS1_SU32_SUM0_SUS256_SPO0_SRVW0_SSO0_SVW1_SK0_SKFTR0_SKXCCM0_TLDS1_ULSGRO0_USL1_UIOFGRO0_USFGROn1_VSn1_VWA1_VWB1_WSGRA0_WSGRB0_WS32_WG16_2_1_WGM8_WGMXCC1_WGMXCCGn1\",\"workspace_bytes\":0},\"bias_type\":\"HIP_R_16F\",\"compute_type\":\"HIPBLAS_COMPUTE_32F\",\"d_type\":\"HIP_R_32F\",\"direction\":\"NN\",\"epilogue\":\"BIAS\",\"execution_handle_count\":2,\"fresh_repeat\":1,\"heuristic_count\":32,\"heuristic_status\":0,\"k\":16,\"launches\":[{\"launch\":1,\"matmul_status\":0,\"output_memory\":{\"payload_unchanged\":false,\"prefix_guard_intact\":true,\"suffix_guard_intact\":true},\"stream_index\":0,\"synchronize_status\":0},{\"launch\":2,\"matmul_status\":0,\"output_memory\":{\"payload_unchanged\":false,\"prefix_guard_intact\":true,\"suffix_guard_intact\":true},\"stream_index\":1,\"synchronize_status\":0},{\"launch\":3,\"matmul_status\":0,\"output_memory\":{\"payload_unchanged\":false,\"prefix_guard_intact\":true,\"suffix_guard_intact\":true},\"stream_index\":0,\"synchronize_status\":0},{\"launch\":4,\"matmul_status\":0,\"output_memory\":{\"payload_unchanged\":false,\"prefix_guard_intact\":true,\"suffix_guard_intact\":true},\"stream_index\":1,\"synchronize_status\":0},{\"launch\":5,\"matmul_status\":0,\"output_memory\":{\"payload_unchanged\":false,\"prefix_guard_intact\":true,\"suffix_guard_intact\":true},\"stream_index\":0,\"synchronize_status\":0},{\"launch\":6,\"matmul_status\":0,\"output_memory\":{\"payload_unchanged\":false,\"prefix_guard_intact\":true,\"suffix_guard_intact\":true},\"stream_index\":1,\"synchronize_status\":0}],\"m\":32,\"marker\":\"TCNN_RDNA4_P3B1B_FP16_FORWARD_001\",\"n\":16,\"numerics\":{\"inf_count\":0,\"max_abs\":0.0,\"max_rel_outside_1e-3\":0.0,\"nan_count\":0,\"normalized_l2\":0.0,\"relu_mask_mismatches\":0},\"probe_state\":\"EXECUTED\",\"process_status\":\"PASS\",\"selected_candidate\":0,\"steady_state\":{\"launches\":4,\"new_descriptors\":0,\"new_handles\":0,\"new_heuristic_queries\":0,\"workspace_growth_bytes\":0},\"stream_count\":2,\"target_coverage\":{\"bias_axis_rows\":32,\"bias_sign_flip_count\":203,\"exact_zero_count\":3,\"large_finite_bias\":true,\"near_zero_count\":12},\"workspace_memory\":{\"payload_unchanged\":true,\"prefix_guard_intact\":true,\"suffix_guard_intact\":true}}\n",
      "stderr": ""
    },
    {
      "command": [
        "/tmp/tcnn_p3b1b_epi_uqmydzeb/probe_phase3b1b",
        "32",
        "16",
        "16",
        "BIAS",
        "f32",
        "2"
      ],
      "returncode": 0,
      "stdout": "{\"algorithm\":{\"index\":86505,\"kernel_name\":\"Cijk_Ailk_Bljk_HSS_BH_Bias_HA_S_SAV_UserArgs_MT16x16x32_MI16x16x1_SN_LDSB0_AFC1_AFEM1_AFEM1_ASEM1_CLR1_CADS0_DTLA0_DTLB0_DTVA0_DTVB0_EPS0_FDSI0_GRPM1_GRVWA8_GRVWB8_GSUAMB_GLS0_ISA1201_IU1_K1_LDSTI0_LBSPPA256_LBSPPB128_LBSPPM0_LPA16_LPB16_LPM0_LRVW8_LWPMn1_MIAV1_MIWT1_1_MO40_NTn1_NTA0_NTB0_NTC0_NTD0_NTM0_NEPBS0_NLCA1_NLCB1_ONLL1_PGR1_PLR1_PKA0_SIA1_SS1_SPO0_SRVW0_SSO0_SVW1_SK0_SKFTR0_SKXCCM0_TLDS1_ULSGRO0_USL1_UIOFGRO0_USFGROn1_VSn1_VWA1_VWB1_WSGRA0_WSGRB0_WS32_WG16_2_1\",\"solution_name\":\"Cijk_Ailk_Bljk_HSS_BH_Bias_HA_S_SAV_UserArgs_MT16x16x32_MI16x16x1_SN_LDSB0_AFC1_AFEM1_AFEM1_ASEM1_CLR1_CADS0_DTLA0_DTLB0_DTVA0_DTVB0_EPS0_FDSI0_GRPM1_GRVWA8_GRVWB8_GSU1_GSUAMB_GSUC0_GSUWGMRR0_GLS0_ISA1201_IU1_K1_LDSTI0_LBSPPA256_LBSPPB128_LBSPPM0_LPA16_LPB16_LPM0_LRVW8_LWPMn1_MIAV1_MIWT1_1_MO40_NTn1_NTA0_NTB0_NTC0_NTD0_NTM0_NEPBS0_NLCA1_NLCB1_ONLL1_PGR1_PLR1_PKA0_SIA1_SS1_SU32_SUM0_SUS256_SPO0_SRVW0_SSO0_SVW1_SK0_SKFTR0_SKXCCM0_TLDS1_ULSGRO0_USL1_UIOFGRO0_USFGROn1_VSn1_VWA1_VWB1_WSGRA0_WSGRB0_WS32_WG16_2_1_WGM8_WGMXCC1_WGMXCCGn1\",\"workspace_bytes\":0},\"bias_type\":\"HIP_R_16F\",\"compute_type\":\"HIPBLAS_COMPUTE_32F\",\"d_type\":\"HIP_R_32F\",\"direction\":\"NN\",\"epilogue\":\"BIAS\",\"execution_handle_count\":2,\"fresh_repeat\":2,\"heuristic_count\":32,\"heuristic_status\":0,\"k\":16,\"launches\":[{\"launch\":1,\"matmul_status\":0,\"output_memory\":{\"payload_unchanged\":false,\"prefix_guard_intact\":true,\"suffix_guard_intact\":true},\"stream_index\":0,\"synchronize_status\":0},{\"launch\":2,\"matmul_status\":0,\"output_memory\":{\"payload_unchanged\":false,\"prefix_guard_intact\":true,\"suffix_guard_intact\":true},\"stream_index\":1,\"synchronize_status\":0},{\"launch\":3,\"matmul_status\":0,\"output_memory\":{\"payload_unchanged\":false,\"prefix_guard_intact\":true,\"suffix_guard_intact\":true},\"stream_index\":0,\"synchronize_status\":0},{\"launch\":4,\"matmul_status\":0,\"output_memory\":{\"payload_unchanged\":false,\"prefix_guard_intact\":true,\"suffix_guard_intact\":true},\"stream_index\":1,\"synchronize_status\":0},{\"launch\":5,\"matmul_status\":0,\"output_memory\":{\"payload_unchanged\":false,\"prefix_guard_intact\":true,\"suffix_guard_intact\":true},\"stream_index\":0,\"synchronize_status\":0},{\"launch\":6,\"matmul_status\":0,\"output_memory\":{\"payload_unchanged\":false,\"prefix_guard_intact\":true,\"suffix_guard_intact\":true},\"stream_index\":1,\"synchronize_status\":0}],\"m\":32,\"marker\":\"TCNN_RDNA4_P3B1B_FP16_FORWARD_001\",\"n\":16,\"numerics\":{\"inf_count\":0,\"max_abs\":0.0,\"max_rel_outside_1e-3\":0.0,\"nan_count\":0,\"normalized_l2\":0.0,\"relu_mask_mismatches\":0},\"probe_state\":\"EXECUTED\",\"process_status\":\"PASS\",\"selected_candidate\":0,\"steady_state\":{\"launches\":4,\"new_descriptors\":0,\"new_handles\":0,\"new_heuristic_queries\":0,\"workspace_growth_bytes\":0},\"stream_count\":2,\"target_coverage\":{\"bias_axis_rows\":32,\"bias_sign_flip_count\":203,\"exact_zero_count\":3,\"large_finite_bias\":true,\"near_zero_count\":12},\"workspace_memory\":{\"payload_unchanged\":true,\"prefix_guard_intact\":true,\"suffix_guard_intact\":true}}\n",
      "stderr": ""
    },
    {
      "command": [
        "/tmp/tcnn_p3b1b_epi_uqmydzeb/probe_phase3b1b",
        "32",
        "16",
        "16",
        "RELU_BIAS",
        "f16",
        "1"
      ],
      "returncode": 0,
      "stdout": "{\"algorithm\":{\"index\":84828,\"kernel_name\":\"Cijk_Ailk_Bljk_HHS_BH_Bias_HA_S_SAV_UserArgs_MT16x16x32_MI16x16x1_SN_LDSB0_AFC1_AFEM1_AFEM1_ASEM1_CLR1_CADS0_DTLA0_DTLB0_DTVA0_DTVB0_EPS0_FDSI0_GRPM1_GRVWA8_GRVWB8_GSUAMB_GLS0_ISA1201_IU1_K1_LDSTI0_LBSPPA256_LBSPPB128_LBSPPM0_LPA16_LPB16_LPM0_LRVW8_LWPMn1_MIAV1_MIWT1_1_MO40_NTn1_NTA0_NTB0_NTC0_NTD0_NTM0_NEPBS0_NLCA1_NLCB1_ONLL1_PGR1_PLR1_PKA0_SIA1_SS1_SPO0_SRVW0_SSO0_SVW1_SK0_SKFTR0_SKXCCM0_TLDS1_ULSGRO0_USL1_UIOFGRO0_USFGROn1_VSn1_VWA1_VWB1_WSGRA0_WSGRB0_WS32_WG16_2_1\",\"solution_name\":\"Cijk_Ailk_Bljk_HHS_BH_Bias_HA_S_SAV_UserArgs_MT16x16x32_MI16x16x1_SN_LDSB0_AFC1_AFEM1_AFEM1_ASEM1_CLR1_CADS0_DTLA0_DTLB0_DTVA0_DTVB0_EPS0_FDSI0_GRPM1_GRVWA8_GRVWB8_GSU1_GSUAMB_GSUC0_GSUWGMRR0_GLS0_ISA1201_IU1_K1_LDSTI0_LBSPPA256_LBSPPB128_LBSPPM0_LPA16_LPB16_LPM0_LRVW8_LWPMn1_MIAV1_MIWT1_1_MO40_NTn1_NTA0_NTB0_NTC0_NTD0_NTM0_NEPBS0_NLCA1_NLCB1_ONLL1_PGR1_PLR1_PKA0_SIA1_SS1_SU32_SUM0_SUS256_SPO0_SRVW0_SSO0_SVW1_SK0_SKFTR0_SKXCCM0_TLDS1_ULSGRO0_USL1_UIOFGRO0_USFGROn1_VSn1_VWA1_VWB1_WSGRA0_WSGRB0_WS32_WG16_2_1_WGM8_WGMXCC1_WGMXCCGn1\",\"workspace_bytes\":0},\"bias_type\":\"HIP_R_16F\",\"compute_type\":\"HIPBLAS_COMPUTE_32F\",\"d_type\":\"HIP_R_16F\",\"direction\":\"NN\",\"epilogue\":\"RELU_BIAS\",\"execution_handle_count\":2,\"fresh_repeat\":1,\"heuristic_count\":32,\"heuristic_status\":0,\"k\":16,\"launches\":[{\"launch\":1,\"matmul_status\":0,\"output_memory\":{\"payload_unchanged\":false,\"prefix_guard_intact\":true,\"suffix_guard_intact\":true},\"stream_index\":0,\"synchronize_status\":0},{\"launch\":2,\"matmul_status\":0,\"output_memory\":{\"payload_unchanged\":false,\"prefix_guard_intact\":true,\"suffix_guard_intact\":true},\"stream_index\":1,\"synchronize_status\":0},{\"launch\":3,\"matmul_status\":0,\"output_memory\":{\"payload_unchanged\":false,\"prefix_guard_intact\":true,\"suffix_guard_intact\":true},\"stream_index\":0,\"synchronize_status\":0},{\"launch\":4,\"matmul_status\":0,\"output_memory\":{\"payload_unchanged\":false,\"prefix_guard_intact\":true,\"suffix_guard_intact\":true},\"stream_index\":1,\"synchronize_status\":0},{\"launch\":5,\"matmul_status\":0,\"output_memory\":{\"payload_unchanged\":false,\"prefix_guard_intact\":true,\"suffix_guard_intact\":true},\"stream_index\":0,\"synchronize_status\":0},{\"launch\":6,\"matmul_status\":0,\"output_memory\":{\"payload_unchanged\":false,\"prefix_guard_intact\":true,\"suffix_guard_intact\":true},\"stream_index\":1,\"synchronize_status\":0}],\"m\":32,\"marker\":\"TCNN_RDNA4_P3B1B_FP16_FORWARD_001\",\"n\":16,\"numerics\":{\"inf_count\":0,\"max_abs\":0.0,\"max_rel_outside_1e-3\":0.0,\"nan_count\":0,\"normalized_l2\":0.0,\"relu_mask_mismatches\":0},\"probe_state\":\"EXECUTED\",\"process_status\":\"PASS\",\"selected_candidate\":0,\"steady_state\":{\"launches\":4,\"new_descriptors\":0,\"new_handles\":0,\"new_heuristic_queries\":0,\"workspace_growth_bytes\":0},\"stream_count\":2,\"target_coverage\":{\"bias_axis_rows\":32,\"bias_sign_flip_count\":203,\"exact_zero_count\":243,\"large_finite_bias\":true,\"near_zero_count\":248},\"workspace_memory\":{\"payload_unchanged\":true,\"prefix_guard_intact\":true,\"suffix_guard_intact\":true}}\n",
      "stderr": ""
    },
    {
      "command": [
        "/tmp/tcnn_p3b1b_epi_uqmydzeb/probe_phase3b1b",
        "32",
        "16",
        "16",
        "RELU_BIAS",
        "f16",
        "2"
      ],
      "returncode": 0,
      "stdout": "{\"algorithm\":{\"index\":84828,\"kernel_name\":\"Cijk_Ailk_Bljk_HHS_BH_Bias_HA_S_SAV_UserArgs_MT16x16x32_MI16x16x1_SN_LDSB0_AFC1_AFEM1_AFEM1_ASEM1_CLR1_CADS0_DTLA0_DTLB0_DTVA0_DTVB0_EPS0_FDSI0_GRPM1_GRVWA8_GRVWB8_GSUAMB_GLS0_ISA1201_IU1_K1_LDSTI0_LBSPPA256_LBSPPB128_LBSPPM0_LPA16_LPB16_LPM0_LRVW8_LWPMn1_MIAV1_MIWT1_1_MO40_NTn1_NTA0_NTB0_NTC0_NTD0_NTM0_NEPBS0_NLCA1_NLCB1_ONLL1_PGR1_PLR1_PKA0_SIA1_SS1_SPO0_SRVW0_SSO0_SVW1_SK0_SKFTR0_SKXCCM0_TLDS1_ULSGRO0_USL1_UIOFGRO0_USFGROn1_VSn1_VWA1_VWB1_WSGRA0_WSGRB0_WS32_WG16_2_1\",\"solution_name\":\"Cijk_Ailk_Bljk_HHS_BH_Bias_HA_S_SAV_UserArgs_MT16x16x32_MI16x16x1_SN_LDSB0_AFC1_AFEM1_AFEM1_ASEM1_CLR1_CADS0_DTLA0_DTLB0_DTVA0_DTVB0_EPS0_FDSI0_GRPM1_GRVWA8_GRVWB8_GSU1_GSUAMB_GSUC0_GSUWGMRR0_GLS0_ISA1201_IU1_K1_LDSTI0_LBSPPA256_LBSPPB128_LBSPPM0_LPA16_LPB16_LPM0_LRVW8_LWPMn1_MIAV1_MIWT1_1_MO40_NTn1_NTA0_NTB0_NTC0_NTD0_NTM0_NEPBS0_NLCA1_NLCB1_ONLL1_PGR1_PLR1_PKA0_SIA1_SS1_SU32_SUM0_SUS256_SPO0_SRVW0_SSO0_SVW1_SK0_SKFTR0_SKXCCM0_TLDS1_ULSGRO0_USL1_UIOFGRO0_USFGROn1_VSn1_VWA1_VWB1_WSGRA0_WSGRB0_WS32_WG16_2_1_WGM8_WGMXCC1_WGMXCCGn1\",\"workspace_bytes\":0},\"bias_type\":\"HIP_R_16F\",\"compute_type\":\"HIPBLAS_COMPUTE_32F\",\"d_type\":\"HIP_R_16F\",\"direction\":\"NN\",\"epilogue\":\"RELU_BIAS\",\"execution_handle_count\":2,\"fresh_repeat\":2,\"heuristic_count\":32,\"heuristic_status\":0,\"k\":16,\"launches\":[{\"launch\":1,\"matmul_status\":0,\"output_memory\":{\"payload_unchanged\":false,\"prefix_guard_intact\":true,\"suffix_guard_intact\":true},\"stream_index\":0,\"synchronize_status\":0},{\"launch\":2,\"matmul_status\":0,\"output_memory\":{\"payload_unchanged\":false,\"prefix_guard_intact\":true,\"suffix_guard_intact\":true},\"stream_index\":1,\"synchronize_status\":0},{\"launch\":3,\"matmul_status\":0,\"output_memory\":{\"payload_unchanged\":false,\"prefix_guard_intact\":true,\"suffix_guard_intact\":true},\"stream_index\":0,\"synchronize_status\":0},{\"launch\":4,\"matmul_status\":0,\"output_memory\":{\"payload_unchanged\":false,\"prefix_guard_intact\":true,\"suffix_guard_intact\":true},\"stream_index\":1,\"synchronize_status\":0},{\"launch\":5,\"matmul_status\":0,\"output_memory\":{\"payload_unchanged\":false,\"prefix_guard_intact\":true,\"suffix_guard_intact\":true},\"stream_index\":0,\"synchronize_status\":0},{\"launch\":6,\"matmul_status\":0,\"output_memory\":{\"payload_unchanged\":false,\"prefix_guard_intact\":true,\"suffix_guard_intact\":true},\"stream_index\":1,\"synchronize_status\":0}],\"m\":32,\"marker\":\"TCNN_RDNA4_P3B1B_FP16_FORWARD_001\",\"n\":16,\"numerics\":{\"inf_count\":0,\"max_abs\":0.0,\"max_rel_outside_1e-3\":0.0,\"nan_count\":0,\"normalized_l2\":0.0,\"relu_mask_mismatches\":0},\"probe_state\":\"EXECUTED\",\"process_status\":\"PASS\",\"selected_candidate\":0,\"steady_state\":{\"launches\":4,\"new_descriptors\":0,\"new_handles\":0,\"new_heuristic_queries\":0,\"workspace_growth_bytes\":0},\"stream_count\":2,\"target_coverage\":{\"bias_axis_rows\":32,\"bias_sign_flip_count\":203,\"exact_zero_count\":243,\"large_finite_bias\":true,\"near_zero_count\":248},\"workspace_memory\":{\"payload_unchanged\":true,\"prefix_guard_intact\":true,\"suffix_guard_intact\":true}}\n",
      "stderr": ""
    },
    {
      "command": [
        "/tmp/tcnn_p3b1b_epi_uqmydzeb/probe_phase3b1b",
        "32",
        "16",
        "16",
        "RELU_BIAS",
        "f32",
        "1"
      ],
      "returncode": 0,
      "stdout": "{\"algorithm\":{\"index\":86505,\"kernel_name\":\"Cijk_Ailk_Bljk_HSS_BH_Bias_HA_S_SAV_UserArgs_MT16x16x32_MI16x16x1_SN_LDSB0_AFC1_AFEM1_AFEM1_ASEM1_CLR1_CADS0_DTLA0_DTLB0_DTVA0_DTVB0_EPS0_FDSI0_GRPM1_GRVWA8_GRVWB8_GSUAMB_GLS0_ISA1201_IU1_K1_LDSTI0_LBSPPA256_LBSPPB128_LBSPPM0_LPA16_LPB16_LPM0_LRVW8_LWPMn1_MIAV1_MIWT1_1_MO40_NTn1_NTA0_NTB0_NTC0_NTD0_NTM0_NEPBS0_NLCA1_NLCB1_ONLL1_PGR1_PLR1_PKA0_SIA1_SS1_SPO0_SRVW0_SSO0_SVW1_SK0_SKFTR0_SKXCCM0_TLDS1_ULSGRO0_USL1_UIOFGRO0_USFGROn1_VSn1_VWA1_VWB1_WSGRA0_WSGRB0_WS32_WG16_2_1\",\"solution_name\":\"Cijk_Ailk_Bljk_HSS_BH_Bias_HA_S_SAV_UserArgs_MT16x16x32_MI16x16x1_SN_LDSB0_AFC1_AFEM1_AFEM1_ASEM1_CLR1_CADS0_DTLA0_DTLB0_DTVA0_DTVB0_EPS0_FDSI0_GRPM1_GRVWA8_GRVWB8_GSU1_GSUAMB_GSUC0_GSUWGMRR0_GLS0_ISA1201_IU1_K1_LDSTI0_LBSPPA256_LBSPPB128_LBSPPM0_LPA16_LPB16_LPM0_LRVW8_LWPMn1_MIAV1_MIWT1_1_MO40_NTn1_NTA0_NTB0_NTC0_NTD0_NTM0_NEPBS0_NLCA1_NLCB1_ONLL1_PGR1_PLR1_PKA0_SIA1_SS1_SU32_SUM0_SUS256_SPO0_SRVW0_SSO0_SVW1_SK0_SKFTR0_SKXCCM0_TLDS1_ULSGRO0_USL1_UIOFGRO0_USFGROn1_VSn1_VWA1_VWB1_WSGRA0_WSGRB0_WS32_WG16_2_1_WGM8_WGMXCC1_WGMXCCGn1\",\"workspace_bytes\":0},\"bias_type\":\"HIP_R_16F\",\"compute_type\":\"HIPBLAS_COMPUTE_32F\",\"d_type\":\"HIP_R_32F\",\"direction\":\"NN\",\"epilogue\":\"RELU_BIAS\",\"execution_handle_count\":2,\"fresh_repeat\":1,\"heuristic_count\":32,\"heuristic_status\":0,\"k\":16,\"launches\":[{\"launch\":1,\"matmul_status\":0,\"output_memory\":{\"payload_unchanged\":false,\"prefix_guard_intact\":true,\"suffix_guard_intact\":true},\"stream_index\":0,\"synchronize_status\":0},{\"launch\":2,\"matmul_status\":0,\"output_memory\":{\"payload_unchanged\":false,\"prefix_guard_intact\":true,\"suffix_guard_intact\":true},\"stream_index\":1,\"synchronize_status\":0},{\"launch\":3,\"matmul_status\":0,\"output_memory\":{\"payload_unchanged\":false,\"prefix_guard_intact\":true,\"suffix_guard_intact\":true},\"stream_index\":0,\"synchronize_status\":0},{\"launch\":4,\"matmul_status\":0,\"output_memory\":{\"payload_unchanged\":false,\"prefix_guard_intact\":true,\"suffix_guard_intact\":true},\"stream_index\":1,\"synchronize_status\":0},{\"launch\":5,\"matmul_status\":0,\"output_memory\":{\"payload_unchanged\":false,\"prefix_guard_intact\":true,\"suffix_guard_intact\":true},\"stream_index\":0,\"synchronize_status\":0},{\"launch\":6,\"matmul_status\":0,\"output_memory\":{\"payload_unchanged\":false,\"prefix_guard_intact\":true,\"suffix_guard_intact\":true},\"stream_index\":1,\"synchronize_status\":0}],\"m\":32,\"marker\":\"TCNN_RDNA4_P3B1B_FP16_FORWARD_001\",\"n\":16,\"numerics\":{\"inf_count\":0,\"max_abs\":0.0,\"max_rel_outside_1e-3\":0.0,\"nan_count\":0,\"normalized_l2\":0.0,\"relu_mask_mismatches\":0},\"probe_state\":\"EXECUTED\",\"process_status\":\"PASS\",\"selected_candidate\":0,\"steady_state\":{\"launches\":4,\"new_descriptors\":0,\"new_handles\":0,\"new_heuristic_queries\":0,\"workspace_growth_bytes\":0},\"stream_count\":2,\"target_coverage\":{\"bias_axis_rows\":32,\"bias_sign_flip_count\":203,\"exact_zero_count\":243,\"large_finite_bias\":true,\"near_zero_count\":248},\"workspace_memory\":{\"payload_unchanged\":true,\"prefix_guard_intact\":true,\"suffix_guard_intact\":true}}\n",
      "stderr": ""
    },
    {
      "command": [
        "/tmp/tcnn_p3b1b_epi_uqmydzeb/probe_phase3b1b",
        "32",
        "16",
        "16",
        "RELU_BIAS",
        "f32",
        "2"
      ],
      "returncode": 0,
      "stdout": "{\"algorithm\":{\"index\":86505,\"kernel_name\":\"Cijk_Ailk_Bljk_HSS_BH_Bias_HA_S_SAV_UserArgs_MT16x16x32_MI16x16x1_SN_LDSB0_AFC1_AFEM1_AFEM1_ASEM1_CLR1_CADS0_DTLA0_DTLB0_DTVA0_DTVB0_EPS0_FDSI0_GRPM1_GRVWA8_GRVWB8_GSUAMB_GLS0_ISA1201_IU1_K1_LDSTI0_LBSPPA256_LBSPPB128_LBSPPM0_LPA16_LPB16_LPM0_LRVW8_LWPMn1_MIAV1_MIWT1_1_MO40_NTn1_NTA0_NTB0_NTC0_NTD0_NTM0_NEPBS0_NLCA1_NLCB1_ONLL1_PGR1_PLR1_PKA0_SIA1_SS1_SPO0_SRVW0_SSO0_SVW1_SK0_SKFTR0_SKXCCM0_TLDS1_ULSGRO0_USL1_UIOFGRO0_USFGROn1_VSn1_VWA1_VWB1_WSGRA0_WSGRB0_WS32_WG16_2_1\",\"solution_name\":\"Cijk_Ailk_Bljk_HSS_BH_Bias_HA_S_SAV_UserArgs_MT16x16x32_MI16x16x1_SN_LDSB0_AFC1_AFEM1_AFEM1_ASEM1_CLR1_CADS0_DTLA0_DTLB0_DTVA0_DTVB0_EPS0_FDSI0_GRPM1_GRVWA8_GRVWB8_GSU1_GSUAMB_GSUC0_GSUWGMRR0_GLS0_ISA1201_IU1_K1_LDSTI0_LBSPPA256_LBSPPB128_LBSPPM0_LPA16_LPB16_LPM0_LRVW8_LWPMn1_MIAV1_MIWT1_1_MO40_NTn1_NTA0_NTB0_NTC0_NTD0_NTM0_NEPBS0_NLCA1_NLCB1_ONLL1_PGR1_PLR1_PKA0_SIA1_SS1_SU32_SUM0_SUS256_SPO0_SRVW0_SSO0_SVW1_SK0_SKFTR0_SKXCCM0_TLDS1_ULSGRO0_USL1_UIOFGRO0_USFGROn1_VSn1_VWA1_VWB1_WSGRA0_WSGRB0_WS32_WG16_2_1_WGM8_WGMXCC1_WGMXCCGn1\",\"workspace_bytes\":0},\"bias_type\":\"HIP_R_16F\",\"compute_type\":\"HIPBLAS_COMPUTE_32F\",\"d_type\":\"HIP_R_32F\",\"direction\":\"NN\",\"epilogue\":\"RELU_BIAS\",\"execution_handle_count\":2,\"fresh_repeat\":2,\"heuristic_count\":32,\"heuristic_status\":0,\"k\":16,\"launches\":[{\"launch\":1,\"matmul_status\":0,\"output_memory\":{\"payload_unchanged\":false,\"prefix_guard_intact\":true,\"suffix_guard_intact\":true},\"stream_index\":0,\"synchronize_status\":0},{\"launch\":2,\"matmul_status\":0,\"output_memory\":{\"payload_unchanged\":false,\"prefix_guard_intact\":true,\"suffix_guard_intact\":true},\"stream_index\":1,\"synchronize_status\":0},{\"launch\":3,\"matmul_status\":0,\"output_memory\":{\"payload_unchanged\":false,\"prefix_guard_intact\":true,\"suffix_guard_intact\":true},\"stream_index\":0,\"synchronize_status\":0},{\"launch\":4,\"matmul_status\":0,\"output_memory\":{\"payload_unchanged\":false,\"prefix_guard_intact\":true,\"suffix_guard_intact\":true},\"stream_index\":1,\"synchronize_status\":0},{\"launch\":5,\"matmul_status\":0,\"output_memory\":{\"payload_unchanged\":false,\"prefix_guard_intact\":true,\"suffix_guard_intact\":true},\"stream_index\":0,\"synchronize_status\":0},{\"launch\":6,\"matmul_status\":0,\"output_memory\":{\"payload_unchanged\":false,\"prefix_guard_intact\":true,\"suffix_guard_intact\":true},\"stream_index\":1,\"synchronize_status\":0}],\"m\":32,\"marker\":\"TCNN_RDNA4_P3B1B_FP16_FORWARD_001\",\"n\":16,\"numerics\":{\"inf_count\":0,\"max_abs\":0.0,\"max_rel_outside_1e-3\":0.0,\"nan_count\":0,\"normalized_l2\":0.0,\"relu_mask_mismatches\":0},\"probe_state\":\"EXECUTED\",\"process_status\":\"PASS\",\"selected_candidate\":0,\"steady_state\":{\"launches\":4,\"new_descriptors\":0,\"new_handles\":0,\"new_heuristic_queries\":0,\"workspace_growth_bytes\":0},\"stream_count\":2,\"target_coverage\":{\"bias_axis_rows\":32,\"bias_sign_flip_count\":203,\"exact_zero_count\":243,\"large_finite_bias\":true,\"near_zero_count\":248},\"workspace_memory\":{\"payload_unchanged\":true,\"prefix_guard_intact\":true,\"suffix_guard_intact\":true}}\n",
      "stderr": ""
    },
    {
      "command": [
        "/tmp/tcnn_p3b1b_epi_uqmydzeb/probe_phase3b1b",
        "32",
        "16",
        "32",
        "BIAS",
        "f16",
        "1"
      ],
      "returncode": 0,
      "stdout": "{\"algorithm\":{\"index\":84828,\"kernel_name\":\"Cijk_Ailk_Bljk_HHS_BH_Bias_HA_S_SAV_UserArgs_MT16x16x32_MI16x16x1_SN_LDSB0_AFC1_AFEM1_AFEM1_ASEM1_CLR1_CADS0_DTLA0_DTLB0_DTVA0_DTVB0_EPS0_FDSI0_GRPM1_GRVWA8_GRVWB8_GSUAMB_GLS0_ISA1201_IU1_K1_LDSTI0_LBSPPA256_LBSPPB128_LBSPPM0_LPA16_LPB16_LPM0_LRVW8_LWPMn1_MIAV1_MIWT1_1_MO40_NTn1_NTA0_NTB0_NTC0_NTD0_NTM0_NEPBS0_NLCA1_NLCB1_ONLL1_PGR1_PLR1_PKA0_SIA1_SS1_SPO0_SRVW0_SSO0_SVW1_SK0_SKFTR0_SKXCCM0_TLDS1_ULSGRO0_USL1_UIOFGRO0_USFGROn1_VSn1_VWA1_VWB1_WSGRA0_WSGRB0_WS32_WG16_2_1\",\"solution_name\":\"Cijk_Ailk_Bljk_HHS_BH_Bias_HA_S_SAV_UserArgs_MT16x16x32_MI16x16x1_SN_LDSB0_AFC1_AFEM1_AFEM1_ASEM1_CLR1_CADS0_DTLA0_DTLB0_DTVA0_DTVB0_EPS0_FDSI0_GRPM1_GRVWA8_GRVWB8_GSU1_GSUAMB_GSUC0_GSUWGMRR0_GLS0_ISA1201_IU1_K1_LDSTI0_LBSPPA256_LBSPPB128_LBSPPM0_LPA16_LPB16_LPM0_LRVW8_LWPMn1_MIAV1_MIWT1_1_MO40_NTn1_NTA0_NTB0_NTC0_NTD0_NTM0_NEPBS0_NLCA1_NLCB1_ONLL1_PGR1_PLR1_PKA0_SIA1_SS1_SU32_SUM0_SUS256_SPO0_SRVW0_SSO0_SVW1_SK0_SKFTR0_SKXCCM0_TLDS1_ULSGRO0_USL1_UIOFGRO0_USFGROn1_VSn1_VWA1_VWB1_WSGRA0_WSGRB0_WS32_WG16_2_1_WGM8_WGMXCC1_WGMXCCGn1\",\"workspace_bytes\":0},\"bias_type\":\"HIP_R_16F\",\"compute_type\":\"HIPBLAS_COMPUTE_32F\",\"d_type\":\"HIP_R_16F\",\"direction\":\"NN\",\"epilogue\":\"BIAS\",\"execution_handle_count\":2,\"fresh_repeat\":1,\"heuristic_count\":32,\"heuristic_status\":0,\"k\":32,\"launches\":[{\"launch\":1,\"matmul_status\":0,\"output_memory\":{\"payload_unchanged\":false,\"prefix_guard_intact\":true,\"suffix_guard_intact\":true},\"stream_index\":0,\"synchronize_status\":0},{\"launch\":2,\"matmul_status\":0,\"output_memory\":{\"payload_unchanged\":false,\"prefix_guard_intact\":true,\"suffix_guard_intact\":true},\"stream_index\":1,\"synchronize_status\":0},{\"launch\":3,\"matmul_status\":0,\"output_memory\":{\"payload_unchanged\":false,\"prefix_guard_intact\":true,\"suffix_guard_intact\":true},\"stream_index\":0,\"synchronize_status\":0},{\"launch\":4,\"matmul_status\":0,\"output_memory\":{\"payload_unchanged\":false,\"prefix_guard_intact\":true,\"suffix_guard_intact\":true},\"stream_index\":1,\"synchronize_status\":0},{\"launch\":5,\"matmul_status\":0,\"output_memory\":{\"payload_unchanged\":false,\"prefix_guard_intact\":true,\"suffix_guard_intact\":true},\"stream_index\":0,\"synchronize_status\":0},{\"launch\":6,\"matmul_status\":0,\"output_memory\":{\"payload_unchanged\":false,\"prefix_guard_intact\":true,\"suffix_guard_intact\":true},\"stream_index\":1,\"synchronize_status\":0}],\"m\":32,\"marker\":\"TCNN_RDNA4_P3B1B_FP16_FORWARD_001\",\"n\":16,\"numerics\":{\"inf_count\":0,\"max_abs\":0.0,\"max_rel_outside_1e-3\":0.0,\"nan_count\":0,\"normalized_l2\":0.0,\"relu_mask_mismatches\":0},\"probe_state\":\"EXECUTED\",\"process_status\":\"PASS\",\"selected_candidate\":0,\"steady_state\":{\"launches\":4,\"new_descriptors\":0,\"new_handles\":0,\"new_heuristic_queries\":0,\"workspace_growth_bytes\":0},\"stream_count\":2,\"target_coverage\":{\"bias_axis_rows\":32,\"bias_sign_flip_count\":177,\"exact_zero_count\":3,\"large_finite_bias\":true,\"near_zero_count\":12},\"workspace_memory\":{\"payload_unchanged\":true,\"prefix_guard_intact\":true,\"suffix_guard_intact\":true}}\n",
      "stderr": ""
    },
    {
      "command": [
        "/tmp/tcnn_p3b1b_epi_uqmydzeb/probe_phase3b1b",
        "32",
        "16",
        "32",
        "BIAS",
        "f16",
        "2"
      ],
      "returncode": 0,
      "stdout": "{\"algorithm\":{\"index\":84828,\"kernel_name\":\"Cijk_Ailk_Bljk_HHS_BH_Bias_HA_S_SAV_UserArgs_MT16x16x32_MI16x16x1_SN_LDSB0_AFC1_AFEM1_AFEM1_ASEM1_CLR1_CADS0_DTLA0_DTLB0_DTVA0_DTVB0_EPS0_FDSI0_GRPM1_GRVWA8_GRVWB8_GSUAMB_GLS0_ISA1201_IU1_K1_LDSTI0_LBSPPA256_LBSPPB128_LBSPPM0_LPA16_LPB16_LPM0_LRVW8_LWPMn1_MIAV1_MIWT1_1_MO40_NTn1_NTA0_NTB0_NTC0_NTD0_NTM0_NEPBS0_NLCA1_NLCB1_ONLL1_PGR1_PLR1_PKA0_SIA1_SS1_SPO0_SRVW0_SSO0_SVW1_SK0_SKFTR0_SKXCCM0_TLDS1_ULSGRO0_USL1_UIOFGRO0_USFGROn1_VSn1_VWA1_VWB1_WSGRA0_WSGRB0_WS32_WG16_2_1\",\"solution_name\":\"Cijk_Ailk_Bljk_HHS_BH_Bias_HA_S_SAV_UserArgs_MT16x16x32_MI16x16x1_SN_LDSB0_AFC1_AFEM1_AFEM1_ASEM1_CLR1_CADS0_DTLA0_DTLB0_DTVA0_DTVB0_EPS0_FDSI0_GRPM1_GRVWA8_GRVWB8_GSU1_GSUAMB_GSUC0_GSUWGMRR0_GLS0_ISA1201_IU1_K1_LDSTI0_LBSPPA256_LBSPPB128_LBSPPM0_LPA16_LPB16_LPM0_LRVW8_LWPMn1_MIAV1_MIWT1_1_MO40_NTn1_NTA0_NTB0_NTC0_NTD0_NTM0_NEPBS0_NLCA1_NLCB1_ONLL1_PGR1_PLR1_PKA0_SIA1_SS1_SU32_SUM0_SUS256_SPO0_SRVW0_SSO0_SVW1_SK0_SKFTR0_SKXCCM0_TLDS1_ULSGRO0_USL1_UIOFGRO0_USFGROn1_VSn1_VWA1_VWB1_WSGRA0_WSGRB0_WS32_WG16_2_1_WGM8_WGMXCC1_WGMXCCGn1\",\"workspace_bytes\":0},\"bias_type\":\"HIP_R_16F\",\"compute_type\":\"HIPBLAS_COMPUTE_32F\",\"d_type\":\"HIP_R_16F\",\"direction\":\"NN\",\"epilogue\":\"BIAS\",\"execution_handle_count\":2,\"fresh_repeat\":2,\"heuristic_count\":32,\"heuristic_status\":0,\"k\":32,\"launches\":[{\"launch\":1,\"matmul_status\":0,\"output_memory\":{\"payload_unchanged\":false,\"prefix_guard_intact\":true,\"suffix_guard_intact\":true},\"stream_index\":0,\"synchronize_status\":0},{\"launch\":2,\"matmul_status\":0,\"output_memory\":{\"payload_unchanged\":false,\"prefix_guard_intact\":true,\"suffix_guard_intact\":true},\"stream_index\":1,\"synchronize_status\":0},{\"launch\":3,\"matmul_status\":0,\"output_memory\":{\"payload_unchanged\":false,\"prefix_guard_intact\":true,\"suffix_guard_intact\":true},\"stream_index\":0,\"synchronize_status\":0},{\"launch\":4,\"matmul_status\":0,\"output_memory\":{\"payload_unchanged\":false,\"prefix_guard_intact\":true,\"suffix_guard_intact\":true},\"stream_index\":1,\"synchronize_status\":0},{\"launch\":5,\"matmul_status\":0,\"output_memory\":{\"payload_unchanged\":false,\"prefix_guard_intact\":true,\"suffix_guard_intact\":true},\"stream_index\":0,\"synchronize_status\":0},{\"launch\":6,\"matmul_status\":0,\"output_memory\":{\"payload_unchanged\":false,\"prefix_guard_intact\":true,\"suffix_guard_intact\":true},\"stream_index\":1,\"synchronize_status\":0}],\"m\":32,\"marker\":\"TCNN_RDNA4_P3B1B_FP16_FORWARD_001\",\"n\":16,\"numerics\":{\"inf_count\":0,\"max_abs\":0.0,\"max_rel_outside_1e-3\":0.0,\"nan_count\":0,\"normalized_l2\":0.0,\"relu_mask_mismatches\":0},\"probe_state\":\"EXECUTED\",\"process_status\":\"PASS\",\"selected_candidate\":0,\"steady_state\":{\"launches\":4,\"new_descriptors\":0,\"new_handles\":0,\"new_heuristic_queries\":0,\"workspace_growth_bytes\":0},\"stream_count\":2,\"target_coverage\":{\"bias_axis_rows\":32,\"bias_sign_flip_count\":177,\"exact_zero_count\":3,\"large_finite_bias\":true,\"near_zero_count\":12},\"workspace_memory\":{\"payload_unchanged\":true,\"prefix_guard_intact\":true,\"suffix_guard_intact\":true}}\n",
      "stderr": ""
    },
    {
      "command": [
        "/tmp/tcnn_p3b1b_epi_uqmydzeb/probe_phase3b1b",
        "32",
        "16",
        "32",
        "BIAS",
        "f32",
        "1"
      ],
      "returncode": 0,
      "stdout": "{\"algorithm\":{\"index\":86505,\"kernel_name\":\"Cijk_Ailk_Bljk_HSS_BH_Bias_HA_S_SAV_UserArgs_MT16x16x32_MI16x16x1_SN_LDSB0_AFC1_AFEM1_AFEM1_ASEM1_CLR1_CADS0_DTLA0_DTLB0_DTVA0_DTVB0_EPS0_FDSI0_GRPM1_GRVWA8_GRVWB8_GSUAMB_GLS0_ISA1201_IU1_K1_LDSTI0_LBSPPA256_LBSPPB128_LBSPPM0_LPA16_LPB16_LPM0_LRVW8_LWPMn1_MIAV1_MIWT1_1_MO40_NTn1_NTA0_NTB0_NTC0_NTD0_NTM0_NEPBS0_NLCA1_NLCB1_ONLL1_PGR1_PLR1_PKA0_SIA1_SS1_SPO0_SRVW0_SSO0_SVW1_SK0_SKFTR0_SKXCCM0_TLDS1_ULSGRO0_USL1_UIOFGRO0_USFGROn1_VSn1_VWA1_VWB1_WSGRA0_WSGRB0_WS32_WG16_2_1\",\"solution_name\":\"Cijk_Ailk_Bljk_HSS_BH_Bias_HA_S_SAV_UserArgs_MT16x16x32_MI16x16x1_SN_LDSB0_AFC1_AFEM1_AFEM1_ASEM1_CLR1_CADS0_DTLA0_DTLB0_DTVA0_DTVB0_EPS0_FDSI0_GRPM1_GRVWA8_GRVWB8_GSU1_GSUAMB_GSUC0_GSUWGMRR0_GLS0_ISA1201_IU1_K1_LDSTI0_LBSPPA256_LBSPPB128_LBSPPM0_LPA16_LPB16_LPM0_LRVW8_LWPMn1_MIAV1_MIWT1_1_MO40_NTn1_NTA0_NTB0_NTC0_NTD0_NTM0_NEPBS0_NLCA1_NLCB1_ONLL1_PGR1_PLR1_PKA0_SIA1_SS1_SU32_SUM0_SUS256_SPO0_SRVW0_SSO0_SVW1_SK0_SKFTR0_SKXCCM0_TLDS1_ULSGRO0_USL1_UIOFGRO0_USFGROn1_VSn1_VWA1_VWB1_WSGRA0_WSGRB0_WS32_WG16_2_1_WGM8_WGMXCC1_WGMXCCGn1\",\"workspace_bytes\":0},\"bias_type\":\"HIP_R_16F\",\"compute_type\":\"HIPBLAS_COMPUTE_32F\",\"d_type\":\"HIP_R_32F\",\"direction\":\"NN\",\"epilogue\":\"BIAS\",\"execution_handle_count\":2,\"fresh_repeat\":1,\"heuristic_count\":32,\"heuristic_status\":0,\"k\":32,\"launches\":[{\"launch\":1,\"matmul_status\":0,\"output_memory\":{\"payload_unchanged\":false,\"prefix_guard_intact\":true,\"suffix_guard_intact\":true},\"stream_index\":0,\"synchronize_status\":0},{\"launch\":2,\"matmul_status\":0,\"output_memory\":{\"payload_unchanged\":false,\"prefix_guard_intact\":true,\"suffix_guard_intact\":true},\"stream_index\":1,\"synchronize_status\":0},{\"launch\":3,\"matmul_status\":0,\"output_memory\":{\"payload_unchanged\":false,\"prefix_guard_intact\":true,\"suffix_guard_intact\":true},\"stream_index\":0,\"synchronize_status\":0},{\"launch\":4,\"matmul_status\":0,\"output_memory\":{\"payload_unchanged\":false,\"prefix_guard_intact\":true,\"suffix_guard_intact\":true},\"stream_index\":1,\"synchronize_status\":0},{\"launch\":5,\"matmul_status\":0,\"output_memory\":{\"payload_unchanged\":false,\"prefix_guard_intact\":true,\"suffix_guard_intact\":true},\"stream_index\":0,\"synchronize_status\":0},{\"launch\":6,\"matmul_status\":0,\"output_memory\":{\"payload_unchanged\":false,\"prefix_guard_intact\":true,\"suffix_guard_intact\":true},\"stream_index\":1,\"synchronize_status\":0}],\"m\":32,\"marker\":\"TCNN_RDNA4_P3B1B_FP16_FORWARD_001\",\"n\":16,\"numerics\":{\"inf_count\":0,\"max_abs\":0.0,\"max_rel_outside_1e-3\":0.0,\"nan_count\":0,\"normalized_l2\":0.0,\"relu_mask_mismatches\":0},\"probe_state\":\"EXECUTED\",\"process_status\":\"PASS\",\"selected_candidate\":0,\"steady_state\":{\"launches\":4,\"new_descriptors\":0,\"new_handles\":0,\"new_heuristic_queries\":0,\"workspace_growth_bytes\":0},\"stream_count\":2,\"target_coverage\":{\"bias_axis_rows\":32,\"bias_sign_flip_count\":177,\"exact_zero_count\":3,\"large_finite_bias\":true,\"near_zero_count\":12},\"workspace_memory\":{\"payload_unchanged\":true,\"prefix_guard_intact\":true,\"suffix_guard_intact\":true}}\n",
      "stderr": ""
    },
    {
      "command": [
        "/tmp/tcnn_p3b1b_epi_uqmydzeb/probe_phase3b1b",
        "32",
        "16",
        "32",
        "BIAS",
        "f32",
        "2"
      ],
      "returncode": 0,
      "stdout": "{\"algorithm\":{\"index\":86505,\"kernel_name\":\"Cijk_Ailk_Bljk_HSS_BH_Bias_HA_S_SAV_UserArgs_MT16x16x32_MI16x16x1_SN_LDSB0_AFC1_AFEM1_AFEM1_ASEM1_CLR1_CADS0_DTLA0_DTLB0_DTVA0_DTVB0_EPS0_FDSI0_GRPM1_GRVWA8_GRVWB8_GSUAMB_GLS0_ISA1201_IU1_K1_LDSTI0_LBSPPA256_LBSPPB128_LBSPPM0_LPA16_LPB16_LPM0_LRVW8_LWPMn1_MIAV1_MIWT1_1_MO40_NTn1_NTA0_NTB0_NTC0_NTD0_NTM0_NEPBS0_NLCA1_NLCB1_ONLL1_PGR1_PLR1_PKA0_SIA1_SS1_SPO0_SRVW0_SSO0_SVW1_SK0_SKFTR0_SKXCCM0_TLDS1_ULSGRO0_USL1_UIOFGRO0_USFGROn1_VSn1_VWA1_VWB1_WSGRA0_WSGRB0_WS32_WG16_2_1\",\"solution_name\":\"Cijk_Ailk_Bljk_HSS_BH_Bias_HA_S_SAV_UserArgs_MT16x16x32_MI16x16x1_SN_LDSB0_AFC1_AFEM1_AFEM1_ASEM1_CLR1_CADS0_DTLA0_DTLB0_DTVA0_DTVB0_EPS0_FDSI0_GRPM1_GRVWA8_GRVWB8_GSU1_GSUAMB_GSUC0_GSUWGMRR0_GLS0_ISA1201_IU1_K1_LDSTI0_LBSPPA256_LBSPPB128_LBSPPM0_LPA16_LPB16_LPM0_LRVW8_LWPMn1_MIAV1_MIWT1_1_MO40_NTn1_NTA0_NTB0_NTC0_NTD0_NTM0_NEPBS0_NLCA1_NLCB1_ONLL1_PGR1_PLR1_PKA0_SIA1_SS1_SU32_SUM0_SUS256_SPO0_SRVW0_SSO0_SVW1_SK0_SKFTR0_SKXCCM0_TLDS1_ULSGRO0_USL1_UIOFGRO0_USFGROn1_VSn1_VWA1_VWB1_WSGRA0_WSGRB0_WS32_WG16_2_1_WGM8_WGMXCC1_WGMXCCGn1\",\"workspace_bytes\":0},\"bias_type\":\"HIP_R_16F\",\"compute_type\":\"HIPBLAS_COMPUTE_32F\",\"d_type\":\"HIP_R_32F\",\"direction\":\"NN\",\"epilogue\":\"BIAS\",\"execution_handle_count\":2,\"fresh_repeat\":2,\"heuristic_count\":32,\"heuristic_status\":0,\"k\":32,\"launches\":[{\"launch\":1,\"matmul_status\":0,\"output_memory\":{\"payload_unchanged\":false,\"prefix_guard_intact\":true,\"suffix_guard_intact\":true},\"stream_index\":0,\"synchronize_status\":0},{\"launch\":2,\"matmul_status\":0,\"output_memory\":{\"payload_unchanged\":false,\"prefix_guard_intact\":true,\"suffix_guard_intact\":true},\"stream_index\":1,\"synchronize_status\":0},{\"launch\":3,\"matmul_status\":0,\"output_memory\":{\"payload_unchanged\":false,\"prefix_guard_intact\":true,\"suffix_guard_intact\":true},\"stream_index\":0,\"synchronize_status\":0},{\"launch\":4,\"matmul_status\":0,\"output_memory\":{\"payload_unchanged\":false,\"prefix_guard_intact\":true,\"suffix_guard_intact\":true},\"stream_index\":1,\"synchronize_status\":0},{\"launch\":5,\"matmul_status\":0,\"output_memory\":{\"payload_unchanged\":false,\"prefix_guard_intact\":true,\"suffix_guard_intact\":true},\"stream_index\":0,\"synchronize_status\":0},{\"launch\":6,\"matmul_status\":0,\"output_memory\":{\"payload_unchanged\":false,\"prefix_guard_intact\":true,\"suffix_guard_intact\":true},\"stream_index\":1,\"synchronize_status\":0}],\"m\":32,\"marker\":\"TCNN_RDNA4_P3B1B_FP16_FORWARD_001\",\"n\":16,\"numerics\":{\"inf_count\":0,\"max_abs\":0.0,\"max_rel_outside_1e-3\":0.0,\"nan_count\":0,\"normalized_l2\":0.0,\"relu_mask_mismatches\":0},\"probe_state\":\"EXECUTED\",\"process_status\":\"PASS\",\"selected_candidate\":0,\"steady_state\":{\"launches\":4,\"new_descriptors\":0,\"new_handles\":0,\"new_heuristic_queries\":0,\"workspace_growth_bytes\":0},\"stream_count\":2,\"target_coverage\":{\"bias_axis_rows\":32,\"bias_sign_flip_count\":177,\"exact_zero_count\":3,\"large_finite_bias\":true,\"near_zero_count\":12},\"workspace_memory\":{\"payload_unchanged\":true,\"prefix_guard_intact\":true,\"suffix_guard_intact\":true}}\n",
      "stderr": ""
    },
    {
      "command": [
        "/tmp/tcnn_p3b1b_epi_uqmydzeb/probe_phase3b1b",
        "32",
        "16",
        "32",
        "RELU_BIAS",
        "f16",
        "1"
      ],
      "returncode": 0,
      "stdout": "{\"algorithm\":{\"index\":84828,\"kernel_name\":\"Cijk_Ailk_Bljk_HHS_BH_Bias_HA_S_SAV_UserArgs_MT16x16x32_MI16x16x1_SN_LDSB0_AFC1_AFEM1_AFEM1_ASEM1_CLR1_CADS0_DTLA0_DTLB0_DTVA0_DTVB0_EPS0_FDSI0_GRPM1_GRVWA8_GRVWB8_GSUAMB_GLS0_ISA1201_IU1_K1_LDSTI0_LBSPPA256_LBSPPB128_LBSPPM0_LPA16_LPB16_LPM0_LRVW8_LWPMn1_MIAV1_MIWT1_1_MO40_NTn1_NTA0_NTB0_NTC0_NTD0_NTM0_NEPBS0_NLCA1_NLCB1_ONLL1_PGR1_PLR1_PKA0_SIA1_SS1_SPO0_SRVW0_SSO0_SVW1_SK0_SKFTR0_SKXCCM0_TLDS1_ULSGRO0_USL1_UIOFGRO0_USFGROn1_VSn1_VWA1_VWB1_WSGRA0_WSGRB0_WS32_WG16_2_1\",\"solution_name\":\"Cijk_Ailk_Bljk_HHS_BH_Bias_HA_S_SAV_UserArgs_MT16x16x32_MI16x16x1_SN_LDSB0_AFC1_AFEM1_AFEM1_ASEM1_CLR1_CADS0_DTLA0_DTLB0_DTVA0_DTVB0_EPS0_FDSI0_GRPM1_GRVWA8_GRVWB8_GSU1_GSUAMB_GSUC0_GSUWGMRR0_GLS0_ISA1201_IU1_K1_LDSTI0_LBSPPA256_LBSPPB128_LBSPPM0_LPA16_LPB16_LPM0_LRVW8_LWPMn1_MIAV1_MIWT1_1_MO40_NTn1_NTA0_NTB0_NTC0_NTD0_NTM0_NEPBS0_NLCA1_NLCB1_ONLL1_PGR1_PLR1_PKA0_SIA1_SS1_SU32_SUM0_SUS256_SPO0_SRVW0_SSO0_SVW1_SK0_SKFTR0_SKXCCM0_TLDS1_ULSGRO0_USL1_UIOFGRO0_USFGROn1_VSn1_VWA1_VWB1_WSGRA0_WSGRB0_WS32_WG16_2_1_WGM8_WGMXCC1_WGMXCCGn1\",\"workspace_bytes\":0},\"bias_type\":\"HIP_R_16F\",\"compute_type\":\"HIPBLAS_COMPUTE_32F\",\"d_type\":\"HIP_R_16F\",\"direction\":\"NN\",\"epilogue\":\"RELU_BIAS\",\"execution_handle_count\":2,\"fresh_repeat\":1,\"heuristic_count\":32,\"heuristic_status\":0,\"k\":32,\"launches\":[{\"launch\":1,\"matmul_status\":0,\"output_memory\":{\"payload_unchanged\":false,\"prefix_guard_intact\":true,\"suffix_guard_intact\":true},\"stream_index\":0,\"synchronize_status\":0},{\"launch\":2,\"matmul_status\":0,\"output_memory\":{\"payload_unchanged\":false,\"prefix_guard_intact\":true,\"suffix_guard_intact\":true},\"stream_index\":1,\"synchronize_status\":0},{\"launch\":3,\"matmul_status\":0,\"output_memory\":{\"payload_unchanged\":false,\"prefix_guard_intact\":true,\"suffix_guard_intact\":true},\"stream_index\":0,\"synchronize_status\":0},{\"launch\":4,\"matmul_status\":0,\"output_memory\":{\"payload_unchanged\":false,\"prefix_guard_intact\":true,\"suffix_guard_intact\":true},\"stream_index\":1,\"synchronize_status\":0},{\"launch\":5,\"matmul_status\":0,\"output_memory\":{\"payload_unchanged\":false,\"prefix_guard_intact\":true,\"suffix_guard_intact\":true},\"stream_index\":0,\"synchronize_status\":0},{\"launch\":6,\"matmul_status\":0,\"output_memory\":{\"payload_unchanged\":false,\"prefix_guard_intact\":true,\"suffix_guard_intact\":true},\"stream_index\":1,\"synchronize_status\":0}],\"m\":32,\"marker\":\"TCNN_RDNA4_P3B1B_FP16_FORWARD_001\",\"n\":16,\"numerics\":{\"inf_count\":0,\"max_abs\":0.0,\"max_rel_outside_1e-3\":0.0,\"nan_count\":0,\"normalized_l2\":0.0,\"relu_mask_mismatches\":0},\"probe_state\":\"EXECUTED\",\"process_status\":\"PASS\",\"selected_candidate\":0,\"steady_state\":{\"launches\":4,\"new_descriptors\":0,\"new_handles\":0,\"new_heuristic_queries\":0,\"workspace_growth_bytes\":0},\"stream_count\":2,\"target_coverage\":{\"bias_axis_rows\":32,\"bias_sign_flip_count\":177,\"exact_zero_count\":238,\"large_finite_bias\":true,\"near_zero_count\":242},\"workspace_memory\":{\"payload_unchanged\":true,\"prefix_guard_intact\":true,\"suffix_guard_intact\":true}}\n",
      "stderr": ""
    },
    {
      "command": [
        "/tmp/tcnn_p3b1b_epi_uqmydzeb/probe_phase3b1b",
        "32",
        "16",
        "32",
        "RELU_BIAS",
        "f16",
        "2"
      ],
      "returncode": 0,
      "stdout": "{\"algorithm\":{\"index\":84828,\"kernel_name\":\"Cijk_Ailk_Bljk_HHS_BH_Bias_HA_S_SAV_UserArgs_MT16x16x32_MI16x16x1_SN_LDSB0_AFC1_AFEM1_AFEM1_ASEM1_CLR1_CADS0_DTLA0_DTLB0_DTVA0_DTVB0_EPS0_FDSI0_GRPM1_GRVWA8_GRVWB8_GSUAMB_GLS0_ISA1201_IU1_K1_LDSTI0_LBSPPA256_LBSPPB128_LBSPPM0_LPA16_LPB16_LPM0_LRVW8_LWPMn1_MIAV1_MIWT1_1_MO40_NTn1_NTA0_NTB0_NTC0_NTD0_NTM0_NEPBS0_NLCA1_NLCB1_ONLL1_PGR1_PLR1_PKA0_SIA1_SS1_SPO0_SRVW0_SSO0_SVW1_SK0_SKFTR0_SKXCCM0_TLDS1_ULSGRO0_USL1_UIOFGRO0_USFGROn1_VSn1_VWA1_VWB1_WSGRA0_WSGRB0_WS32_WG16_2_1\",\"solution_name\":\"Cijk_Ailk_Bljk_HHS_BH_Bias_HA_S_SAV_UserArgs_MT16x16x32_MI16x16x1_SN_LDSB0_AFC1_AFEM1_AFEM1_ASEM1_CLR1_CADS0_DTLA0_DTLB0_DTVA0_DTVB0_EPS0_FDSI0_GRPM1_GRVWA8_GRVWB8_GSU1_GSUAMB_GSUC0_GSUWGMRR0_GLS0_ISA1201_IU1_K1_LDSTI0_LBSPPA256_LBSPPB128_LBSPPM0_LPA16_LPB16_LPM0_LRVW8_LWPMn1_MIAV1_MIWT1_1_MO40_NTn1_NTA0_NTB0_NTC0_NTD0_NTM0_NEPBS0_NLCA1_NLCB1_ONLL1_PGR1_PLR1_PKA0_SIA1_SS1_SU32_SUM0_SUS256_SPO0_SRVW0_SSO0_SVW1_SK0_SKFTR0_SKXCCM0_TLDS1_ULSGRO0_USL1_UIOFGRO0_USFGROn1_VSn1_VWA1_VWB1_WSGRA0_WSGRB0_WS32_WG16_2_1_WGM8_WGMXCC1_WGMXCCGn1\",\"workspace_bytes\":0},\"bias_type\":\"HIP_R_16F\",\"compute_type\":\"HIPBLAS_COMPUTE_32F\",\"d_type\":\"HIP_R_16F\",\"direction\":\"NN\",\"epilogue\":\"RELU_BIAS\",\"execution_handle_count\":2,\"fresh_repeat\":2,\"heuristic_count\":32,\"heuristic_status\":0,\"k\":32,\"launches\":[{\"launch\":1,\"matmul_status\":0,\"output_memory\":{\"payload_unchanged\":false,\"prefix_guard_intact\":true,\"suffix_guard_intact\":true},\"stream_index\":0,\"synchronize_status\":0},{\"launch\":2,\"matmul_status\":0,\"output_memory\":{\"payload_unchanged\":false,\"prefix_guard_intact\":true,\"suffix_guard_intact\":true},\"stream_index\":1,\"synchronize_status\":0},{\"launch\":3,\"matmul_status\":0,\"output_memory\":{\"payload_unchanged\":false,\"prefix_guard_intact\":true,\"suffix_guard_intact\":true},\"stream_index\":0,\"synchronize_status\":0},{\"launch\":4,\"matmul_status\":0,\"output_memory\":{\"payload_unchanged\":false,\"prefix_guard_intact\":true,\"suffix_guard_intact\":true},\"stream_index\":1,\"synchronize_status\":0},{\"launch\":5,\"matmul_status\":0,\"output_memory\":{\"payload_unchanged\":false,\"prefix_guard_intact\":true,\"suffix_guard_intact\":true},\"stream_index\":0,\"synchronize_status\":0},{\"launch\":6,\"matmul_status\":0,\"output_memory\":{\"payload_unchanged\":false,\"prefix_guard_intact\":true,\"suffix_guard_intact\":true},\"stream_index\":1,\"synchronize_status\":0}],\"m\":32,\"marker\":\"TCNN_RDNA4_P3B1B_FP16_FORWARD_001\",\"n\":16,\"numerics\":{\"inf_count\":0,\"max_abs\":0.0,\"max_rel_outside_1e-3\":0.0,\"nan_count\":0,\"normalized_l2\":0.0,\"relu_mask_mismatches\":0},\"probe_state\":\"EXECUTED\",\"process_status\":\"PASS\",\"selected_candidate\":0,\"steady_state\":{\"launches\":4,\"new_descriptors\":0,\"new_handles\":0,\"new_heuristic_queries\":0,\"workspace_growth_bytes\":0},\"stream_count\":2,\"target_coverage\":{\"bias_axis_rows\":32,\"bias_sign_flip_count\":177,\"exact_zero_count\":238,\"large_finite_bias\":true,\"near_zero_count\":242},\"workspace_memory\":{\"payload_unchanged\":true,\"prefix_guard_intact\":true,\"suffix_guard_intact\":true}}\n",
      "stderr": ""
    },
    {
      "command": [
        "/tmp/tcnn_p3b1b_epi_uqmydzeb/probe_phase3b1b",
        "32",
        "16",
        "32",
        "RELU_BIAS",
        "f32",
        "1"
      ],
      "returncode": 0,
      "stdout": "{\"algorithm\":{\"index\":86505,\"kernel_name\":\"Cijk_Ailk_Bljk_HSS_BH_Bias_HA_S_SAV_UserArgs_MT16x16x32_MI16x16x1_SN_LDSB0_AFC1_AFEM1_AFEM1_ASEM1_CLR1_CADS0_DTLA0_DTLB0_DTVA0_DTVB0_EPS0_FDSI0_GRPM1_GRVWA8_GRVWB8_GSUAMB_GLS0_ISA1201_IU1_K1_LDSTI0_LBSPPA256_LBSPPB128_LBSPPM0_LPA16_LPB16_LPM0_LRVW8_LWPMn1_MIAV1_MIWT1_1_MO40_NTn1_NTA0_NTB0_NTC0_NTD0_NTM0_NEPBS0_NLCA1_NLCB1_ONLL1_PGR1_PLR1_PKA0_SIA1_SS1_SPO0_SRVW0_SSO0_SVW1_SK0_SKFTR0_SKXCCM0_TLDS1_ULSGRO0_USL1_UIOFGRO0_USFGROn1_VSn1_VWA1_VWB1_WSGRA0_WSGRB0_WS32_WG16_2_1\",\"solution_name\":\"Cijk_Ailk_Bljk_HSS_BH_Bias_HA_S_SAV_UserArgs_MT16x16x32_MI16x16x1_SN_LDSB0_AFC1_AFEM1_AFEM1_ASEM1_CLR1_CADS0_DTLA0_DTLB0_DTVA0_DTVB0_EPS0_FDSI0_GRPM1_GRVWA8_GRVWB8_GSU1_GSUAMB_GSUC0_GSUWGMRR0_GLS0_ISA1201_IU1_K1_LDSTI0_LBSPPA256_LBSPPB128_LBSPPM0_LPA16_LPB16_LPM0_LRVW8_LWPMn1_MIAV1_MIWT1_1_MO40_NTn1_NTA0_NTB0_NTC0_NTD0_NTM0_NEPBS0_NLCA1_NLCB1_ONLL1_PGR1_PLR1_PKA0_SIA1_SS1_SU32_SUM0_SUS256_SPO0_SRVW0_SSO0_SVW1_SK0_SKFTR0_SKXCCM0_TLDS1_ULSGRO0_USL1_UIOFGRO0_USFGROn1_VSn1_VWA1_VWB1_WSGRA0_WSGRB0_WS32_WG16_2_1_WGM8_WGMXCC1_WGMXCCGn1\",\"workspace_bytes\":0},\"bias_type\":\"HIP_R_16F\",\"compute_type\":\"HIPBLAS_COMPUTE_32F\",\"d_type\":\"HIP_R_32F\",\"direction\":\"NN\",\"epilogue\":\"RELU_BIAS\",\"execution_handle_count\":2,\"fresh_repeat\":1,\"heuristic_count\":32,\"heuristic_status\":0,\"k\":32,\"launches\":[{\"launch\":1,\"matmul_status\":0,\"output_memory\":{\"payload_unchanged\":false,\"prefix_guard_intact\":true,\"suffix_guard_intact\":true},\"stream_index\":0,\"synchronize_status\":0},{\"launch\":2,\"matmul_status\":0,\"output_memory\":{\"payload_unchanged\":false,\"prefix_guard_intact\":true,\"suffix_guard_intact\":true},\"stream_index\":1,\"synchronize_status\":0},{\"launch\":3,\"matmul_status\":0,\"output_memory\":{\"payload_unchanged\":false,\"prefix_guard_intact\":true,\"suffix_guard_intact\":true},\"stream_index\":0,\"synchronize_status\":0},{\"launch\":4,\"matmul_status\":0,\"output_memory\":{\"payload_unchanged\":false,\"prefix_guard_intact\":true,\"suffix_guard_intact\":true},\"stream_index\":1,\"synchronize_status\":0},{\"launch\":5,\"matmul_status\":0,\"output_memory\":{\"payload_unchanged\":false,\"prefix_guard_intact\":true,\"suffix_guard_intact\":true},\"stream_index\":0,\"synchronize_status\":0},{\"launch\":6,\"matmul_status\":0,\"output_memory\":{\"payload_unchanged\":false,\"prefix_guard_intact\":true,\"suffix_guard_intact\":true},\"stream_index\":1,\"synchronize_status\":0}],\"m\":32,\"marker\":\"TCNN_RDNA4_P3B1B_FP16_FORWARD_001\",\"n\":16,\"numerics\":{\"inf_count\":0,\"max_abs\":0.0,\"max_rel_outside_1e-3\":0.0,\"nan_count\":0,\"normalized_l2\":0.0,\"relu_mask_mismatches\":0},\"probe_state\":\"EXECUTED\",\"process_status\":\"PASS\",\"selected_candidate\":0,\"steady_state\":{\"launches\":4,\"new_descriptors\":0,\"new_handles\":0,\"new_heuristic_queries\":0,\"workspace_growth_bytes\":0},\"stream_count\":2,\"target_coverage\":{\"bias_axis_rows\":32,\"bias_sign_flip_count\":177,\"exact_zero_count\":238,\"large_finite_bias\":true,\"near_zero_count\":242},\"workspace_memory\":{\"payload_unchanged\":true,\"prefix_guard_intact\":true,\"suffix_guard_intact\":true}}\n",
      "stderr": ""
    },
    {
      "command": [
        "/tmp/tcnn_p3b1b_epi_uqmydzeb/probe_phase3b1b",
        "32",
        "16",
        "32",
        "RELU_BIAS",
        "f32",
        "2"
      ],
      "returncode": 0,
      "stdout": "{\"algorithm\":{\"index\":86505,\"kernel_name\":\"Cijk_Ailk_Bljk_HSS_BH_Bias_HA_S_SAV_UserArgs_MT16x16x32_MI16x16x1_SN_LDSB0_AFC1_AFEM1_AFEM1_ASEM1_CLR1_CADS0_DTLA0_DTLB0_DTVA0_DTVB0_EPS0_FDSI0_GRPM1_GRVWA8_GRVWB8_GSUAMB_GLS0_ISA1201_IU1_K1_LDSTI0_LBSPPA256_LBSPPB128_LBSPPM0_LPA16_LPB16_LPM0_LRVW8_LWPMn1_MIAV1_MIWT1_1_MO40_NTn1_NTA0_NTB0_NTC0_NTD0_NTM0_NEPBS0_NLCA1_NLCB1_ONLL1_PGR1_PLR1_PKA0_SIA1_SS1_SPO0_SRVW0_SSO0_SVW1_SK0_SKFTR0_SKXCCM0_TLDS1_ULSGRO0_USL1_UIOFGRO0_USFGROn1_VSn1_VWA1_VWB1_WSGRA0_WSGRB0_WS32_WG16_2_1\",\"solution_name\":\"Cijk_Ailk_Bljk_HSS_BH_Bias_HA_S_SAV_UserArgs_MT16x16x32_MI16x16x1_SN_LDSB0_AFC1_AFEM1_AFEM1_ASEM1_CLR1_CADS0_DTLA0_DTLB0_DTVA0_DTVB0_EPS0_FDSI0_GRPM1_GRVWA8_GRVWB8_GSU1_GSUAMB_GSUC0_GSUWGMRR0_GLS0_ISA1201_IU1_K1_LDSTI0_LBSPPA256_LBSPPB128_LBSPPM0_LPA16_LPB16_LPM0_LRVW8_LWPMn1_MIAV1_MIWT1_1_MO40_NTn1_NTA0_NTB0_NTC0_NTD0_NTM0_NEPBS0_NLCA1_NLCB1_ONLL1_PGR1_PLR1_PKA0_SIA1_SS1_SU32_SUM0_SUS256_SPO0_SRVW0_SSO0_SVW1_SK0_SKFTR0_SKXCCM0_TLDS1_ULSGRO0_USL1_UIOFGRO0_USFGROn1_VSn1_VWA1_VWB1_WSGRA0_WSGRB0_WS32_WG16_2_1_WGM8_WGMXCC1_WGMXCCGn1\",\"workspace_bytes\":0},\"bias_type\":\"HIP_R_16F\",\"compute_type\":\"HIPBLAS_COMPUTE_32F\",\"d_type\":\"HIP_R_32F\",\"direction\":\"NN\",\"epilogue\":\"RELU_BIAS\",\"execution_handle_count\":2,\"fresh_repeat\":2,\"heuristic_count\":32,\"heuristic_status\":0,\"k\":32,\"launches\":[{\"launch\":1,\"matmul_status\":0,\"output_memory\":{\"payload_unchanged\":false,\"prefix_guard_intact\":true,\"suffix_guard_intact\":true},\"stream_index\":0,\"synchronize_status\":0},{\"launch\":2,\"matmul_status\":0,\"output_memory\":{\"payload_unchanged\":false,\"prefix_guard_intact\":true,\"suffix_guard_intact\":true},\"stream_index\":1,\"synchronize_status\":0},{\"launch\":3,\"matmul_status\":0,\"output_memory\":{\"payload_unchanged\":false,\"prefix_guard_intact\":true,\"suffix_guard_intact\":true},\"stream_index\":0,\"synchronize_status\":0},{\"launch\":4,\"matmul_status\":0,\"output_memory\":{\"payload_unchanged\":false,\"prefix_guard_intact\":true,\"suffix_guard_intact\":true},\"stream_index\":1,\"synchronize_status\":0},{\"launch\":5,\"matmul_status\":0,\"output_memory\":{\"payload_unchanged\":false,\"prefix_guard_intact\":true,\"suffix_guard_intact\":true},\"stream_index\":0,\"synchronize_status\":0},{\"launch\":6,\"matmul_status\":0,\"output_memory\":{\"payload_unchanged\":false,\"prefix_guard_intact\":true,\"suffix_guard_intact\":true},\"stream_index\":1,\"synchronize_status\":0}],\"m\":32,\"marker\":\"TCNN_RDNA4_P3B1B_FP16_FORWARD_001\",\"n\":16,\"numerics\":{\"inf_count\":0,\"max_abs\":0.0,\"max_rel_outside_1e-3\":0.0,\"nan_count\":0,\"normalized_l2\":0.0,\"relu_mask_mismatches\":0},\"probe_state\":\"EXECUTED\",\"process_status\":\"PASS\",\"selected_candidate\":0,\"steady_state\":{\"launches\":4,\"new_descriptors\":0,\"new_handles\":0,\"new_heuristic_queries\":0,\"workspace_growth_bytes\":0},\"stream_count\":2,\"target_coverage\":{\"bias_axis_rows\":32,\"bias_sign_flip_count\":177,\"exact_zero_count\":238,\"large_finite_bias\":true,\"near_zero_count\":242},\"workspace_memory\":{\"payload_unchanged\":true,\"prefix_guard_intact\":true,\"suffix_guard_intact\":true}}\n",
      "stderr": ""
    },
    {
      "command": [
        "/tmp/tcnn_p3b1b_epi_uqmydzeb/probe_phase3b1b",
        "32",
        "16",
        "64",
        "BIAS",
        "f16",
        "1"
      ],
      "returncode": 0,
      "stdout": "{\"algorithm\":{\"index\":84828,\"kernel_name\":\"Cijk_Ailk_Bljk_HHS_BH_Bias_HA_S_SAV_UserArgs_MT16x16x32_MI16x16x1_SN_LDSB0_AFC1_AFEM1_AFEM1_ASEM1_CLR1_CADS0_DTLA0_DTLB0_DTVA0_DTVB0_EPS0_FDSI0_GRPM1_GRVWA8_GRVWB8_GSUAMB_GLS0_ISA1201_IU1_K1_LDSTI0_LBSPPA256_LBSPPB128_LBSPPM0_LPA16_LPB16_LPM0_LRVW8_LWPMn1_MIAV1_MIWT1_1_MO40_NTn1_NTA0_NTB0_NTC0_NTD0_NTM0_NEPBS0_NLCA1_NLCB1_ONLL1_PGR1_PLR1_PKA0_SIA1_SS1_SPO0_SRVW0_SSO0_SVW1_SK0_SKFTR0_SKXCCM0_TLDS1_ULSGRO0_USL1_UIOFGRO0_USFGROn1_VSn1_VWA1_VWB1_WSGRA0_WSGRB0_WS32_WG16_2_1\",\"solution_name\":\"Cijk_Ailk_Bljk_HHS_BH_Bias_HA_S_SAV_UserArgs_MT16x16x32_MI16x16x1_SN_LDSB0_AFC1_AFEM1_AFEM1_ASEM1_CLR1_CADS0_DTLA0_DTLB0_DTVA0_DTVB0_EPS0_FDSI0_GRPM1_GRVWA8_GRVWB8_GSU1_GSUAMB_GSUC0_GSUWGMRR0_GLS0_ISA1201_IU1_K1_LDSTI0_LBSPPA256_LBSPPB128_LBSPPM0_LPA16_LPB16_LPM0_LRVW8_LWPMn1_MIAV1_MIWT1_1_MO40_NTn1_NTA0_NTB0_NTC0_NTD0_NTM0_NEPBS0_NLCA1_NLCB1_ONLL1_PGR1_PLR1_PKA0_SIA1_SS1_SU32_SUM0_SUS256_SPO0_SRVW0_SSO0_SVW1_SK0_SKFTR0_SKXCCM0_TLDS1_ULSGRO0_USL1_UIOFGRO0_USFGROn1_VSn1_VWA1_VWB1_WSGRA0_WSGRB0_WS32_WG16_2_1_WGM8_WGMXCC1_WGMXCCGn1\",\"workspace_bytes\":0},\"bias_type\":\"HIP_R_16F\",\"compute_type\":\"HIPBLAS_COMPUTE_32F\",\"d_type\":\"HIP_R_16F\",\"direction\":\"NN\",\"epilogue\":\"BIAS\",\"execution_handle_count\":2,\"fresh_repeat\":1,\"heuristic_count\":32,\"heuristic_status\":0,\"k\":64,\"launches\":[{\"launch\":1,\"matmul_status\":0,\"output_memory\":{\"payload_unchanged\":false,\"prefix_guard_intact\":true,\"suffix_guard_intact\":true},\"stream_index\":0,\"synchronize_status\":0},{\"launch\":2,\"matmul_status\":0,\"output_memory\":{\"payload_unchanged\":false,\"prefix_guard_intact\":true,\"suffix_guard_intact\":true},\"stream_index\":1,\"synchronize_status\":0},{\"launch\":3,\"matmul_status\":0,\"output_memory\":{\"payload_unchanged\":false,\"prefix_guard_intact\":true,\"suffix_guard_intact\":true},\"stream_index\":0,\"synchronize_status\":0},{\"launch\":4,\"matmul_status\":0,\"output_memory\":{\"payload_unchanged\":false,\"prefix_guard_intact\":true,\"suffix_guard_intact\":true},\"stream_index\":1,\"synchronize_status\":0},{\"launch\":5,\"matmul_status\":0,\"output_memory\":{\"payload_unchanged\":false,\"prefix_guard_intact\":true,\"suffix_guard_intact\":true},\"stream_index\":0,\"synchronize_status\":0},{\"launch\":6,\"matmul_status\":0,\"output_memory\":{\"payload_unchanged\":false,\"prefix_guard_intact\":true,\"suffix_guard_intact\":true},\"stream_index\":1,\"synchronize_status\":0}],\"m\":32,\"marker\":\"TCNN_RDNA4_P3B1B_FP16_FORWARD_001\",\"n\":16,\"numerics\":{\"inf_count\":0,\"max_abs\":0.0,\"max_rel_outside_1e-3\":0.0,\"nan_count\":0,\"normalized_l2\":0.0,\"relu_mask_mismatches\":0},\"probe_state\":\"EXECUTED\",\"process_status\":\"PASS\",\"selected_candidate\":0,\"steady_state\":{\"launches\":4,\"new_descriptors\":0,\"new_handles\":0,\"new_heuristic_queries\":0,\"workspace_growth_bytes\":0},\"stream_count\":2,\"target_coverage\":{\"bias_axis_rows\":32,\"bias_sign_flip_count\":164,\"exact_zero_count\":3,\"large_finite_bias\":true,\"near_zero_count\":12},\"workspace_memory\":{\"payload_unchanged\":true,\"prefix_guard_intact\":true,\"suffix_guard_intact\":true}}\n",
      "stderr": ""
    },
    {
      "command": [
        "/tmp/tcnn_p3b1b_epi_uqmydzeb/probe_phase3b1b",
        "32",
        "16",
        "64",
        "BIAS",
        "f16",
        "2"
      ],
      "returncode": 0,
      "stdout": "{\"algorithm\":{\"index\":84828,\"kernel_name\":\"Cijk_Ailk_Bljk_HHS_BH_Bias_HA_S_SAV_UserArgs_MT16x16x32_MI16x16x1_SN_LDSB0_AFC1_AFEM1_AFEM1_ASEM1_CLR1_CADS0_DTLA0_DTLB0_DTVA0_DTVB0_EPS0_FDSI0_GRPM1_GRVWA8_GRVWB8_GSUAMB_GLS0_ISA1201_IU1_K1_LDSTI0_LBSPPA256_LBSPPB128_LBSPPM0_LPA16_LPB16_LPM0_LRVW8_LWPMn1_MIAV1_MIWT1_1_MO40_NTn1_NTA0_NTB0_NTC0_NTD0_NTM0_NEPBS0_NLCA1_NLCB1_ONLL1_PGR1_PLR1_PKA0_SIA1_SS1_SPO0_SRVW0_SSO0_SVW1_SK0_SKFTR0_SKXCCM0_TLDS1_ULSGRO0_USL1_UIOFGRO0_USFGROn1_VSn1_VWA1_VWB1_WSGRA0_WSGRB0_WS32_WG16_2_1\",\"solution_name\":\"Cijk_Ailk_Bljk_HHS_BH_Bias_HA_S_SAV_UserArgs_MT16x16x32_MI16x16x1_SN_LDSB0_AFC1_AFEM1_AFEM1_ASEM1_CLR1_CADS0_DTLA0_DTLB0_DTVA0_DTVB0_EPS0_FDSI0_GRPM1_GRVWA8_GRVWB8_GSU1_GSUAMB_GSUC0_GSUWGMRR0_GLS0_ISA1201_IU1_K1_LDSTI0_LBSPPA256_LBSPPB128_LBSPPM0_LPA16_LPB16_LPM0_LRVW8_LWPMn1_MIAV1_MIWT1_1_MO40_NTn1_NTA0_NTB0_NTC0_NTD0_NTM0_NEPBS0_NLCA1_NLCB1_ONLL1_PGR1_PLR1_PKA0_SIA1_SS1_SU32_SUM0_SUS256_SPO0_SRVW0_SSO0_SVW1_SK0_SKFTR0_SKXCCM0_TLDS1_ULSGRO0_USL1_UIOFGRO0_USFGROn1_VSn1_VWA1_VWB1_WSGRA0_WSGRB0_WS32_WG16_2_1_WGM8_WGMXCC1_WGMXCCGn1\",\"workspace_bytes\":0},\"bias_type\":\"HIP_R_16F\",\"compute_type\":\"HIPBLAS_COMPUTE_32F\",\"d_type\":\"HIP_R_16F\",\"direction\":\"NN\",\"epilogue\":\"BIAS\",\"execution_handle_count\":2,\"fresh_repeat\":2,\"heuristic_count\":32,\"heuristic_status\":0,\"k\":64,\"launches\":[{\"launch\":1,\"matmul_status\":0,\"output_memory\":{\"payload_unchanged\":false,\"prefix_guard_intact\":true,\"suffix_guard_intact\":true},\"stream_index\":0,\"synchronize_status\":0},{\"launch\":2,\"matmul_status\":0,\"output_memory\":{\"payload_unchanged\":false,\"prefix_guard_intact\":true,\"suffix_guard_intact\":true},\"stream_index\":1,\"synchronize_status\":0},{\"launch\":3,\"matmul_status\":0,\"output_memory\":{\"payload_unchanged\":false,\"prefix_guard_intact\":true,\"suffix_guard_intact\":true},\"stream_index\":0,\"synchronize_status\":0},{\"launch\":4,\"matmul_status\":0,\"output_memory\":{\"payload_unchanged\":false,\"prefix_guard_intact\":true,\"suffix_guard_intact\":true},\"stream_index\":1,\"synchronize_status\":0},{\"launch\":5,\"matmul_status\":0,\"output_memory\":{\"payload_unchanged\":false,\"prefix_guard_intact\":true,\"suffix_guard_intact\":true},\"stream_index\":0,\"synchronize_status\":0},{\"launch\":6,\"matmul_status\":0,\"output_memory\":{\"payload_unchanged\":false,\"prefix_guard_intact\":true,\"suffix_guard_intact\":true},\"stream_index\":1,\"synchronize_status\":0}],\"m\":32,\"marker\":\"TCNN_RDNA4_P3B1B_FP16_FORWARD_001\",\"n\":16,\"numerics\":{\"inf_count\":0,\"max_abs\":0.0,\"max_rel_outside_1e-3\":0.0,\"nan_count\":0,\"normalized_l2\":0.0,\"relu_mask_mismatches\":0},\"probe_state\":\"EXECUTED\",\"process_status\":\"PASS\",\"selected_candidate\":0,\"steady_state\":{\"launches\":4,\"new_descriptors\":0,\"new_handles\":0,\"new_heuristic_queries\":0,\"workspace_growth_bytes\":0},\"stream_count\":2,\"target_coverage\":{\"bias_axis_rows\":32,\"bias_sign_flip_count\":164,\"exact_zero_count\":3,\"large_finite_bias\":true,\"near_zero_count\":12},\"workspace_memory\":{\"payload_unchanged\":true,\"prefix_guard_intact\":true,\"suffix_guard_intact\":true}}\n",
      "stderr": ""
    },
    {
      "command": [
        "/tmp/tcnn_p3b1b_epi_uqmydzeb/probe_phase3b1b",
        "32",
        "16",
        "64",
        "BIAS",
        "f32",
        "1"
      ],
      "returncode": 0,
      "stdout": "{\"algorithm\":{\"index\":86505,\"kernel_name\":\"Cijk_Ailk_Bljk_HSS_BH_Bias_HA_S_SAV_UserArgs_MT16x16x32_MI16x16x1_SN_LDSB0_AFC1_AFEM1_AFEM1_ASEM1_CLR1_CADS0_DTLA0_DTLB0_DTVA0_DTVB0_EPS0_FDSI0_GRPM1_GRVWA8_GRVWB8_GSUAMB_GLS0_ISA1201_IU1_K1_LDSTI0_LBSPPA256_LBSPPB128_LBSPPM0_LPA16_LPB16_LPM0_LRVW8_LWPMn1_MIAV1_MIWT1_1_MO40_NTn1_NTA0_NTB0_NTC0_NTD0_NTM0_NEPBS0_NLCA1_NLCB1_ONLL1_PGR1_PLR1_PKA0_SIA1_SS1_SPO0_SRVW0_SSO0_SVW1_SK0_SKFTR0_SKXCCM0_TLDS1_ULSGRO0_USL1_UIOFGRO0_USFGROn1_VSn1_VWA1_VWB1_WSGRA0_WSGRB0_WS32_WG16_2_1\",\"solution_name\":\"Cijk_Ailk_Bljk_HSS_BH_Bias_HA_S_SAV_UserArgs_MT16x16x32_MI16x16x1_SN_LDSB0_AFC1_AFEM1_AFEM1_ASEM1_CLR1_CADS0_DTLA0_DTLB0_DTVA0_DTVB0_EPS0_FDSI0_GRPM1_GRVWA8_GRVWB8_GSU1_GSUAMB_GSUC0_GSUWGMRR0_GLS0_ISA1201_IU1_K1_LDSTI0_LBSPPA256_LBSPPB128_LBSPPM0_LPA16_LPB16_LPM0_LRVW8_LWPMn1_MIAV1_MIWT1_1_MO40_NTn1_NTA0_NTB0_NTC0_NTD0_NTM0_NEPBS0_NLCA1_NLCB1_ONLL1_PGR1_PLR1_PKA0_SIA1_SS1_SU32_SUM0_SUS256_SPO0_SRVW0_SSO0_SVW1_SK0_SKFTR0_SKXCCM0_TLDS1_ULSGRO0_USL1_UIOFGRO0_USFGROn1_VSn1_VWA1_VWB1_WSGRA0_WSGRB0_WS32_WG16_2_1_WGM8_WGMXCC1_WGMXCCGn1\",\"workspace_bytes\":0},\"bias_type\":\"HIP_R_16F\",\"compute_type\":\"HIPBLAS_COMPUTE_32F\",\"d_type\":\"HIP_R_32F\",\"direction\":\"NN\",\"epilogue\":\"BIAS\",\"execution_handle_count\":2,\"fresh_repeat\":1,\"heuristic_count\":32,\"heuristic_status\":0,\"k\":64,\"launches\":[{\"launch\":1,\"matmul_status\":0,\"output_memory\":{\"payload_unchanged\":false,\"prefix_guard_intact\":true,\"suffix_guard_intact\":true},\"stream_index\":0,\"synchronize_status\":0},{\"launch\":2,\"matmul_status\":0,\"output_memory\":{\"payload_unchanged\":false,\"prefix_guard_intact\":true,\"suffix_guard_intact\":true},\"stream_index\":1,\"synchronize_status\":0},{\"launch\":3,\"matmul_status\":0,\"output_memory\":{\"payload_unchanged\":false,\"prefix_guard_intact\":true,\"suffix_guard_intact\":true},\"stream_index\":0,\"synchronize_status\":0},{\"launch\":4,\"matmul_status\":0,\"output_memory\":{\"payload_unchanged\":false,\"prefix_guard_intact\":true,\"suffix_guard_intact\":true},\"stream_index\":1,\"synchronize_status\":0},{\"launch\":5,\"matmul_status\":0,\"output_memory\":{\"payload_unchanged\":false,\"prefix_guard_intact\":true,\"suffix_guard_intact\":true},\"stream_index\":0,\"synchronize_status\":0},{\"launch\":6,\"matmul_status\":0,\"output_memory\":{\"payload_unchanged\":false,\"prefix_guard_intact\":true,\"suffix_guard_intact\":true},\"stream_index\":1,\"synchronize_status\":0}],\"m\":32,\"marker\":\"TCNN_RDNA4_P3B1B_FP16_FORWARD_001\",\"n\":16,\"numerics\":{\"inf_count\":0,\"max_abs\":0.0,\"max_rel_outside_1e-3\":0.0,\"nan_count\":0,\"normalized_l2\":0.0,\"relu_mask_mismatches\":0},\"probe_state\":\"EXECUTED\",\"process_status\":\"PASS\",\"selected_candidate\":0,\"steady_state\":{\"launches\":4,\"new_descriptors\":0,\"new_handles\":0,\"new_heuristic_queries\":0,\"workspace_growth_bytes\":0},\"stream_count\":2,\"target_coverage\":{\"bias_axis_rows\":32,\"bias_sign_flip_count\":164,\"exact_zero_count\":3,\"large_finite_bias\":true,\"near_zero_count\":12},\"workspace_memory\":{\"payload_unchanged\":true,\"prefix_guard_intact\":true,\"suffix_guard_intact\":true}}\n",
      "stderr": ""
    },
    {
      "command": [
        "/tmp/tcnn_p3b1b_epi_uqmydzeb/probe_phase3b1b",
        "32",
        "16",
        "64",
        "BIAS",
        "f32",
        "2"
      ],
      "returncode": 0,
      "stdout": "{\"algorithm\":{\"index\":86505,\"kernel_name\":\"Cijk_Ailk_Bljk_HSS_BH_Bias_HA_S_SAV_UserArgs_MT16x16x32_MI16x16x1_SN_LDSB0_AFC1_AFEM1_AFEM1_ASEM1_CLR1_CADS0_DTLA0_DTLB0_DTVA0_DTVB0_EPS0_FDSI0_GRPM1_GRVWA8_GRVWB8_GSUAMB_GLS0_ISA1201_IU1_K1_LDSTI0_LBSPPA256_LBSPPB128_LBSPPM0_LPA16_LPB16_LPM0_LRVW8_LWPMn1_MIAV1_MIWT1_1_MO40_NTn1_NTA0_NTB0_NTC0_NTD0_NTM0_NEPBS0_NLCA1_NLCB1_ONLL1_PGR1_PLR1_PKA0_SIA1_SS1_SPO0_SRVW0_SSO0_SVW1_SK0_SKFTR0_SKXCCM0_TLDS1_ULSGRO0_USL1_UIOFGRO0_USFGROn1_VSn1_VWA1_VWB1_WSGRA0_WSGRB0_WS32_WG16_2_1\",\"solution_name\":\"Cijk_Ailk_Bljk_HSS_BH_Bias_HA_S_SAV_UserArgs_MT16x16x32_MI16x16x1_SN_LDSB0_AFC1_AFEM1_AFEM1_ASEM1_CLR1_CADS0_DTLA0_DTLB0_DTVA0_DTVB0_EPS0_FDSI0_GRPM1_GRVWA8_GRVWB8_GSU1_GSUAMB_GSUC0_GSUWGMRR0_GLS0_ISA1201_IU1_K1_LDSTI0_LBSPPA256_LBSPPB128_LBSPPM0_LPA16_LPB16_LPM0_LRVW8_LWPMn1_MIAV1_MIWT1_1_MO40_NTn1_NTA0_NTB0_NTC0_NTD0_NTM0_NEPBS0_NLCA1_NLCB1_ONLL1_PGR1_PLR1_PKA0_SIA1_SS1_SU32_SUM0_SUS256_SPO0_SRVW0_SSO0_SVW1_SK0_SKFTR0_SKXCCM0_TLDS1_ULSGRO0_USL1_UIOFGRO0_USFGROn1_VSn1_VWA1_VWB1_WSGRA0_WSGRB0_WS32_WG16_2_1_WGM8_WGMXCC1_WGMXCCGn1\",\"workspace_bytes\":0},\"bias_type\":\"HIP_R_16F\",\"compute_type\":\"HIPBLAS_COMPUTE_32F\",\"d_type\":\"HIP_R_32F\",\"direction\":\"NN\",\"epilogue\":\"BIAS\",\"execution_handle_count\":2,\"fresh_repeat\":2,\"heuristic_count\":32,\"heuristic_status\":0,\"k\":64,\"launches\":[{\"launch\":1,\"matmul_status\":0,\"output_memory\":{\"payload_unchanged\":false,\"prefix_guard_intact\":true,\"suffix_guard_intact\":true},\"stream_index\":0,\"synchronize_status\":0},{\"launch\":2,\"matmul_status\":0,\"output_memory\":{\"payload_unchanged\":false,\"prefix_guard_intact\":true,\"suffix_guard_intact\":true},\"stream_index\":1,\"synchronize_status\":0},{\"launch\":3,\"matmul_status\":0,\"output_memory\":{\"payload_unchanged\":false,\"prefix_guard_intact\":true,\"suffix_guard_intact\":true},\"stream_index\":0,\"synchronize_status\":0},{\"launch\":4,\"matmul_status\":0,\"output_memory\":{\"payload_unchanged\":false,\"prefix_guard_intact\":true,\"suffix_guard_intact\":true},\"stream_index\":1,\"synchronize_status\":0},{\"launch\":5,\"matmul_status\":0,\"output_memory\":{\"payload_unchanged\":false,\"prefix_guard_intact\":true,\"suffix_guard_intact\":true},\"stream_index\":0,\"synchronize_status\":0},{\"launch\":6,\"matmul_status\":0,\"output_memory\":{\"payload_unchanged\":false,\"prefix_guard_intact\":true,\"suffix_guard_intact\":true},\"stream_index\":1,\"synchronize_status\":0}],\"m\":32,\"marker\":\"TCNN_RDNA4_P3B1B_FP16_FORWARD_001\",\"n\":16,\"numerics\":{\"inf_count\":0,\"max_abs\":0.0,\"max_rel_outside_1e-3\":0.0,\"nan_count\":0,\"normalized_l2\":0.0,\"relu_mask_mismatches\":0},\"probe_state\":\"EXECUTED\",\"process_status\":\"PASS\",\"selected_candidate\":0,\"steady_state\":{\"launches\":4,\"new_descriptors\":0,\"new_handles\":0,\"new_heuristic_queries\":0,\"workspace_growth_bytes\":0},\"stream_count\":2,\"target_coverage\":{\"bias_axis_rows\":32,\"bias_sign_flip_count\":164,\"exact_zero_count\":3,\"large_finite_bias\":true,\"near_zero_count\":12},\"workspace_memory\":{\"payload_unchanged\":true,\"prefix_guard_intact\":true,\"suffix_guard_intact\":true}}\n",
      "stderr": ""
    },
    {
      "command": [
        "/tmp/tcnn_p3b1b_epi_uqmydzeb/probe_phase3b1b",
        "32",
        "16",
        "64",
        "RELU_BIAS",
        "f16",
        "1"
      ],
      "returncode": 0,
      "stdout": "{\"algorithm\":{\"index\":84828,\"kernel_name\":\"Cijk_Ailk_Bljk_HHS_BH_Bias_HA_S_SAV_UserArgs_MT16x16x32_MI16x16x1_SN_LDSB0_AFC1_AFEM1_AFEM1_ASEM1_CLR1_CADS0_DTLA0_DTLB0_DTVA0_DTVB0_EPS0_FDSI0_GRPM1_GRVWA8_GRVWB8_GSUAMB_GLS0_ISA1201_IU1_K1_LDSTI0_LBSPPA256_LBSPPB128_LBSPPM0_LPA16_LPB16_LPM0_LRVW8_LWPMn1_MIAV1_MIWT1_1_MO40_NTn1_NTA0_NTB0_NTC0_NTD0_NTM0_NEPBS0_NLCA1_NLCB1_ONLL1_PGR1_PLR1_PKA0_SIA1_SS1_SPO0_SRVW0_SSO0_SVW1_SK0_SKFTR0_SKXCCM0_TLDS1_ULSGRO0_USL1_UIOFGRO0_USFGROn1_VSn1_VWA1_VWB1_WSGRA0_WSGRB0_WS32_WG16_2_1\",\"solution_name\":\"Cijk_Ailk_Bljk_HHS_BH_Bias_HA_S_SAV_UserArgs_MT16x16x32_MI16x16x1_SN_LDSB0_AFC1_AFEM1_AFEM1_ASEM1_CLR1_CADS0_DTLA0_DTLB0_DTVA0_DTVB0_EPS0_FDSI0_GRPM1_GRVWA8_GRVWB8_GSU1_GSUAMB_GSUC0_GSUWGMRR0_GLS0_ISA1201_IU1_K1_LDSTI0_LBSPPA256_LBSPPB128_LBSPPM0_LPA16_LPB16_LPM0_LRVW8_LWPMn1_MIAV1_MIWT1_1_MO40_NTn1_NTA0_NTB0_NTC0_NTD0_NTM0_NEPBS0_NLCA1_NLCB1_ONLL1_PGR1_PLR1_PKA0_SIA1_SS1_SU32_SUM0_SUS256_SPO0_SRVW0_SSO0_SVW1_SK0_SKFTR0_SKXCCM0_TLDS1_ULSGRO0_USL1_UIOFGRO0_USFGROn1_VSn1_VWA1_VWB1_WSGRA0_WSGRB0_WS32_WG16_2_1_WGM8_WGMXCC1_WGMXCCGn1\",\"workspace_bytes\":0},\"bias_type\":\"HIP_R_16F\",\"compute_type\":\"HIPBLAS_COMPUTE_32F\",\"d_type\":\"HIP_R_16F\",\"direction\":\"NN\",\"epilogue\":\"RELU_BIAS\",\"execution_handle_count\":2,\"fresh_repeat\":1,\"heuristic_count\":32,\"heuristic_status\":0,\"k\":64,\"launches\":[{\"launch\":1,\"matmul_status\":0,\"output_memory\":{\"payload_unchanged\":false,\"prefix_guard_intact\":true,\"suffix_guard_intact\":true},\"stream_index\":0,\"synchronize_status\":0},{\"launch\":2,\"matmul_status\":0,\"output_memory\":{\"payload_unchanged\":false,\"prefix_guard_intact\":true,\"suffix_guard_intact\":true},\"stream_index\":1,\"synchronize_status\":0},{\"launch\":3,\"matmul_status\":0,\"output_memory\":{\"payload_unchanged\":false,\"prefix_guard_intact\":true,\"suffix_guard_intact\":true},\"stream_index\":0,\"synchronize_status\":0},{\"launch\":4,\"matmul_status\":0,\"output_memory\":{\"payload_unchanged\":false,\"prefix_guard_intact\":true,\"suffix_guard_intact\":true},\"stream_index\":1,\"synchronize_status\":0},{\"launch\":5,\"matmul_status\":0,\"output_memory\":{\"payload_unchanged\":false,\"prefix_guard_intact\":true,\"suffix_guard_intact\":true},\"stream_index\":0,\"synchronize_status\":0},{\"launch\":6,\"matmul_status\":0,\"output_memory\":{\"payload_unchanged\":false,\"prefix_guard_intact\":true,\"suffix_guard_intact\":true},\"stream_index\":1,\"synchronize_status\":0}],\"m\":32,\"marker\":\"TCNN_RDNA4_P3B1B_FP16_FORWARD_001\",\"n\":16,\"numerics\":{\"inf_count\":0,\"max_abs\":0.0,\"max_rel_outside_1e-3\":0.0,\"nan_count\":0,\"normalized_l2\":0.0,\"relu_mask_mismatches\":0},\"probe_state\":\"EXECUTED\",\"process_status\":\"PASS\",\"selected_candidate\":0,\"steady_state\":{\"launches\":4,\"new_descriptors\":0,\"new_handles\":0,\"new_heuristic_queries\":0,\"workspace_growth_bytes\":0},\"stream_count\":2,\"target_coverage\":{\"bias_axis_rows\":32,\"bias_sign_flip_count\":164,\"exact_zero_count\":253,\"large_finite_bias\":true,\"near_zero_count\":257},\"workspace_memory\":{\"payload_unchanged\":true,\"prefix_guard_intact\":true,\"suffix_guard_intact\":true}}\n",
      "stderr": ""
    },
    {
      "command": [
        "/tmp/tcnn_p3b1b_epi_uqmydzeb/probe_phase3b1b",
        "32",
        "16",
        "64",
        "RELU_BIAS",
        "f16",
        "2"
      ],
      "returncode": 0,
      "stdout": "{\"algorithm\":{\"index\":84828,\"kernel_name\":\"Cijk_Ailk_Bljk_HHS_BH_Bias_HA_S_SAV_UserArgs_MT16x16x32_MI16x16x1_SN_LDSB0_AFC1_AFEM1_AFEM1_ASEM1_CLR1_CADS0_DTLA0_DTLB0_DTVA0_DTVB0_EPS0_FDSI0_GRPM1_GRVWA8_GRVWB8_GSUAMB_GLS0_ISA1201_IU1_K1_LDSTI0_LBSPPA256_LBSPPB128_LBSPPM0_LPA16_LPB16_LPM0_LRVW8_LWPMn1_MIAV1_MIWT1_1_MO40_NTn1_NTA0_NTB0_NTC0_NTD0_NTM0_NEPBS0_NLCA1_NLCB1_ONLL1_PGR1_PLR1_PKA0_SIA1_SS1_SPO0_SRVW0_SSO0_SVW1_SK0_SKFTR0_SKXCCM0_TLDS1_ULSGRO0_USL1_UIOFGRO0_USFGROn1_VSn1_VWA1_VWB1_WSGRA0_WSGRB0_WS32_WG16_2_1\",\"solution_name\":\"Cijk_Ailk_Bljk_HHS_BH_Bias_HA_S_SAV_UserArgs_MT16x16x32_MI16x16x1_SN_LDSB0_AFC1_AFEM1_AFEM1_ASEM1_CLR1_CADS0_DTLA0_DTLB0_DTVA0_DTVB0_EPS0_FDSI0_GRPM1_GRVWA8_GRVWB8_GSU1_GSUAMB_GSUC0_GSUWGMRR0_GLS0_ISA1201_IU1_K1_LDSTI0_LBSPPA256_LBSPPB128_LBSPPM0_LPA16_LPB16_LPM0_LRVW8_LWPMn1_MIAV1_MIWT1_1_MO40_NTn1_NTA0_NTB0_NTC0_NTD0_NTM0_NEPBS0_NLCA1_NLCB1_ONLL1_PGR1_PLR1_PKA0_SIA1_SS1_SU32_SUM0_SUS256_SPO0_SRVW0_SSO0_SVW1_SK0_SKFTR0_SKXCCM0_TLDS1_ULSGRO0_USL1_UIOFGRO0_USFGROn1_VSn1_VWA1_VWB1_WSGRA0_WSGRB0_WS32_WG16_2_1_WGM8_WGMXCC1_WGMXCCGn1\",\"workspace_bytes\":0},\"bias_type\":\"HIP_R_16F\",\"compute_type\":\"HIPBLAS_COMPUTE_32F\",\"d_type\":\"HIP_R_16F\",\"direction\":\"NN\",\"epilogue\":\"RELU_BIAS\",\"execution_handle_count\":2,\"fresh_repeat\":2,\"heuristic_count\":32,\"heuristic_status\":0,\"k\":64,\"launches\":[{\"launch\":1,\"matmul_status\":0,\"output_memory\":{\"payload_unchanged\":false,\"prefix_guard_intact\":true,\"suffix_guard_intact\":true},\"stream_index\":0,\"synchronize_status\":0},{\"launch\":2,\"matmul_status\":0,\"output_memory\":{\"payload_unchanged\":false,\"prefix_guard_intact\":true,\"suffix_guard_intact\":true},\"stream_index\":1,\"synchronize_status\":0},{\"launch\":3,\"matmul_status\":0,\"output_memory\":{\"payload_unchanged\":false,\"prefix_guard_intact\":true,\"suffix_guard_intact\":true},\"stream_index\":0,\"synchronize_status\":0},{\"launch\":4,\"matmul_status\":0,\"output_memory\":{\"payload_unchanged\":false,\"prefix_guard_intact\":true,\"suffix_guard_intact\":true},\"stream_index\":1,\"synchronize_status\":0},{\"launch\":5,\"matmul_status\":0,\"output_memory\":{\"payload_unchanged\":false,\"prefix_guard_intact\":true,\"suffix_guard_intact\":true},\"stream_index\":0,\"synchronize_status\":0},{\"launch\":6,\"matmul_status\":0,\"output_memory\":{\"payload_unchanged\":false,\"prefix_guard_intact\":true,\"suffix_guard_intact\":true},\"stream_index\":1,\"synchronize_status\":0}],\"m\":32,\"marker\":\"TCNN_RDNA4_P3B1B_FP16_FORWARD_001\",\"n\":16,\"numerics\":{\"inf_count\":0,\"max_abs\":0.0,\"max_rel_outside_1e-3\":0.0,\"nan_count\":0,\"normalized_l2\":0.0,\"relu_mask_mismatches\":0},\"probe_state\":\"EXECUTED\",\"process_status\":\"PASS\",\"selected_candidate\":0,\"steady_state\":{\"launches\":4,\"new_descriptors\":0,\"new_handles\":0,\"new_heuristic_queries\":0,\"workspace_growth_bytes\":0},\"stream_count\":2,\"target_coverage\":{\"bias_axis_rows\":32,\"bias_sign_flip_count\":164,\"exact_zero_count\":253,\"large_finite_bias\":true,\"near_zero_count\":257},\"workspace_memory\":{\"payload_unchanged\":true,\"prefix_guard_intact\":true,\"suffix_guard_intact\":true}}\n",
      "stderr": ""
    },
    {
      "command": [
        "/tmp/tcnn_p3b1b_epi_uqmydzeb/probe_phase3b1b",
        "32",
        "16",
        "64",
        "RELU_BIAS",
        "f32",
        "1"
      ],
      "returncode": 0,
      "stdout": "{\"algorithm\":{\"index\":86505,\"kernel_name\":\"Cijk_Ailk_Bljk_HSS_BH_Bias_HA_S_SAV_UserArgs_MT16x16x32_MI16x16x1_SN_LDSB0_AFC1_AFEM1_AFEM1_ASEM1_CLR1_CADS0_DTLA0_DTLB0_DTVA0_DTVB0_EPS0_FDSI0_GRPM1_GRVWA8_GRVWB8_GSUAMB_GLS0_ISA1201_IU1_K1_LDSTI0_LBSPPA256_LBSPPB128_LBSPPM0_LPA16_LPB16_LPM0_LRVW8_LWPMn1_MIAV1_MIWT1_1_MO40_NTn1_NTA0_NTB0_NTC0_NTD0_NTM0_NEPBS0_NLCA1_NLCB1_ONLL1_PGR1_PLR1_PKA0_SIA1_SS1_SPO0_SRVW0_SSO0_SVW1_SK0_SKFTR0_SKXCCM0_TLDS1_ULSGRO0_USL1_UIOFGRO0_USFGROn1_VSn1_VWA1_VWB1_WSGRA0_WSGRB0_WS32_WG16_2_1\",\"solution_name\":\"Cijk_Ailk_Bljk_HSS_BH_Bias_HA_S_SAV_UserArgs_MT16x16x32_MI16x16x1_SN_LDSB0_AFC1_AFEM1_AFEM1_ASEM1_CLR1_CADS0_DTLA0_DTLB0_DTVA0_DTVB0_EPS0_FDSI0_GRPM1_GRVWA8_GRVWB8_GSU1_GSUAMB_GSUC0_GSUWGMRR0_GLS0_ISA1201_IU1_K1_LDSTI0_LBSPPA256_LBSPPB128_LBSPPM0_LPA16_LPB16_LPM0_LRVW8_LWPMn1_MIAV1_MIWT1_1_MO40_NTn1_NTA0_NTB0_NTC0_NTD0_NTM0_NEPBS0_NLCA1_NLCB1_ONLL1_PGR1_PLR1_PKA0_SIA1_SS1_SU32_SUM0_SUS256_SPO0_SRVW0_SSO0_SVW1_SK0_SKFTR0_SKXCCM0_TLDS1_ULSGRO0_USL1_UIOFGRO0_USFGROn1_VSn1_VWA1_VWB1_WSGRA0_WSGRB0_WS32_WG16_2_1_WGM8_WGMXCC1_WGMXCCGn1\",\"workspace_bytes\":0},\"bias_type\":\"HIP_R_16F\",\"compute_type\":\"HIPBLAS_COMPUTE_32F\",\"d_type\":\"HIP_R_32F\",\"direction\":\"NN\",\"epilogue\":\"RELU_BIAS\",\"execution_handle_count\":2,\"fresh_repeat\":1,\"heuristic_count\":32,\"heuristic_status\":0,\"k\":64,\"launches\":[{\"launch\":1,\"matmul_status\":0,\"output_memory\":{\"payload_unchanged\":false,\"prefix_guard_intact\":true,\"suffix_guard_intact\":true},\"stream_index\":0,\"synchronize_status\":0},{\"launch\":2,\"matmul_status\":0,\"output_memory\":{\"payload_unchanged\":false,\"prefix_guard_intact\":true,\"suffix_guard_intact\":true},\"stream_index\":1,\"synchronize_status\":0},{\"launch\":3,\"matmul_status\":0,\"output_memory\":{\"payload_unchanged\":false,\"prefix_guard_intact\":true,\"suffix_guard_intact\":true},\"stream_index\":0,\"synchronize_status\":0},{\"launch\":4,\"matmul_status\":0,\"output_memory\":{\"payload_unchanged\":false,\"prefix_guard_intact\":true,\"suffix_guard_intact\":true},\"stream_index\":1,\"synchronize_status\":0},{\"launch\":5,\"matmul_status\":0,\"output_memory\":{\"payload_unchanged\":false,\"prefix_guard_intact\":true,\"suffix_guard_intact\":true},\"stream_index\":0,\"synchronize_status\":0},{\"launch\":6,\"matmul_status\":0,\"output_memory\":{\"payload_unchanged\":false,\"prefix_guard_intact\":true,\"suffix_guard_intact\":true},\"stream_index\":1,\"synchronize_status\":0}],\"m\":32,\"marker\":\"TCNN_RDNA4_P3B1B_FP16_FORWARD_001\",\"n\":16,\"numerics\":{\"inf_count\":0,\"max_abs\":0.0,\"max_rel_outside_1e-3\":0.0,\"nan_count\":0,\"normalized_l2\":0.0,\"relu_mask_mismatches\":0},\"probe_state\":\"EXECUTED\",\"process_status\":\"PASS\",\"selected_candidate\":0,\"steady_state\":{\"launches\":4,\"new_descriptors\":0,\"new_handles\":0,\"new_heuristic_queries\":0,\"workspace_growth_bytes\":0},\"stream_count\":2,\"target_coverage\":{\"bias_axis_rows\":32,\"bias_sign_flip_count\":164,\"exact_zero_count\":253,\"large_finite_bias\":true,\"near_zero_count\":257},\"workspace_memory\":{\"payload_unchanged\":true,\"prefix_guard_intact\":true,\"suffix_guard_intact\":true}}\n",
      "stderr": ""
    },
    {
      "command": [
        "/tmp/tcnn_p3b1b_epi_uqmydzeb/probe_phase3b1b",
        "32",
        "16",
        "64",
        "RELU_BIAS",
        "f32",
        "2"
      ],
      "returncode": 0,
      "stdout": "{\"algorithm\":{\"index\":86505,\"kernel_name\":\"Cijk_Ailk_Bljk_HSS_BH_Bias_HA_S_SAV_UserArgs_MT16x16x32_MI16x16x1_SN_LDSB0_AFC1_AFEM1_AFEM1_ASEM1_CLR1_CADS0_DTLA0_DTLB0_DTVA0_DTVB0_EPS0_FDSI0_GRPM1_GRVWA8_GRVWB8_GSUAMB_GLS0_ISA1201_IU1_K1_LDSTI0_LBSPPA256_LBSPPB128_LBSPPM0_LPA16_LPB16_LPM0_LRVW8_LWPMn1_MIAV1_MIWT1_1_MO40_NTn1_NTA0_NTB0_NTC0_NTD0_NTM0_NEPBS0_NLCA1_NLCB1_ONLL1_PGR1_PLR1_PKA0_SIA1_SS1_SPO0_SRVW0_SSO0_SVW1_SK0_SKFTR0_SKXCCM0_TLDS1_ULSGRO0_USL1_UIOFGRO0_USFGROn1_VSn1_VWA1_VWB1_WSGRA0_WSGRB0_WS32_WG16_2_1\",\"solution_name\":\"Cijk_Ailk_Bljk_HSS_BH_Bias_HA_S_SAV_UserArgs_MT16x16x32_MI16x16x1_SN_LDSB0_AFC1_AFEM1_AFEM1_ASEM1_CLR1_CADS0_DTLA0_DTLB0_DTVA0_DTVB0_EPS0_FDSI0_GRPM1_GRVWA8_GRVWB8_GSU1_GSUAMB_GSUC0_GSUWGMRR0_GLS0_ISA1201_IU1_K1_LDSTI0_LBSPPA256_LBSPPB128_LBSPPM0_LPA16_LPB16_LPM0_LRVW8_LWPMn1_MIAV1_MIWT1_1_MO40_NTn1_NTA0_NTB0_NTC0_NTD0_NTM0_NEPBS0_NLCA1_NLCB1_ONLL1_PGR1_PLR1_PKA0_SIA1_SS1_SU32_SUM0_SUS256_SPO0_SRVW0_SSO0_SVW1_SK0_SKFTR0_SKXCCM0_TLDS1_ULSGRO0_USL1_UIOFGRO0_USFGROn1_VSn1_VWA1_VWB1_WSGRA0_WSGRB0_WS32_WG16_2_1_WGM8_WGMXCC1_WGMXCCGn1\",\"workspace_bytes\":0},\"bias_type\":\"HIP_R_16F\",\"compute_type\":\"HIPBLAS_COMPUTE_32F\",\"d_type\":\"HIP_R_32F\",\"direction\":\"NN\",\"epilogue\":\"RELU_BIAS\",\"execution_handle_count\":2,\"fresh_repeat\":2,\"heuristic_count\":32,\"heuristic_status\":0,\"k\":64,\"launches\":[{\"launch\":1,\"matmul_status\":0,\"output_memory\":{\"payload_unchanged\":false,\"prefix_guard_intact\":true,\"suffix_guard_intact\":true},\"stream_index\":0,\"synchronize_status\":0},{\"launch\":2,\"matmul_status\":0,\"output_memory\":{\"payload_unchanged\":false,\"prefix_guard_intact\":true,\"suffix_guard_intact\":true},\"stream_index\":1,\"synchronize_status\":0},{\"launch\":3,\"matmul_status\":0,\"output_memory\":{\"payload_unchanged\":false,\"prefix_guard_intact\":true,\"suffix_guard_intact\":true},\"stream_index\":0,\"synchronize_status\":0},{\"launch\":4,\"matmul_status\":0,\"output_memory\":{\"payload_unchanged\":false,\"prefix_guard_intact\":true,\"suffix_guard_intact\":true},\"stream_index\":1,\"synchronize_status\":0},{\"launch\":5,\"matmul_status\":0,\"output_memory\":{\"payload_unchanged\":false,\"prefix_guard_intact\":true,\"suffix_guard_intact\":true},\"stream_index\":0,\"synchronize_status\":0},{\"launch\":6,\"matmul_status\":0,\"output_memory\":{\"payload_unchanged\":false,\"prefix_guard_intact\":true,\"suffix_guard_intact\":true},\"stream_index\":1,\"synchronize_status\":0}],\"m\":32,\"marker\":\"TCNN_RDNA4_P3B1B_FP16_FORWARD_001\",\"n\":16,\"numerics\":{\"inf_count\":0,\"max_abs\":0.0,\"max_rel_outside_1e-3\":0.0,\"nan_count\":0,\"normalized_l2\":0.0,\"relu_mask_mismatches\":0},\"probe_state\":\"EXECUTED\",\"process_status\":\"PASS\",\"selected_candidate\":0,\"steady_state\":{\"launches\":4,\"new_descriptors\":0,\"new_handles\":0,\"new_heuristic_queries\":0,\"workspace_growth_bytes\":0},\"stream_count\":2,\"target_coverage\":{\"bias_axis_rows\":32,\"bias_sign_flip_count\":164,\"exact_zero_count\":253,\"large_finite_bias\":true,\"near_zero_count\":257},\"workspace_memory\":{\"payload_unchanged\":true,\"prefix_guard_intact\":true,\"suffix_guard_intact\":true}}\n",
      "stderr": ""
    },
    {
      "command": [
        "/tmp/tcnn_p3b1b_epi_uqmydzeb/probe_phase3b1b",
        "32",
        "16",
        "128",
        "BIAS",
        "f16",
        "1"
      ],
      "returncode": 0,
      "stdout": "{\"algorithm\":{\"index\":84828,\"kernel_name\":\"Cijk_Ailk_Bljk_HHS_BH_Bias_HA_S_SAV_UserArgs_MT16x16x32_MI16x16x1_SN_LDSB0_AFC1_AFEM1_AFEM1_ASEM1_CLR1_CADS0_DTLA0_DTLB0_DTVA0_DTVB0_EPS0_FDSI0_GRPM1_GRVWA8_GRVWB8_GSUAMB_GLS0_ISA1201_IU1_K1_LDSTI0_LBSPPA256_LBSPPB128_LBSPPM0_LPA16_LPB16_LPM0_LRVW8_LWPMn1_MIAV1_MIWT1_1_MO40_NTn1_NTA0_NTB0_NTC0_NTD0_NTM0_NEPBS0_NLCA1_NLCB1_ONLL1_PGR1_PLR1_PKA0_SIA1_SS1_SPO0_SRVW0_SSO0_SVW1_SK0_SKFTR0_SKXCCM0_TLDS1_ULSGRO0_USL1_UIOFGRO0_USFGROn1_VSn1_VWA1_VWB1_WSGRA0_WSGRB0_WS32_WG16_2_1\",\"solution_name\":\"Cijk_Ailk_Bljk_HHS_BH_Bias_HA_S_SAV_UserArgs_MT16x16x32_MI16x16x1_SN_LDSB0_AFC1_AFEM1_AFEM1_ASEM1_CLR1_CADS0_DTLA0_DTLB0_DTVA0_DTVB0_EPS0_FDSI0_GRPM1_GRVWA8_GRVWB8_GSU1_GSUAMB_GSUC0_GSUWGMRR0_GLS0_ISA1201_IU1_K1_LDSTI0_LBSPPA256_LBSPPB128_LBSPPM0_LPA16_LPB16_LPM0_LRVW8_LWPMn1_MIAV1_MIWT1_1_MO40_NTn1_NTA0_NTB0_NTC0_NTD0_NTM0_NEPBS0_NLCA1_NLCB1_ONLL1_PGR1_PLR1_PKA0_SIA1_SS1_SU32_SUM0_SUS256_SPO0_SRVW0_SSO0_SVW1_SK0_SKFTR0_SKXCCM0_TLDS1_ULSGRO0_USL1_UIOFGRO0_USFGROn1_VSn1_VWA1_VWB1_WSGRA0_WSGRB0_WS32_WG16_2_1_WGM8_WGMXCC1_WGMXCCGn1\",\"workspace_bytes\":0},\"bias_type\":\"HIP_R_16F\",\"compute_type\":\"HIPBLAS_COMPUTE_32F\",\"d_type\":\"HIP_R_16F\",\"direction\":\"NN\",\"epilogue\":\"BIAS\",\"execution_handle_count\":2,\"fresh_repeat\":1,\"heuristic_count\":32,\"heuristic_status\":0,\"k\":128,\"launches\":[{\"launch\":1,\"matmul_status\":0,\"output_memory\":{\"payload_unchanged\":false,\"prefix_guard_intact\":true,\"suffix_guard_intact\":true},\"stream_index\":0,\"synchronize_status\":0},{\"launch\":2,\"matmul_status\":0,\"output_memory\":{\"payload_unchanged\":false,\"prefix_guard_intact\":true,\"suffix_guard_intact\":true},\"stream_index\":1,\"synchronize_status\":0},{\"launch\":3,\"matmul_status\":0,\"output_memory\":{\"payload_unchanged\":false,\"prefix_guard_intact\":true,\"suffix_guard_intact\":true},\"stream_index\":0,\"synchronize_status\":0},{\"launch\":4,\"matmul_status\":0,\"output_memory\":{\"payload_unchanged\":false,\"prefix_guard_intact\":true,\"suffix_guard_intact\":true},\"stream_index\":1,\"synchronize_status\":0},{\"launch\":5,\"matmul_status\":0,\"output_memory\":{\"payload_unchanged\":false,\"prefix_guard_intact\":true,\"suffix_guard_intact\":true},\"stream_index\":0,\"synchronize_status\":0},{\"launch\":6,\"matmul_status\":0,\"output_memory\":{\"payload_unchanged\":false,\"prefix_guard_intact\":true,\"suffix_guard_intact\":true},\"stream_index\":1,\"synchronize_status\":0}],\"m\":32,\"marker\":\"TCNN_RDNA4_P3B1B_FP16_FORWARD_001\",\"n\":16,\"numerics\":{\"inf_count\":0,\"max_abs\":0.0,\"max_rel_outside_1e-3\":0.0,\"nan_count\":0,\"normalized_l2\":0.0,\"relu_mask_mismatches\":0},\"probe_state\":\"EXECUTED\",\"process_status\":\"PASS\",\"selected_candidate\":0,\"steady_state\":{\"launches\":4,\"new_descriptors\":0,\"new_handles\":0,\"new_heuristic_queries\":0,\"workspace_growth_bytes\":0},\"stream_count\":2,\"target_coverage\":{\"bias_axis_rows\":32,\"bias_sign_flip_count\":167,\"exact_zero_count\":2,\"large_finite_bias\":true,\"near_zero_count\":11},\"workspace_memory\":{\"payload_unchanged\":true,\"prefix_guard_intact\":true,\"suffix_guard_intact\":true}}\n",
      "stderr": ""
    },
    {
      "command": [
        "/tmp/tcnn_p3b1b_epi_uqmydzeb/probe_phase3b1b",
        "32",
        "16",
        "128",
        "BIAS",
        "f16",
        "2"
      ],
      "returncode": 0,
      "stdout": "{\"algorithm\":{\"index\":84828,\"kernel_name\":\"Cijk_Ailk_Bljk_HHS_BH_Bias_HA_S_SAV_UserArgs_MT16x16x32_MI16x16x1_SN_LDSB0_AFC1_AFEM1_AFEM1_ASEM1_CLR1_CADS0_DTLA0_DTLB0_DTVA0_DTVB0_EPS0_FDSI0_GRPM1_GRVWA8_GRVWB8_GSUAMB_GLS0_ISA1201_IU1_K1_LDSTI0_LBSPPA256_LBSPPB128_LBSPPM0_LPA16_LPB16_LPM0_LRVW8_LWPMn1_MIAV1_MIWT1_1_MO40_NTn1_NTA0_NTB0_NTC0_NTD0_NTM0_NEPBS0_NLCA1_NLCB1_ONLL1_PGR1_PLR1_PKA0_SIA1_SS1_SPO0_SRVW0_SSO0_SVW1_SK0_SKFTR0_SKXCCM0_TLDS1_ULSGRO0_USL1_UIOFGRO0_USFGROn1_VSn1_VWA1_VWB1_WSGRA0_WSGRB0_WS32_WG16_2_1\",\"solution_name\":\"Cijk_Ailk_Bljk_HHS_BH_Bias_HA_S_SAV_UserArgs_MT16x16x32_MI16x16x1_SN_LDSB0_AFC1_AFEM1_AFEM1_ASEM1_CLR1_CADS0_DTLA0_DTLB0_DTVA0_DTVB0_EPS0_FDSI0_GRPM1_GRVWA8_GRVWB8_GSU1_GSUAMB_GSUC0_GSUWGMRR0_GLS0_ISA1201_IU1_K1_LDSTI0_LBSPPA256_LBSPPB128_LBSPPM0_LPA16_LPB16_LPM0_LRVW8_LWPMn1_MIAV1_MIWT1_1_MO40_NTn1_NTA0_NTB0_NTC0_NTD0_NTM0_NEPBS0_NLCA1_NLCB1_ONLL1_PGR1_PLR1_PKA0_SIA1_SS1_SU32_SUM0_SUS256_SPO0_SRVW0_SSO0_SVW1_SK0_SKFTR0_SKXCCM0_TLDS1_ULSGRO0_USL1_UIOFGRO0_USFGROn1_VSn1_VWA1_VWB1_WSGRA0_WSGRB0_WS32_WG16_2_1_WGM8_WGMXCC1_WGMXCCGn1\",\"workspace_bytes\":0},\"bias_type\":\"HIP_R_16F\",\"compute_type\":\"HIPBLAS_COMPUTE_32F\",\"d_type\":\"HIP_R_16F\",\"direction\":\"NN\",\"epilogue\":\"BIAS\",\"execution_handle_count\":2,\"fresh_repeat\":2,\"heuristic_count\":32,\"heuristic_status\":0,\"k\":128,\"launches\":[{\"launch\":1,\"matmul_status\":0,\"output_memory\":{\"payload_unchanged\":false,\"prefix_guard_intact\":true,\"suffix_guard_intact\":true},\"stream_index\":0,\"synchronize_status\":0},{\"launch\":2,\"matmul_status\":0,\"output_memory\":{\"payload_unchanged\":false,\"prefix_guard_intact\":true,\"suffix_guard_intact\":true},\"stream_index\":1,\"synchronize_status\":0},{\"launch\":3,\"matmul_status\":0,\"output_memory\":{\"payload_unchanged\":false,\"prefix_guard_intact\":true,\"suffix_guard_intact\":true},\"stream_index\":0,\"synchronize_status\":0},{\"launch\":4,\"matmul_status\":0,\"output_memory\":{\"payload_unchanged\":false,\"prefix_guard_intact\":true,\"suffix_guard_intact\":true},\"stream_index\":1,\"synchronize_status\":0},{\"launch\":5,\"matmul_status\":0,\"output_memory\":{\"payload_unchanged\":false,\"prefix_guard_intact\":true,\"suffix_guard_intact\":true},\"stream_index\":0,\"synchronize_status\":0},{\"launch\":6,\"matmul_status\":0,\"output_memory\":{\"payload_unchanged\":false,\"prefix_guard_intact\":true,\"suffix_guard_intact\":true},\"stream_index\":1,\"synchronize_status\":0}],\"m\":32,\"marker\":\"TCNN_RDNA4_P3B1B_FP16_FORWARD_001\",\"n\":16,\"numerics\":{\"inf_count\":0,\"max_abs\":0.0,\"max_rel_outside_1e-3\":0.0,\"nan_count\":0,\"normalized_l2\":0.0,\"relu_mask_mismatches\":0},\"probe_state\":\"EXECUTED\",\"process_status\":\"PASS\",\"selected_candidate\":0,\"steady_state\":{\"launches\":4,\"new_descriptors\":0,\"new_handles\":0,\"new_heuristic_queries\":0,\"workspace_growth_bytes\":0},\"stream_count\":2,\"target_coverage\":{\"bias_axis_rows\":32,\"bias_sign_flip_count\":167,\"exact_zero_count\":2,\"large_finite_bias\":true,\"near_zero_count\":11},\"workspace_memory\":{\"payload_unchanged\":true,\"prefix_guard_intact\":true,\"suffix_guard_intact\":true}}\n",
      "stderr": ""
    },
    {
      "command": [
        "/tmp/tcnn_p3b1b_epi_uqmydzeb/probe_phase3b1b",
        "32",
        "16",
        "128",
        "BIAS",
        "f32",
        "1"
      ],
      "returncode": 0,
      "stdout": "{\"algorithm\":{\"index\":86505,\"kernel_name\":\"Cijk_Ailk_Bljk_HSS_BH_Bias_HA_S_SAV_UserArgs_MT16x16x32_MI16x16x1_SN_LDSB0_AFC1_AFEM1_AFEM1_ASEM1_CLR1_CADS0_DTLA0_DTLB0_DTVA0_DTVB0_EPS0_FDSI0_GRPM1_GRVWA8_GRVWB8_GSUAMB_GLS0_ISA1201_IU1_K1_LDSTI0_LBSPPA256_LBSPPB128_LBSPPM0_LPA16_LPB16_LPM0_LRVW8_LWPMn1_MIAV1_MIWT1_1_MO40_NTn1_NTA0_NTB0_NTC0_NTD0_NTM0_NEPBS0_NLCA1_NLCB1_ONLL1_PGR1_PLR1_PKA0_SIA1_SS1_SPO0_SRVW0_SSO0_SVW1_SK0_SKFTR0_SKXCCM0_TLDS1_ULSGRO0_USL1_UIOFGRO0_USFGROn1_VSn1_VWA1_VWB1_WSGRA0_WSGRB0_WS32_WG16_2_1\",\"solution_name\":\"Cijk_Ailk_Bljk_HSS_BH_Bias_HA_S_SAV_UserArgs_MT16x16x32_MI16x16x1_SN_LDSB0_AFC1_AFEM1_AFEM1_ASEM1_CLR1_CADS0_DTLA0_DTLB0_DTVA0_DTVB0_EPS0_FDSI0_GRPM1_GRVWA8_GRVWB8_GSU1_GSUAMB_GSUC0_GSUWGMRR0_GLS0_ISA1201_IU1_K1_LDSTI0_LBSPPA256_LBSPPB128_LBSPPM0_LPA16_LPB16_LPM0_LRVW8_LWPMn1_MIAV1_MIWT1_1_MO40_NTn1_NTA0_NTB0_NTC0_NTD0_NTM0_NEPBS0_NLCA1_NLCB1_ONLL1_PGR1_PLR1_PKA0_SIA1_SS1_SU32_SUM0_SUS256_SPO0_SRVW0_SSO0_SVW1_SK0_SKFTR0_SKXCCM0_TLDS1_ULSGRO0_USL1_UIOFGRO0_USFGROn1_VSn1_VWA1_VWB1_WSGRA0_WSGRB0_WS32_WG16_2_1_WGM8_WGMXCC1_WGMXCCGn1\",\"workspace_bytes\":0},\"bias_type\":\"HIP_R_16F\",\"compute_type\":\"HIPBLAS_COMPUTE_32F\",\"d_type\":\"HIP_R_32F\",\"direction\":\"NN\",\"epilogue\":\"BIAS\",\"execution_handle_count\":2,\"fresh_repeat\":1,\"heuristic_count\":32,\"heuristic_status\":0,\"k\":128,\"launches\":[{\"launch\":1,\"matmul_status\":0,\"output_memory\":{\"payload_unchanged\":false,\"prefix_guard_intact\":true,\"suffix_guard_intact\":true},\"stream_index\":0,\"synchronize_status\":0},{\"launch\":2,\"matmul_status\":0,\"output_memory\":{\"payload_unchanged\":false,\"prefix_guard_intact\":true,\"suffix_guard_intact\":true},\"stream_index\":1,\"synchronize_status\":0},{\"launch\":3,\"matmul_status\":0,\"output_memory\":{\"payload_unchanged\":false,\"prefix_guard_intact\":true,\"suffix_guard_intact\":true},\"stream_index\":0,\"synchronize_status\":0},{\"launch\":4,\"matmul_status\":0,\"output_memory\":{\"payload_unchanged\":false,\"prefix_guard_intact\":true,\"suffix_guard_intact\":true},\"stream_index\":1,\"synchronize_status\":0},{\"launch\":5,\"matmul_status\":0,\"output_memory\":{\"payload_unchanged\":false,\"prefix_guard_intact\":true,\"suffix_guard_intact\":true},\"stream_index\":0,\"synchronize_status\":0},{\"launch\":6,\"matmul_status\":0,\"output_memory\":{\"payload_unchanged\":false,\"prefix_guard_intact\":true,\"suffix_guard_intact\":true},\"stream_index\":1,\"synchronize_status\":0}],\"m\":32,\"marker\":\"TCNN_RDNA4_P3B1B_FP16_FORWARD_001\",\"n\":16,\"numerics\":{\"inf_count\":0,\"max_abs\":0.0,\"max_rel_outside_1e-3\":0.0,\"nan_count\":0,\"normalized_l2\":0.0,\"relu_mask_mismatches\":0},\"probe_state\":\"EXECUTED\",\"process_status\":\"PASS\",\"selected_candidate\":0,\"steady_state\":{\"launches\":4,\"new_descriptors\":0,\"new_handles\":0,\"new_heuristic_queries\":0,\"workspace_growth_bytes\":0},\"stream_count\":2,\"target_coverage\":{\"bias_axis_rows\":32,\"bias_sign_flip_count\":167,\"exact_zero_count\":2,\"large_finite_bias\":true,\"near_zero_count\":11},\"workspace_memory\":{\"payload_unchanged\":true,\"prefix_guard_intact\":true,\"suffix_guard_intact\":true}}\n",
      "stderr": ""
    },
    {
      "command": [
        "/tmp/tcnn_p3b1b_epi_uqmydzeb/probe_phase3b1b",
        "32",
        "16",
        "128",
        "BIAS",
        "f32",
        "2"
      ],
      "returncode": 0,
      "stdout": "{\"algorithm\":{\"index\":86505,\"kernel_name\":\"Cijk_Ailk_Bljk_HSS_BH_Bias_HA_S_SAV_UserArgs_MT16x16x32_MI16x16x1_SN_LDSB0_AFC1_AFEM1_AFEM1_ASEM1_CLR1_CADS0_DTLA0_DTLB0_DTVA0_DTVB0_EPS0_FDSI0_GRPM1_GRVWA8_GRVWB8_GSUAMB_GLS0_ISA1201_IU1_K1_LDSTI0_LBSPPA256_LBSPPB128_LBSPPM0_LPA16_LPB16_LPM0_LRVW8_LWPMn1_MIAV1_MIWT1_1_MO40_NTn1_NTA0_NTB0_NTC0_NTD0_NTM0_NEPBS0_NLCA1_NLCB1_ONLL1_PGR1_PLR1_PKA0_SIA1_SS1_SPO0_SRVW0_SSO0_SVW1_SK0_SKFTR0_SKXCCM0_TLDS1_ULSGRO0_USL1_UIOFGRO0_USFGROn1_VSn1_VWA1_VWB1_WSGRA0_WSGRB0_WS32_WG16_2_1\",\"solution_name\":\"Cijk_Ailk_Bljk_HSS_BH_Bias_HA_S_SAV_UserArgs_MT16x16x32_MI16x16x1_SN_LDSB0_AFC1_AFEM1_AFEM1_ASEM1_CLR1_CADS0_DTLA0_DTLB0_DTVA0_DTVB0_EPS0_FDSI0_GRPM1_GRVWA8_GRVWB8_GSU1_GSUAMB_GSUC0_GSUWGMRR0_GLS0_ISA1201_IU1_K1_LDSTI0_LBSPPA256_LBSPPB128_LBSPPM0_LPA16_LPB16_LPM0_LRVW8_LWPMn1_MIAV1_MIWT1_1_MO40_NTn1_NTA0_NTB0_NTC0_NTD0_NTM0_NEPBS0_NLCA1_NLCB1_ONLL1_PGR1_PLR1_PKA0_SIA1_SS1_SU32_SUM0_SUS256_SPO0_SRVW0_SSO0_SVW1_SK0_SKFTR0_SKXCCM0_TLDS1_ULSGRO0_USL1_UIOFGRO0_USFGROn1_VSn1_VWA1_VWB1_WSGRA0_WSGRB0_WS32_WG16_2_1_WGM8_WGMXCC1_WGMXCCGn1\",\"workspace_bytes\":0},\"bias_type\":\"HIP_R_16F\",\"compute_type\":\"HIPBLAS_COMPUTE_32F\",\"d_type\":\"HIP_R_32F\",\"direction\":\"NN\",\"epilogue\":\"BIAS\",\"execution_handle_count\":2,\"fresh_repeat\":2,\"heuristic_count\":32,\"heuristic_status\":0,\"k\":128,\"launches\":[{\"launch\":1,\"matmul_status\":0,\"output_memory\":{\"payload_unchanged\":false,\"prefix_guard_intact\":true,\"suffix_guard_intact\":true},\"stream_index\":0,\"synchronize_status\":0},{\"launch\":2,\"matmul_status\":0,\"output_memory\":{\"payload_unchanged\":false,\"prefix_guard_intact\":true,\"suffix_guard_intact\":true},\"stream_index\":1,\"synchronize_status\":0},{\"launch\":3,\"matmul_status\":0,\"output_memory\":{\"payload_unchanged\":false,\"prefix_guard_intact\":true,\"suffix_guard_intact\":true},\"stream_index\":0,\"synchronize_status\":0},{\"launch\":4,\"matmul_status\":0,\"output_memory\":{\"payload_unchanged\":false,\"prefix_guard_intact\":true,\"suffix_guard_intact\":true},\"stream_index\":1,\"synchronize_status\":0},{\"launch\":5,\"matmul_status\":0,\"output_memory\":{\"payload_unchanged\":false,\"prefix_guard_intact\":true,\"suffix_guard_intact\":true},\"stream_index\":0,\"synchronize_status\":0},{\"launch\":6,\"matmul_status\":0,\"output_memory\":{\"payload_unchanged\":false,\"prefix_guard_intact\":true,\"suffix_guard_intact\":true},\"stream_index\":1,\"synchronize_status\":0}],\"m\":32,\"marker\":\"TCNN_RDNA4_P3B1B_FP16_FORWARD_001\",\"n\":16,\"numerics\":{\"inf_count\":0,\"max_abs\":0.0,\"max_rel_outside_1e-3\":0.0,\"nan_count\":0,\"normalized_l2\":0.0,\"relu_mask_mismatches\":0},\"probe_state\":\"EXECUTED\",\"process_status\":\"PASS\",\"selected_candidate\":0,\"steady_state\":{\"launches\":4,\"new_descriptors\":0,\"new_handles\":0,\"new_heuristic_queries\":0,\"workspace_growth_bytes\":0},\"stream_count\":2,\"target_coverage\":{\"bias_axis_rows\":32,\"bias_sign_flip_count\":167,\"exact_zero_count\":2,\"large_finite_bias\":true,\"near_zero_count\":11},\"workspace_memory\":{\"payload_unchanged\":true,\"prefix_guard_intact\":true,\"suffix_guard_intact\":true}}\n",
      "stderr": ""
    },
    {
      "command": [
        "/tmp/tcnn_p3b1b_epi_uqmydzeb/probe_phase3b1b",
        "32",
        "16",
        "128",
        "RELU_BIAS",
        "f16",
        "1"
      ],
      "returncode": 0,
      "stdout": "{\"algorithm\":{\"index\":84828,\"kernel_name\":\"Cijk_Ailk_Bljk_HHS_BH_Bias_HA_S_SAV_UserArgs_MT16x16x32_MI16x16x1_SN_LDSB0_AFC1_AFEM1_AFEM1_ASEM1_CLR1_CADS0_DTLA0_DTLB0_DTVA0_DTVB0_EPS0_FDSI0_GRPM1_GRVWA8_GRVWB8_GSUAMB_GLS0_ISA1201_IU1_K1_LDSTI0_LBSPPA256_LBSPPB128_LBSPPM0_LPA16_LPB16_LPM0_LRVW8_LWPMn1_MIAV1_MIWT1_1_MO40_NTn1_NTA0_NTB0_NTC0_NTD0_NTM0_NEPBS0_NLCA1_NLCB1_ONLL1_PGR1_PLR1_PKA0_SIA1_SS1_SPO0_SRVW0_SSO0_SVW1_SK0_SKFTR0_SKXCCM0_TLDS1_ULSGRO0_USL1_UIOFGRO0_USFGROn1_VSn1_VWA1_VWB1_WSGRA0_WSGRB0_WS32_WG16_2_1\",\"solution_name\":\"Cijk_Ailk_Bljk_HHS_BH_Bias_HA_S_SAV_UserArgs_MT16x16x32_MI16x16x1_SN_LDSB0_AFC1_AFEM1_AFEM1_ASEM1_CLR1_CADS0_DTLA0_DTLB0_DTVA0_DTVB0_EPS0_FDSI0_GRPM1_GRVWA8_GRVWB8_GSU1_GSUAMB_GSUC0_GSUWGMRR0_GLS0_ISA1201_IU1_K1_LDSTI0_LBSPPA256_LBSPPB128_LBSPPM0_LPA16_LPB16_LPM0_LRVW8_LWPMn1_MIAV1_MIWT1_1_MO40_NTn1_NTA0_NTB0_NTC0_NTD0_NTM0_NEPBS0_NLCA1_NLCB1_ONLL1_PGR1_PLR1_PKA0_SIA1_SS1_SU32_SUM0_SUS256_SPO0_SRVW0_SSO0_SVW1_SK0_SKFTR0_SKXCCM0_TLDS1_ULSGRO0_USL1_UIOFGRO0_USFGROn1_VSn1_VWA1_VWB1_WSGRA0_WSGRB0_WS32_WG16_2_1_WGM8_WGMXCC1_WGMXCCGn1\",\"workspace_bytes\":0},\"bias_type\":\"HIP_R_16F\",\"compute_type\":\"HIPBLAS_COMPUTE_32F\",\"d_type\":\"HIP_R_16F\",\"direction\":\"NN\",\"epilogue\":\"RELU_BIAS\",\"execution_handle_count\":2,\"fresh_repeat\":1,\"heuristic_count\":32,\"heuristic_status\":0,\"k\":128,\"launches\":[{\"launch\":1,\"matmul_status\":0,\"output_memory\":{\"payload_unchanged\":false,\"prefix_guard_intact\":true,\"suffix_guard_intact\":true},\"stream_index\":0,\"synchronize_status\":0},{\"launch\":2,\"matmul_status\":0,\"output_memory\":{\"payload_unchanged\":false,\"prefix_guard_intact\":true,\"suffix_guard_intact\":true},\"stream_index\":1,\"synchronize_status\":0},{\"launch\":3,\"matmul_status\":0,\"output_memory\":{\"payload_unchanged\":false,\"prefix_guard_intact\":true,\"suffix_guard_intact\":true},\"stream_index\":0,\"synchronize_status\":0},{\"launch\":4,\"matmul_status\":0,\"output_memory\":{\"payload_unchanged\":false,\"prefix_guard_intact\":true,\"suffix_guard_intact\":true},\"stream_index\":1,\"synchronize_status\":0},{\"launch\":5,\"matmul_status\":0,\"output_memory\":{\"payload_unchanged\":false,\"prefix_guard_intact\":true,\"suffix_guard_intact\":true},\"stream_index\":0,\"synchronize_status\":0},{\"launch\":6,\"matmul_status\":0,\"output_memory\":{\"payload_unchanged\":false,\"prefix_guard_intact\":true,\"suffix_guard_intact\":true},\"stream_index\":1,\"synchronize_status\":0}],\"m\":32,\"marker\":\"TCNN_RDNA4_P3B1B_FP16_FORWARD_001\",\"n\":16,\"numerics\":{\"inf_count\":0,\"max_abs\":0.0,\"max_rel_outside_1e-3\":0.0,\"nan_count\":0,\"normalized_l2\":0.0,\"relu_mask_mismatches\":0},\"probe_state\":\"EXECUTED\",\"process_status\":\"PASS\",\"selected_candidate\":0,\"steady_state\":{\"launches\":4,\"new_descriptors\":0,\"new_handles\":0,\"new_heuristic_queries\":0,\"workspace_growth_bytes\":0},\"stream_count\":2,\"target_coverage\":{\"bias_axis_rows\":32,\"bias_sign_flip_count\":167,\"exact_zero_count\":257,\"large_finite_bias\":true,\"near_zero_count\":260},\"workspace_memory\":{\"payload_unchanged\":true,\"prefix_guard_intact\":true,\"suffix_guard_intact\":true}}\n",
      "stderr": ""
    },
    {
      "command": [
        "/tmp/tcnn_p3b1b_epi_uqmydzeb/probe_phase3b1b",
        "32",
        "16",
        "128",
        "RELU_BIAS",
        "f16",
        "2"
      ],
      "returncode": 0,
      "stdout": "{\"algorithm\":{\"index\":84828,\"kernel_name\":\"Cijk_Ailk_Bljk_HHS_BH_Bias_HA_S_SAV_UserArgs_MT16x16x32_MI16x16x1_SN_LDSB0_AFC1_AFEM1_AFEM1_ASEM1_CLR1_CADS0_DTLA0_DTLB0_DTVA0_DTVB0_EPS0_FDSI0_GRPM1_GRVWA8_GRVWB8_GSUAMB_GLS0_ISA1201_IU1_K1_LDSTI0_LBSPPA256_LBSPPB128_LBSPPM0_LPA16_LPB16_LPM0_LRVW8_LWPMn1_MIAV1_MIWT1_1_MO40_NTn1_NTA0_NTB0_NTC0_NTD0_NTM0_NEPBS0_NLCA1_NLCB1_ONLL1_PGR1_PLR1_PKA0_SIA1_SS1_SPO0_SRVW0_SSO0_SVW1_SK0_SKFTR0_SKXCCM0_TLDS1_ULSGRO0_USL1_UIOFGRO0_USFGROn1_VSn1_VWA1_VWB1_WSGRA0_WSGRB0_WS32_WG16_2_1\",\"solution_name\":\"Cijk_Ailk_Bljk_HHS_BH_Bias_HA_S_SAV_UserArgs_MT16x16x32_MI16x16x1_SN_LDSB0_AFC1_AFEM1_AFEM1_ASEM1_CLR1_CADS0_DTLA0_DTLB0_DTVA0_DTVB0_EPS0_FDSI0_GRPM1_GRVWA8_GRVWB8_GSU1_GSUAMB_GSUC0_GSUWGMRR0_GLS0_ISA1201_IU1_K1_LDSTI0_LBSPPA256_LBSPPB128_LBSPPM0_LPA16_LPB16_LPM0_LRVW8_LWPMn1_MIAV1_MIWT1_1_MO40_NTn1_NTA0_NTB0_NTC0_NTD0_NTM0_NEPBS0_NLCA1_NLCB1_ONLL1_PGR1_PLR1_PKA0_SIA1_SS1_SU32_SUM0_SUS256_SPO0_SRVW0_SSO0_SVW1_SK0_SKFTR0_SKXCCM0_TLDS1_ULSGRO0_USL1_UIOFGRO0_USFGROn1_VSn1_VWA1_VWB1_WSGRA0_WSGRB0_WS32_WG16_2_1_WGM8_WGMXCC1_WGMXCCGn1\",\"workspace_bytes\":0},\"bias_type\":\"HIP_R_16F\",\"compute_type\":\"HIPBLAS_COMPUTE_32F\",\"d_type\":\"HIP_R_16F\",\"direction\":\"NN\",\"epilogue\":\"RELU_BIAS\",\"execution_handle_count\":2,\"fresh_repeat\":2,\"heuristic_count\":32,\"heuristic_status\":0,\"k\":128,\"launches\":[{\"launch\":1,\"matmul_status\":0,\"output_memory\":{\"payload_unchanged\":false,\"prefix_guard_intact\":true,\"suffix_guard_intact\":true},\"stream_index\":0,\"synchronize_status\":0},{\"launch\":2,\"matmul_status\":0,\"output_memory\":{\"payload_unchanged\":false,\"prefix_guard_intact\":true,\"suffix_guard_intact\":true},\"stream_index\":1,\"synchronize_status\":0},{\"launch\":3,\"matmul_status\":0,\"output_memory\":{\"payload_unchanged\":false,\"prefix_guard_intact\":true,\"suffix_guard_intact\":true},\"stream_index\":0,\"synchronize_status\":0},{\"launch\":4,\"matmul_status\":0,\"output_memory\":{\"payload_unchanged\":false,\"prefix_guard_intact\":true,\"suffix_guard_intact\":true},\"stream_index\":1,\"synchronize_status\":0},{\"launch\":5,\"matmul_status\":0,\"output_memory\":{\"payload_unchanged\":false,\"prefix_guard_intact\":true,\"suffix_guard_intact\":true},\"stream_index\":0,\"synchronize_status\":0},{\"launch\":6,\"matmul_status\":0,\"output_memory\":{\"payload_unchanged\":false,\"prefix_guard_intact\":true,\"suffix_guard_intact\":true},\"stream_index\":1,\"synchronize_status\":0}],\"m\":32,\"marker\":\"TCNN_RDNA4_P3B1B_FP16_FORWARD_001\",\"n\":16,\"numerics\":{\"inf_count\":0,\"max_abs\":0.0,\"max_rel_outside_1e-3\":0.0,\"nan_count\":0,\"normalized_l2\":0.0,\"relu_mask_mismatches\":0},\"probe_state\":\"EXECUTED\",\"process_status\":\"PASS\",\"selected_candidate\":0,\"steady_state\":{\"launches\":4,\"new_descriptors\":0,\"new_handles\":0,\"new_heuristic_queries\":0,\"workspace_growth_bytes\":0},\"stream_count\":2,\"target_coverage\":{\"bias_axis_rows\":32,\"bias_sign_flip_count\":167,\"exact_zero_count\":257,\"large_finite_bias\":true,\"near_zero_count\":260},\"workspace_memory\":{\"payload_unchanged\":true,\"prefix_guard_intact\":true,\"suffix_guard_intact\":true}}\n",
      "stderr": ""
    },
    {
      "command": [
        "/tmp/tcnn_p3b1b_epi_uqmydzeb/probe_phase3b1b",
        "32",
        "16",
        "128",
        "RELU_BIAS",
        "f32",
        "1"
      ],
      "returncode": 0,
      "stdout": "{\"algorithm\":{\"index\":86505,\"kernel_name\":\"Cijk_Ailk_Bljk_HSS_BH_Bias_HA_S_SAV_UserArgs_MT16x16x32_MI16x16x1_SN_LDSB0_AFC1_AFEM1_AFEM1_ASEM1_CLR1_CADS0_DTLA0_DTLB0_DTVA0_DTVB0_EPS0_FDSI0_GRPM1_GRVWA8_GRVWB8_GSUAMB_GLS0_ISA1201_IU1_K1_LDSTI0_LBSPPA256_LBSPPB128_LBSPPM0_LPA16_LPB16_LPM0_LRVW8_LWPMn1_MIAV1_MIWT1_1_MO40_NTn1_NTA0_NTB0_NTC0_NTD0_NTM0_NEPBS0_NLCA1_NLCB1_ONLL1_PGR1_PLR1_PKA0_SIA1_SS1_SPO0_SRVW0_SSO0_SVW1_SK0_SKFTR0_SKXCCM0_TLDS1_ULSGRO0_USL1_UIOFGRO0_USFGROn1_VSn1_VWA1_VWB1_WSGRA0_WSGRB0_WS32_WG16_2_1\",\"solution_name\":\"Cijk_Ailk_Bljk_HSS_BH_Bias_HA_S_SAV_UserArgs_MT16x16x32_MI16x16x1_SN_LDSB0_AFC1_AFEM1_AFEM1_ASEM1_CLR1_CADS0_DTLA0_DTLB0_DTVA0_DTVB0_EPS0_FDSI0_GRPM1_GRVWA8_GRVWB8_GSU1_GSUAMB_GSUC0_GSUWGMRR0_GLS0_ISA1201_IU1_K1_LDSTI0_LBSPPA256_LBSPPB128_LBSPPM0_LPA16_LPB16_LPM0_LRVW8_LWPMn1_MIAV1_MIWT1_1_MO40_NTn1_NTA0_NTB0_NTC0_NTD0_NTM0_NEPBS0_NLCA1_NLCB1_ONLL1_PGR1_PLR1_PKA0_SIA1_SS1_SU32_SUM0_SUS256_SPO0_SRVW0_SSO0_SVW1_SK0_SKFTR0_SKXCCM0_TLDS1_ULSGRO0_USL1_UIOFGRO0_USFGROn1_VSn1_VWA1_VWB1_WSGRA0_WSGRB0_WS32_WG16_2_1_WGM8_WGMXCC1_WGMXCCGn1\",\"workspace_bytes\":0},\"bias_type\":\"HIP_R_16F\",\"compute_type\":\"HIPBLAS_COMPUTE_32F\",\"d_type\":\"HIP_R_32F\",\"direction\":\"NN\",\"epilogue\":\"RELU_BIAS\",\"execution_handle_count\":2,\"fresh_repeat\":1,\"heuristic_count\":32,\"heuristic_status\":0,\"k\":128,\"launches\":[{\"launch\":1,\"matmul_status\":0,\"output_memory\":{\"payload_unchanged\":false,\"prefix_guard_intact\":true,\"suffix_guard_intact\":true},\"stream_index\":0,\"synchronize_status\":0},{\"launch\":2,\"matmul_status\":0,\"output_memory\":{\"payload_unchanged\":false,\"prefix_guard_intact\":true,\"suffix_guard_intact\":true},\"stream_index\":1,\"synchronize_status\":0},{\"launch\":3,\"matmul_status\":0,\"output_memory\":{\"payload_unchanged\":false,\"prefix_guard_intact\":true,\"suffix_guard_intact\":true},\"stream_index\":0,\"synchronize_status\":0},{\"launch\":4,\"matmul_status\":0,\"output_memory\":{\"payload_unchanged\":false,\"prefix_guard_intact\":true,\"suffix_guard_intact\":true},\"stream_index\":1,\"synchronize_status\":0},{\"launch\":5,\"matmul_status\":0,\"output_memory\":{\"payload_unchanged\":false,\"prefix_guard_intact\":true,\"suffix_guard_intact\":true},\"stream_index\":0,\"synchronize_status\":0},{\"launch\":6,\"matmul_status\":0,\"output_memory\":{\"payload_unchanged\":false,\"prefix_guard_intact\":true,\"suffix_guard_intact\":true},\"stream_index\":1,\"synchronize_status\":0}],\"m\":32,\"marker\":\"TCNN_RDNA4_P3B1B_FP16_FORWARD_001\",\"n\":16,\"numerics\":{\"inf_count\":0,\"max_abs\":0.0,\"max_rel_outside_1e-3\":0.0,\"nan_count\":0,\"normalized_l2\":0.0,\"relu_mask_mismatches\":0},\"probe_state\":\"EXECUTED\",\"process_status\":\"PASS\",\"selected_candidate\":0,\"steady_state\":{\"launches\":4,\"new_descriptors\":0,\"new_handles\":0,\"new_heuristic_queries\":0,\"workspace_growth_bytes\":0},\"stream_count\":2,\"target_coverage\":{\"bias_axis_rows\":32,\"bias_sign_flip_count\":167,\"exact_zero_count\":257,\"large_finite_bias\":true,\"near_zero_count\":260},\"workspace_memory\":{\"payload_unchanged\":true,\"prefix_guard_intact\":true,\"suffix_guard_intact\":true}}\n",
      "stderr": ""
    },
    {
      "command": [
        "/tmp/tcnn_p3b1b_epi_uqmydzeb/probe_phase3b1b",
        "32",
        "16",
        "128",
        "RELU_BIAS",
        "f32",
        "2"
      ],
      "returncode": 0,
      "stdout": "{\"algorithm\":{\"index\":86505,\"kernel_name\":\"Cijk_Ailk_Bljk_HSS_BH_Bias_HA_S_SAV_UserArgs_MT16x16x32_MI16x16x1_SN_LDSB0_AFC1_AFEM1_AFEM1_ASEM1_CLR1_CADS0_DTLA0_DTLB0_DTVA0_DTVB0_EPS0_FDSI0_GRPM1_GRVWA8_GRVWB8_GSUAMB_GLS0_ISA1201_IU1_K1_LDSTI0_LBSPPA256_LBSPPB128_LBSPPM0_LPA16_LPB16_LPM0_LRVW8_LWPMn1_MIAV1_MIWT1_1_MO40_NTn1_NTA0_NTB0_NTC0_NTD0_NTM0_NEPBS0_NLCA1_NLCB1_ONLL1_PGR1_PLR1_PKA0_SIA1_SS1_SPO0_SRVW0_SSO0_SVW1_SK0_SKFTR0_SKXCCM0_TLDS1_ULSGRO0_USL1_UIOFGRO0_USFGROn1_VSn1_VWA1_VWB1_WSGRA0_WSGRB0_WS32_WG16_2_1\",\"solution_name\":\"Cijk_Ailk_Bljk_HSS_BH_Bias_HA_S_SAV_UserArgs_MT16x16x32_MI16x16x1_SN_LDSB0_AFC1_AFEM1_AFEM1_ASEM1_CLR1_CADS0_DTLA0_DTLB0_DTVA0_DTVB0_EPS0_FDSI0_GRPM1_GRVWA8_GRVWB8_GSU1_GSUAMB_GSUC0_GSUWGMRR0_GLS0_ISA1201_IU1_K1_LDSTI0_LBSPPA256_LBSPPB128_LBSPPM0_LPA16_LPB16_LPM0_LRVW8_LWPMn1_MIAV1_MIWT1_1_MO40_NTn1_NTA0_NTB0_NTC0_NTD0_NTM0_NEPBS0_NLCA1_NLCB1_ONLL1_PGR1_PLR1_PKA0_SIA1_SS1_SU32_SUM0_SUS256_SPO0_SRVW0_SSO0_SVW1_SK0_SKFTR0_SKXCCM0_TLDS1_ULSGRO0_USL1_UIOFGRO0_USFGROn1_VSn1_VWA1_VWB1_WSGRA0_WSGRB0_WS32_WG16_2_1_WGM8_WGMXCC1_WGMXCCGn1\",\"workspace_bytes\":0},\"bias_type\":\"HIP_R_16F\",\"compute_type\":\"HIPBLAS_COMPUTE_32F\",\"d_type\":\"HIP_R_32F\",\"direction\":\"NN\",\"epilogue\":\"RELU_BIAS\",\"execution_handle_count\":2,\"fresh_repeat\":2,\"heuristic_count\":32,\"heuristic_status\":0,\"k\":128,\"launches\":[{\"launch\":1,\"matmul_status\":0,\"output_memory\":{\"payload_unchanged\":false,\"prefix_guard_intact\":true,\"suffix_guard_intact\":true},\"stream_index\":0,\"synchronize_status\":0},{\"launch\":2,\"matmul_status\":0,\"output_memory\":{\"payload_unchanged\":false,\"prefix_guard_intact\":true,\"suffix_guard_intact\":true},\"stream_index\":1,\"synchronize_status\":0},{\"launch\":3,\"matmul_status\":0,\"output_memory\":{\"payload_unchanged\":false,\"prefix_guard_intact\":true,\"suffix_guard_intact\":true},\"stream_index\":0,\"synchronize_status\":0},{\"launch\":4,\"matmul_status\":0,\"output_memory\":{\"payload_unchanged\":false,\"prefix_guard_intact\":true,\"suffix_guard_intact\":true},\"stream_index\":1,\"synchronize_status\":0},{\"launch\":5,\"matmul_status\":0,\"output_memory\":{\"payload_unchanged\":false,\"prefix_guard_intact\":true,\"suffix_guard_intact\":true},\"stream_index\":0,\"synchronize_status\":0},{\"launch\":6,\"matmul_status\":0,\"output_memory\":{\"payload_unchanged\":false,\"prefix_guard_intact\":true,\"suffix_guard_intact\":true},\"stream_index\":1,\"synchronize_status\":0}],\"m\":32,\"marker\":\"TCNN_RDNA4_P3B1B_FP16_FORWARD_001\",\"n\":16,\"numerics\":{\"inf_count\":0,\"max_abs\":0.0,\"max_rel_outside_1e-3\":0.0,\"nan_count\":0,\"normalized_l2\":0.0,\"relu_mask_mismatches\":0},\"probe_state\":\"EXECUTED\",\"process_status\":\"PASS\",\"selected_candidate\":0,\"steady_state\":{\"launches\":4,\"new_descriptors\":0,\"new_handles\":0,\"new_heuristic_queries\":0,\"workspace_growth_bytes\":0},\"stream_count\":2,\"target_coverage\":{\"bias_axis_rows\":32,\"bias_sign_flip_count\":167,\"exact_zero_count\":257,\"large_finite_bias\":true,\"near_zero_count\":260},\"workspace_memory\":{\"payload_unchanged\":true,\"prefix_guard_intact\":true,\"suffix_guard_intact\":true}}\n",
      "stderr": ""
    },
    {
      "command": [
        "/tmp/tcnn_p3b1b_epi_uqmydzeb/probe_phase3b1b",
        "64",
        "16",
        "16",
        "BIAS",
        "f16",
        "1"
      ],
      "returncode": 0,
      "stdout": "{\"algorithm\":{\"index\":84828,\"kernel_name\":\"Cijk_Ailk_Bljk_HHS_BH_Bias_HA_S_SAV_UserArgs_MT16x16x32_MI16x16x1_SN_LDSB0_AFC1_AFEM1_AFEM1_ASEM1_CLR1_CADS0_DTLA0_DTLB0_DTVA0_DTVB0_EPS0_FDSI0_GRPM1_GRVWA8_GRVWB8_GSUAMB_GLS0_ISA1201_IU1_K1_LDSTI0_LBSPPA256_LBSPPB128_LBSPPM0_LPA16_LPB16_LPM0_LRVW8_LWPMn1_MIAV1_MIWT1_1_MO40_NTn1_NTA0_NTB0_NTC0_NTD0_NTM0_NEPBS0_NLCA1_NLCB1_ONLL1_PGR1_PLR1_PKA0_SIA1_SS1_SPO0_SRVW0_SSO0_SVW1_SK0_SKFTR0_SKXCCM0_TLDS1_ULSGRO0_USL1_UIOFGRO0_USFGROn1_VSn1_VWA1_VWB1_WSGRA0_WSGRB0_WS32_WG16_2_1\",\"solution_name\":\"Cijk_Ailk_Bljk_HHS_BH_Bias_HA_S_SAV_UserArgs_MT16x16x32_MI16x16x1_SN_LDSB0_AFC1_AFEM1_AFEM1_ASEM1_CLR1_CADS0_DTLA0_DTLB0_DTVA0_DTVB0_EPS0_FDSI0_GRPM1_GRVWA8_GRVWB8_GSU1_GSUAMB_GSUC0_GSUWGMRR0_GLS0_ISA1201_IU1_K1_LDSTI0_LBSPPA256_LBSPPB128_LBSPPM0_LPA16_LPB16_LPM0_LRVW8_LWPMn1_MIAV1_MIWT1_1_MO40_NTn1_NTA0_NTB0_NTC0_NTD0_NTM0_NEPBS0_NLCA1_NLCB1_ONLL1_PGR1_PLR1_PKA0_SIA1_SS1_SU32_SUM0_SUS256_SPO0_SRVW0_SSO0_SVW1_SK0_SKFTR0_SKXCCM0_TLDS1_ULSGRO0_USL1_UIOFGRO0_USFGROn1_VSn1_VWA1_VWB1_WSGRA0_WSGRB0_WS32_WG16_2_1_WGM8_WGMXCC1_WGMXCCGn1\",\"workspace_bytes\":0},\"bias_type\":\"HIP_R_16F\",\"compute_type\":\"HIPBLAS_COMPUTE_32F\",\"d_type\":\"HIP_R_16F\",\"direction\":\"NN\",\"epilogue\":\"BIAS\",\"execution_handle_count\":2,\"fresh_repeat\":1,\"heuristic_count\":32,\"heuristic_status\":0,\"k\":16,\"launches\":[{\"launch\":1,\"matmul_status\":0,\"output_memory\":{\"payload_unchanged\":false,\"prefix_guard_intact\":true,\"suffix_guard_intact\":true},\"stream_index\":0,\"synchronize_status\":0},{\"launch\":2,\"matmul_status\":0,\"output_memory\":{\"payload_unchanged\":false,\"prefix_guard_intact\":true,\"suffix_guard_intact\":true},\"stream_index\":1,\"synchronize_status\":0},{\"launch\":3,\"matmul_status\":0,\"output_memory\":{\"payload_unchanged\":false,\"prefix_guard_intact\":true,\"suffix_guard_intact\":true},\"stream_index\":0,\"synchronize_status\":0},{\"launch\":4,\"matmul_status\":0,\"output_memory\":{\"payload_unchanged\":false,\"prefix_guard_intact\":true,\"suffix_guard_intact\":true},\"stream_index\":1,\"synchronize_status\":0},{\"launch\":5,\"matmul_status\":0,\"output_memory\":{\"payload_unchanged\":false,\"prefix_guard_intact\":true,\"suffix_guard_intact\":true},\"stream_index\":0,\"synchronize_status\":0},{\"launch\":6,\"matmul_status\":0,\"output_memory\":{\"payload_unchanged\":false,\"prefix_guard_intact\":true,\"suffix_guard_intact\":true},\"stream_index\":1,\"synchronize_status\":0}],\"m\":64,\"marker\":\"TCNN_RDNA4_P3B1B_FP16_FORWARD_001\",\"n\":16,\"numerics\":{\"inf_count\":0,\"max_abs\":0.0,\"max_rel_outside_1e-3\":0.0,\"nan_count\":0,\"normalized_l2\":0.0,\"relu_mask_mismatches\":0},\"probe_state\":\"EXECUTED\",\"process_status\":\"PASS\",\"selected_candidate\":0,\"steady_state\":{\"launches\":4,\"new_descriptors\":0,\"new_handles\":0,\"new_heuristic_queries\":0,\"workspace_growth_bytes\":0},\"stream_count\":2,\"target_coverage\":{\"bias_axis_rows\":64,\"bias_sign_flip_count\":411,\"exact_zero_count\":7,\"large_finite_bias\":true,\"near_zero_count\":24},\"workspace_memory\":{\"payload_unchanged\":true,\"prefix_guard_intact\":true,\"suffix_guard_intact\":true}}\n",
      "stderr": ""
    },
    {
      "command": [
        "/tmp/tcnn_p3b1b_epi_uqmydzeb/probe_phase3b1b",
        "64",
        "16",
        "16",
        "BIAS",
        "f16",
        "2"
      ],
      "returncode": 0,
      "stdout": "{\"algorithm\":{\"index\":84828,\"kernel_name\":\"Cijk_Ailk_Bljk_HHS_BH_Bias_HA_S_SAV_UserArgs_MT16x16x32_MI16x16x1_SN_LDSB0_AFC1_AFEM1_AFEM1_ASEM1_CLR1_CADS0_DTLA0_DTLB0_DTVA0_DTVB0_EPS0_FDSI0_GRPM1_GRVWA8_GRVWB8_GSUAMB_GLS0_ISA1201_IU1_K1_LDSTI0_LBSPPA256_LBSPPB128_LBSPPM0_LPA16_LPB16_LPM0_LRVW8_LWPMn1_MIAV1_MIWT1_1_MO40_NTn1_NTA0_NTB0_NTC0_NTD0_NTM0_NEPBS0_NLCA1_NLCB1_ONLL1_PGR1_PLR1_PKA0_SIA1_SS1_SPO0_SRVW0_SSO0_SVW1_SK0_SKFTR0_SKXCCM0_TLDS1_ULSGRO0_USL1_UIOFGRO0_USFGROn1_VSn1_VWA1_VWB1_WSGRA0_WSGRB0_WS32_WG16_2_1\",\"solution_name\":\"Cijk_Ailk_Bljk_HHS_BH_Bias_HA_S_SAV_UserArgs_MT16x16x32_MI16x16x1_SN_LDSB0_AFC1_AFEM1_AFEM1_ASEM1_CLR1_CADS0_DTLA0_DTLB0_DTVA0_DTVB0_EPS0_FDSI0_GRPM1_GRVWA8_GRVWB8_GSU1_GSUAMB_GSUC0_GSUWGMRR0_GLS0_ISA1201_IU1_K1_LDSTI0_LBSPPA256_LBSPPB128_LBSPPM0_LPA16_LPB16_LPM0_LRVW8_LWPMn1_MIAV1_MIWT1_1_MO40_NTn1_NTA0_NTB0_NTC0_NTD0_NTM0_NEPBS0_NLCA1_NLCB1_ONLL1_PGR1_PLR1_PKA0_SIA1_SS1_SU32_SUM0_SUS256_SPO0_SRVW0_SSO0_SVW1_SK0_SKFTR0_SKXCCM0_TLDS1_ULSGRO0_USL1_UIOFGRO0_USFGROn1_VSn1_VWA1_VWB1_WSGRA0_WSGRB0_WS32_WG16_2_1_WGM8_WGMXCC1_WGMXCCGn1\",\"workspace_bytes\":0},\"bias_type\":\"HIP_R_16F\",\"compute_type\":\"HIPBLAS_COMPUTE_32F\",\"d_type\":\"HIP_R_16F\",\"direction\":\"NN\",\"epilogue\":\"BIAS\",\"execution_handle_count\":2,\"fresh_repeat\":2,\"heuristic_count\":32,\"heuristic_status\":0,\"k\":16,\"launches\":[{\"launch\":1,\"matmul_status\":0,\"output_memory\":{\"payload_unchanged\":false,\"prefix_guard_intact\":true,\"suffix_guard_intact\":true},\"stream_index\":0,\"synchronize_status\":0},{\"launch\":2,\"matmul_status\":0,\"output_memory\":{\"payload_unchanged\":false,\"prefix_guard_intact\":true,\"suffix_guard_intact\":true},\"stream_index\":1,\"synchronize_status\":0},{\"launch\":3,\"matmul_status\":0,\"output_memory\":{\"payload_unchanged\":false,\"prefix_guard_intact\":true,\"suffix_guard_intact\":true},\"stream_index\":0,\"synchronize_status\":0},{\"launch\":4,\"matmul_status\":0,\"output_memory\":{\"payload_unchanged\":false,\"prefix_guard_intact\":true,\"suffix_guard_intact\":true},\"stream_index\":1,\"synchronize_status\":0},{\"launch\":5,\"matmul_status\":0,\"output_memory\":{\"payload_unchanged\":false,\"prefix_guard_intact\":true,\"suffix_guard_intact\":true},\"stream_index\":0,\"synchronize_status\":0},{\"launch\":6,\"matmul_status\":0,\"output_memory\":{\"payload_unchanged\":false,\"prefix_guard_intact\":true,\"suffix_guard_intact\":true},\"stream_index\":1,\"synchronize_status\":0}],\"m\":64,\"marker\":\"TCNN_RDNA4_P3B1B_FP16_FORWARD_001\",\"n\":16,\"numerics\":{\"inf_count\":0,\"max_abs\":0.0,\"max_rel_outside_1e-3\":0.0,\"nan_count\":0,\"normalized_l2\":0.0,\"relu_mask_mismatches\":0},\"probe_state\":\"EXECUTED\",\"process_status\":\"PASS\",\"selected_candidate\":0,\"steady_state\":{\"launches\":4,\"new_descriptors\":0,\"new_handles\":0,\"new_heuristic_queries\":0,\"workspace_growth_bytes\":0},\"stream_count\":2,\"target_coverage\":{\"bias_axis_rows\":64,\"bias_sign_flip_count\":411,\"exact_zero_count\":7,\"large_finite_bias\":true,\"near_zero_count\":24},\"workspace_memory\":{\"payload_unchanged\":true,\"prefix_guard_intact\":true,\"suffix_guard_intact\":true}}\n",
      "stderr": ""
    },
    {
      "command": [
        "/tmp/tcnn_p3b1b_epi_uqmydzeb/probe_phase3b1b",
        "64",
        "16",
        "16",
        "BIAS",
        "f32",
        "1"
      ],
      "returncode": 0,
      "stdout": "{\"algorithm\":{\"index\":86505,\"kernel_name\":\"Cijk_Ailk_Bljk_HSS_BH_Bias_HA_S_SAV_UserArgs_MT16x16x32_MI16x16x1_SN_LDSB0_AFC1_AFEM1_AFEM1_ASEM1_CLR1_CADS0_DTLA0_DTLB0_DTVA0_DTVB0_EPS0_FDSI0_GRPM1_GRVWA8_GRVWB8_GSUAMB_GLS0_ISA1201_IU1_K1_LDSTI0_LBSPPA256_LBSPPB128_LBSPPM0_LPA16_LPB16_LPM0_LRVW8_LWPMn1_MIAV1_MIWT1_1_MO40_NTn1_NTA0_NTB0_NTC0_NTD0_NTM0_NEPBS0_NLCA1_NLCB1_ONLL1_PGR1_PLR1_PKA0_SIA1_SS1_SPO0_SRVW0_SSO0_SVW1_SK0_SKFTR0_SKXCCM0_TLDS1_ULSGRO0_USL1_UIOFGRO0_USFGROn1_VSn1_VWA1_VWB1_WSGRA0_WSGRB0_WS32_WG16_2_1\",\"solution_name\":\"Cijk_Ailk_Bljk_HSS_BH_Bias_HA_S_SAV_UserArgs_MT16x16x32_MI16x16x1_SN_LDSB0_AFC1_AFEM1_AFEM1_ASEM1_CLR1_CADS0_DTLA0_DTLB0_DTVA0_DTVB0_EPS0_FDSI0_GRPM1_GRVWA8_GRVWB8_GSU1_GSUAMB_GSUC0_GSUWGMRR0_GLS0_ISA1201_IU1_K1_LDSTI0_LBSPPA256_LBSPPB128_LBSPPM0_LPA16_LPB16_LPM0_LRVW8_LWPMn1_MIAV1_MIWT1_1_MO40_NTn1_NTA0_NTB0_NTC0_NTD0_NTM0_NEPBS0_NLCA1_NLCB1_ONLL1_PGR1_PLR1_PKA0_SIA1_SS1_SU32_SUM0_SUS256_SPO0_SRVW0_SSO0_SVW1_SK0_SKFTR0_SKXCCM0_TLDS1_ULSGRO0_USL1_UIOFGRO0_USFGROn1_VSn1_VWA1_VWB1_WSGRA0_WSGRB0_WS32_WG16_2_1_WGM8_WGMXCC1_WGMXCCGn1\",\"workspace_bytes\":0},\"bias_type\":\"HIP_R_16F\",\"compute_type\":\"HIPBLAS_COMPUTE_32F\",\"d_type\":\"HIP_R_32F\",\"direction\":\"NN\",\"epilogue\":\"BIAS\",\"execution_handle_count\":2,\"fresh_repeat\":1,\"heuristic_count\":32,\"heuristic_status\":0,\"k\":16,\"launches\":[{\"launch\":1,\"matmul_status\":0,\"output_memory\":{\"payload_unchanged\":false,\"prefix_guard_intact\":true,\"suffix_guard_intact\":true},\"stream_index\":0,\"synchronize_status\":0},{\"launch\":2,\"matmul_status\":0,\"output_memory\":{\"payload_unchanged\":false,\"prefix_guard_intact\":true,\"suffix_guard_intact\":true},\"stream_index\":1,\"synchronize_status\":0},{\"launch\":3,\"matmul_status\":0,\"output_memory\":{\"payload_unchanged\":false,\"prefix_guard_intact\":true,\"suffix_guard_intact\":true},\"stream_index\":0,\"synchronize_status\":0},{\"launch\":4,\"matmul_status\":0,\"output_memory\":{\"payload_unchanged\":false,\"prefix_guard_intact\":true,\"suffix_guard_intact\":true},\"stream_index\":1,\"synchronize_status\":0},{\"launch\":5,\"matmul_status\":0,\"output_memory\":{\"payload_unchanged\":false,\"prefix_guard_intact\":true,\"suffix_guard_intact\":true},\"stream_index\":0,\"synchronize_status\":0},{\"launch\":6,\"matmul_status\":0,\"output_memory\":{\"payload_unchanged\":false,\"prefix_guard_intact\":true,\"suffix_guard_intact\":true},\"stream_index\":1,\"synchronize_status\":0}],\"m\":64,\"marker\":\"TCNN_RDNA4_P3B1B_FP16_FORWARD_001\",\"n\":16,\"numerics\":{\"inf_count\":0,\"max_abs\":0.0,\"max_rel_outside_1e-3\":0.0,\"nan_count\":0,\"normalized_l2\":0.0,\"relu_mask_mismatches\":0},\"probe_state\":\"EXECUTED\",\"process_status\":\"PASS\",\"selected_candidate\":0,\"steady_state\":{\"launches\":4,\"new_descriptors\":0,\"new_handles\":0,\"new_heuristic_queries\":0,\"workspace_growth_bytes\":0},\"stream_count\":2,\"target_coverage\":{\"bias_axis_rows\":64,\"bias_sign_flip_count\":411,\"exact_zero_count\":7,\"large_finite_bias\":true,\"near_zero_count\":24},\"workspace_memory\":{\"payload_unchanged\":true,\"prefix_guard_intact\":true,\"suffix_guard_intact\":true}}\n",
      "stderr": ""
    },
    {
      "command": [
        "/tmp/tcnn_p3b1b_epi_uqmydzeb/probe_phase3b1b",
        "64",
        "16",
        "16",
        "BIAS",
        "f32",
        "2"
      ],
      "returncode": 0,
      "stdout": "{\"algorithm\":{\"index\":86505,\"kernel_name\":\"Cijk_Ailk_Bljk_HSS_BH_Bias_HA_S_SAV_UserArgs_MT16x16x32_MI16x16x1_SN_LDSB0_AFC1_AFEM1_AFEM1_ASEM1_CLR1_CADS0_DTLA0_DTLB0_DTVA0_DTVB0_EPS0_FDSI0_GRPM1_GRVWA8_GRVWB8_GSUAMB_GLS0_ISA1201_IU1_K1_LDSTI0_LBSPPA256_LBSPPB128_LBSPPM0_LPA16_LPB16_LPM0_LRVW8_LWPMn1_MIAV1_MIWT1_1_MO40_NTn1_NTA0_NTB0_NTC0_NTD0_NTM0_NEPBS0_NLCA1_NLCB1_ONLL1_PGR1_PLR1_PKA0_SIA1_SS1_SPO0_SRVW0_SSO0_SVW1_SK0_SKFTR0_SKXCCM0_TLDS1_ULSGRO0_USL1_UIOFGRO0_USFGROn1_VSn1_VWA1_VWB1_WSGRA0_WSGRB0_WS32_WG16_2_1\",\"solution_name\":\"Cijk_Ailk_Bljk_HSS_BH_Bias_HA_S_SAV_UserArgs_MT16x16x32_MI16x16x1_SN_LDSB0_AFC1_AFEM1_AFEM1_ASEM1_CLR1_CADS0_DTLA0_DTLB0_DTVA0_DTVB0_EPS0_FDSI0_GRPM1_GRVWA8_GRVWB8_GSU1_GSUAMB_GSUC0_GSUWGMRR0_GLS0_ISA1201_IU1_K1_LDSTI0_LBSPPA256_LBSPPB128_LBSPPM0_LPA16_LPB16_LPM0_LRVW8_LWPMn1_MIAV1_MIWT1_1_MO40_NTn1_NTA0_NTB0_NTC0_NTD0_NTM0_NEPBS0_NLCA1_NLCB1_ONLL1_PGR1_PLR1_PKA0_SIA1_SS1_SU32_SUM0_SUS256_SPO0_SRVW0_SSO0_SVW1_SK0_SKFTR0_SKXCCM0_TLDS1_ULSGRO0_USL1_UIOFGRO0_USFGROn1_VSn1_VWA1_VWB1_WSGRA0_WSGRB0_WS32_WG16_2_1_WGM8_WGMXCC1_WGMXCCGn1\",\"workspace_bytes\":0},\"bias_type\":\"HIP_R_16F\",\"compute_type\":\"HIPBLAS_COMPUTE_32F\",\"d_type\":\"HIP_R_32F\",\"direction\":\"NN\",\"epilogue\":\"BIAS\",\"execution_handle_count\":2,\"fresh_repeat\":2,\"heuristic_count\":32,\"heuristic_status\":0,\"k\":16,\"launches\":[{\"launch\":1,\"matmul_status\":0,\"output_memory\":{\"payload_unchanged\":false,\"prefix_guard_intact\":true,\"suffix_guard_intact\":true},\"stream_index\":0,\"synchronize_status\":0},{\"launch\":2,\"matmul_status\":0,\"output_memory\":{\"payload_unchanged\":false,\"prefix_guard_intact\":true,\"suffix_guard_intact\":true},\"stream_index\":1,\"synchronize_status\":0},{\"launch\":3,\"matmul_status\":0,\"output_memory\":{\"payload_unchanged\":false,\"prefix_guard_intact\":true,\"suffix_guard_intact\":true},\"stream_index\":0,\"synchronize_status\":0},{\"launch\":4,\"matmul_status\":0,\"output_memory\":{\"payload_unchanged\":false,\"prefix_guard_intact\":true,\"suffix_guard_intact\":true},\"stream_index\":1,\"synchronize_status\":0},{\"launch\":5,\"matmul_status\":0,\"output_memory\":{\"payload_unchanged\":false,\"prefix_guard_intact\":true,\"suffix_guard_intact\":true},\"stream_index\":0,\"synchronize_status\":0},{\"launch\":6,\"matmul_status\":0,\"output_memory\":{\"payload_unchanged\":false,\"prefix_guard_intact\":true,\"suffix_guard_intact\":true},\"stream_index\":1,\"synchronize_status\":0}],\"m\":64,\"marker\":\"TCNN_RDNA4_P3B1B_FP16_FORWARD_001\",\"n\":16,\"numerics\":{\"inf_count\":0,\"max_abs\":0.0,\"max_rel_outside_1e-3\":0.0,\"nan_count\":0,\"normalized_l2\":0.0,\"relu_mask_mismatches\":0},\"probe_state\":\"EXECUTED\",\"process_status\":\"PASS\",\"selected_candidate\":0,\"steady_state\":{\"launches\":4,\"new_descriptors\":0,\"new_handles\":0,\"new_heuristic_queries\":0,\"workspace_growth_bytes\":0},\"stream_count\":2,\"target_coverage\":{\"bias_axis_rows\":64,\"bias_sign_flip_count\":411,\"exact_zero_count\":7,\"large_finite_bias\":true,\"near_zero_count\":24},\"workspace_memory\":{\"payload_unchanged\":true,\"prefix_guard_intact\":true,\"suffix_guard_intact\":true}}\n",
      "stderr": ""
    },
    {
      "command": [
        "/tmp/tcnn_p3b1b_epi_uqmydzeb/probe_phase3b1b",
        "64",
        "16",
        "16",
        "RELU_BIAS",
        "f16",
        "1"
      ],
      "returncode": 0,
      "stdout": "{\"algorithm\":{\"index\":84828,\"kernel_name\":\"Cijk_Ailk_Bljk_HHS_BH_Bias_HA_S_SAV_UserArgs_MT16x16x32_MI16x16x1_SN_LDSB0_AFC1_AFEM1_AFEM1_ASEM1_CLR1_CADS0_DTLA0_DTLB0_DTVA0_DTVB0_EPS0_FDSI0_GRPM1_GRVWA8_GRVWB8_GSUAMB_GLS0_ISA1201_IU1_K1_LDSTI0_LBSPPA256_LBSPPB128_LBSPPM0_LPA16_LPB16_LPM0_LRVW8_LWPMn1_MIAV1_MIWT1_1_MO40_NTn1_NTA0_NTB0_NTC0_NTD0_NTM0_NEPBS0_NLCA1_NLCB1_ONLL1_PGR1_PLR1_PKA0_SIA1_SS1_SPO0_SRVW0_SSO0_SVW1_SK0_SKFTR0_SKXCCM0_TLDS1_ULSGRO0_USL1_UIOFGRO0_USFGROn1_VSn1_VWA1_VWB1_WSGRA0_WSGRB0_WS32_WG16_2_1\",\"solution_name\":\"Cijk_Ailk_Bljk_HHS_BH_Bias_HA_S_SAV_UserArgs_MT16x16x32_MI16x16x1_SN_LDSB0_AFC1_AFEM1_AFEM1_ASEM1_CLR1_CADS0_DTLA0_DTLB0_DTVA0_DTVB0_EPS0_FDSI0_GRPM1_GRVWA8_GRVWB8_GSU1_GSUAMB_GSUC0_GSUWGMRR0_GLS0_ISA1201_IU1_K1_LDSTI0_LBSPPA256_LBSPPB128_LBSPPM0_LPA16_LPB16_LPM0_LRVW8_LWPMn1_MIAV1_MIWT1_1_MO40_NTn1_NTA0_NTB0_NTC0_NTD0_NTM0_NEPBS0_NLCA1_NLCB1_ONLL1_PGR1_PLR1_PKA0_SIA1_SS1_SU32_SUM0_SUS256_SPO0_SRVW0_SSO0_SVW1_SK0_SKFTR0_SKXCCM0_TLDS1_ULSGRO0_USL1_UIOFGRO0_USFGROn1_VSn1_VWA1_VWB1_WSGRA0_WSGRB0_WS32_WG16_2_1_WGM8_WGMXCC1_WGMXCCGn1\",\"workspace_bytes\":0},\"bias_type\":\"HIP_R_16F\",\"compute_type\":\"HIPBLAS_COMPUTE_32F\",\"d_type\":\"HIP_R_16F\",\"direction\":\"NN\",\"epilogue\":\"RELU_BIAS\",\"execution_handle_count\":2,\"fresh_repeat\":1,\"heuristic_count\":32,\"heuristic_status\":0,\"k\":16,\"launches\":[{\"launch\":1,\"matmul_status\":0,\"output_memory\":{\"payload_unchanged\":false,\"prefix_guard_intact\":true,\"suffix_guard_intact\":true},\"stream_index\":0,\"synchronize_status\":0},{\"launch\":2,\"matmul_status\":0,\"output_memory\":{\"payload_unchanged\":false,\"prefix_guard_intact\":true,\"suffix_guard_intact\":true},\"stream_index\":1,\"synchronize_status\":0},{\"launch\":3,\"matmul_status\":0,\"output_memory\":{\"payload_unchanged\":false,\"prefix_guard_intact\":true,\"suffix_guard_intact\":true},\"stream_index\":0,\"synchronize_status\":0},{\"launch\":4,\"matmul_status\":0,\"output_memory\":{\"payload_unchanged\":false,\"prefix_guard_intact\":true,\"suffix_guard_intact\":true},\"stream_index\":1,\"synchronize_status\":0},{\"launch\":5,\"matmul_status\":0,\"output_memory\":{\"payload_unchanged\":false,\"prefix_guard_intact\":true,\"suffix_guard_intact\":true},\"stream_index\":0,\"synchronize_status\":0},{\"launch\":6,\"matmul_status\":0,\"output_memory\":{\"payload_unchanged\":false,\"prefix_guard_intact\":true,\"suffix_guard_intact\":true},\"stream_index\":1,\"synchronize_status\":0}],\"m\":64,\"marker\":\"TCNN_RDNA4_P3B1B_FP16_FORWARD_001\",\"n\":16,\"numerics\":{\"inf_count\":0,\"max_abs\":0.0,\"max_rel_outside_1e-3\":0.0,\"nan_count\":0,\"normalized_l2\":0.0,\"relu_mask_mismatches\":0},\"probe_state\":\"EXECUTED\",\"process_status\":\"PASS\",\"selected_candidate\":0,\"steady_state\":{\"launches\":4,\"new_descriptors\":0,\"new_handles\":0,\"new_heuristic_queries\":0,\"workspace_growth_bytes\":0},\"stream_count\":2,\"target_coverage\":{\"bias_axis_rows\":64,\"bias_sign_flip_count\":411,\"exact_zero_count\":461,\"large_finite_bias\":true,\"near_zero_count\":470},\"workspace_memory\":{\"payload_unchanged\":true,\"prefix_guard_intact\":true,\"suffix_guard_intact\":true}}\n",
      "stderr": ""
    },
    {
      "command": [
        "/tmp/tcnn_p3b1b_epi_uqmydzeb/probe_phase3b1b",
        "64",
        "16",
        "16",
        "RELU_BIAS",
        "f16",
        "2"
      ],
      "returncode": 0,
      "stdout": "{\"algorithm\":{\"index\":84828,\"kernel_name\":\"Cijk_Ailk_Bljk_HHS_BH_Bias_HA_S_SAV_UserArgs_MT16x16x32_MI16x16x1_SN_LDSB0_AFC1_AFEM1_AFEM1_ASEM1_CLR1_CADS0_DTLA0_DTLB0_DTVA0_DTVB0_EPS0_FDSI0_GRPM1_GRVWA8_GRVWB8_GSUAMB_GLS0_ISA1201_IU1_K1_LDSTI0_LBSPPA256_LBSPPB128_LBSPPM0_LPA16_LPB16_LPM0_LRVW8_LWPMn1_MIAV1_MIWT1_1_MO40_NTn1_NTA0_NTB0_NTC0_NTD0_NTM0_NEPBS0_NLCA1_NLCB1_ONLL1_PGR1_PLR1_PKA0_SIA1_SS1_SPO0_SRVW0_SSO0_SVW1_SK0_SKFTR0_SKXCCM0_TLDS1_ULSGRO0_USL1_UIOFGRO0_USFGROn1_VSn1_VWA1_VWB1_WSGRA0_WSGRB0_WS32_WG16_2_1\",\"solution_name\":\"Cijk_Ailk_Bljk_HHS_BH_Bias_HA_S_SAV_UserArgs_MT16x16x32_MI16x16x1_SN_LDSB0_AFC1_AFEM1_AFEM1_ASEM1_CLR1_CADS0_DTLA0_DTLB0_DTVA0_DTVB0_EPS0_FDSI0_GRPM1_GRVWA8_GRVWB8_GSU1_GSUAMB_GSUC0_GSUWGMRR0_GLS0_ISA1201_IU1_K1_LDSTI0_LBSPPA256_LBSPPB128_LBSPPM0_LPA16_LPB16_LPM0_LRVW8_LWPMn1_MIAV1_MIWT1_1_MO40_NTn1_NTA0_NTB0_NTC0_NTD0_NTM0_NEPBS0_NLCA1_NLCB1_ONLL1_PGR1_PLR1_PKA0_SIA1_SS1_SU32_SUM0_SUS256_SPO0_SRVW0_SSO0_SVW1_SK0_SKFTR0_SKXCCM0_TLDS1_ULSGRO0_USL1_UIOFGRO0_USFGROn1_VSn1_VWA1_VWB1_WSGRA0_WSGRB0_WS32_WG16_2_1_WGM8_WGMXCC1_WGMXCCGn1\",\"workspace_bytes\":0},\"bias_type\":\"HIP_R_16F\",\"compute_type\":\"HIPBLAS_COMPUTE_32F\",\"d_type\":\"HIP_R_16F\",\"direction\":\"NN\",\"epilogue\":\"RELU_BIAS\",\"execution_handle_count\":2,\"fresh_repeat\":2,\"heuristic_count\":32,\"heuristic_status\":0,\"k\":16,\"launches\":[{\"launch\":1,\"matmul_status\":0,\"output_memory\":{\"payload_unchanged\":false,\"prefix_guard_intact\":true,\"suffix_guard_intact\":true},\"stream_index\":0,\"synchronize_status\":0},{\"launch\":2,\"matmul_status\":0,\"output_memory\":{\"payload_unchanged\":false,\"prefix_guard_intact\":true,\"suffix_guard_intact\":true},\"stream_index\":1,\"synchronize_status\":0},{\"launch\":3,\"matmul_status\":0,\"output_memory\":{\"payload_unchanged\":false,\"prefix_guard_intact\":true,\"suffix_guard_intact\":true},\"stream_index\":0,\"synchronize_status\":0},{\"launch\":4,\"matmul_status\":0,\"output_memory\":{\"payload_unchanged\":false,\"prefix_guard_intact\":true,\"suffix_guard_intact\":true},\"stream_index\":1,\"synchronize_status\":0},{\"launch\":5,\"matmul_status\":0,\"output_memory\":{\"payload_unchanged\":false,\"prefix_guard_intact\":true,\"suffix_guard_intact\":true},\"stream_index\":0,\"synchronize_status\":0},{\"launch\":6,\"matmul_status\":0,\"output_memory\":{\"payload_unchanged\":false,\"prefix_guard_intact\":true,\"suffix_guard_intact\":true},\"stream_index\":1,\"synchronize_status\":0}],\"m\":64,\"marker\":\"TCNN_RDNA4_P3B1B_FP16_FORWARD_001\",\"n\":16,\"numerics\":{\"inf_count\":0,\"max_abs\":0.0,\"max_rel_outside_1e-3\":0.0,\"nan_count\":0,\"normalized_l2\":0.0,\"relu_mask_mismatches\":0},\"probe_state\":\"EXECUTED\",\"process_status\":\"PASS\",\"selected_candidate\":0,\"steady_state\":{\"launches\":4,\"new_descriptors\":0,\"new_handles\":0,\"new_heuristic_queries\":0,\"workspace_growth_bytes\":0},\"stream_count\":2,\"target_coverage\":{\"bias_axis_rows\":64,\"bias_sign_flip_count\":411,\"exact_zero_count\":461,\"large_finite_bias\":true,\"near_zero_count\":470},\"workspace_memory\":{\"payload_unchanged\":true,\"prefix_guard_intact\":true,\"suffix_guard_intact\":true}}\n",
      "stderr": ""
    },
    {
      "command": [
        "/tmp/tcnn_p3b1b_epi_uqmydzeb/probe_phase3b1b",
        "64",
        "16",
        "16",
        "RELU_BIAS",
        "f32",
        "1"
      ],
      "returncode": 0,
      "stdout": "{\"algorithm\":{\"index\":86505,\"kernel_name\":\"Cijk_Ailk_Bljk_HSS_BH_Bias_HA_S_SAV_UserArgs_MT16x16x32_MI16x16x1_SN_LDSB0_AFC1_AFEM1_AFEM1_ASEM1_CLR1_CADS0_DTLA0_DTLB0_DTVA0_DTVB0_EPS0_FDSI0_GRPM1_GRVWA8_GRVWB8_GSUAMB_GLS0_ISA1201_IU1_K1_LDSTI0_LBSPPA256_LBSPPB128_LBSPPM0_LPA16_LPB16_LPM0_LRVW8_LWPMn1_MIAV1_MIWT1_1_MO40_NTn1_NTA0_NTB0_NTC0_NTD0_NTM0_NEPBS0_NLCA1_NLCB1_ONLL1_PGR1_PLR1_PKA0_SIA1_SS1_SPO0_SRVW0_SSO0_SVW1_SK0_SKFTR0_SKXCCM0_TLDS1_ULSGRO0_USL1_UIOFGRO0_USFGROn1_VSn1_VWA1_VWB1_WSGRA0_WSGRB0_WS32_WG16_2_1\",\"solution_name\":\"Cijk_Ailk_Bljk_HSS_BH_Bias_HA_S_SAV_UserArgs_MT16x16x32_MI16x16x1_SN_LDSB0_AFC1_AFEM1_AFEM1_ASEM1_CLR1_CADS0_DTLA0_DTLB0_DTVA0_DTVB0_EPS0_FDSI0_GRPM1_GRVWA8_GRVWB8_GSU1_GSUAMB_GSUC0_GSUWGMRR0_GLS0_ISA1201_IU1_K1_LDSTI0_LBSPPA256_LBSPPB128_LBSPPM0_LPA16_LPB16_LPM0_LRVW8_LWPMn1_MIAV1_MIWT1_1_MO40_NTn1_NTA0_NTB0_NTC0_NTD0_NTM0_NEPBS0_NLCA1_NLCB1_ONLL1_PGR1_PLR1_PKA0_SIA1_SS1_SU32_SUM0_SUS256_SPO0_SRVW0_SSO0_SVW1_SK0_SKFTR0_SKXCCM0_TLDS1_ULSGRO0_USL1_UIOFGRO0_USFGROn1_VSn1_VWA1_VWB1_WSGRA0_WSGRB0_WS32_WG16_2_1_WGM8_WGMXCC1_WGMXCCGn1\",\"workspace_bytes\":0},\"bias_type\":\"HIP_R_16F\",\"compute_type\":\"HIPBLAS_COMPUTE_32F\",\"d_type\":\"HIP_R_32F\",\"direction\":\"NN\",\"epilogue\":\"RELU_BIAS\",\"execution_handle_count\":2,\"fresh_repeat\":1,\"heuristic_count\":32,\"heuristic_status\":0,\"k\":16,\"launches\":[{\"launch\":1,\"matmul_status\":0,\"output_memory\":{\"payload_unchanged\":false,\"prefix_guard_intact\":true,\"suffix_guard_intact\":true},\"stream_index\":0,\"synchronize_status\":0},{\"launch\":2,\"matmul_status\":0,\"output_memory\":{\"payload_unchanged\":false,\"prefix_guard_intact\":true,\"suffix_guard_intact\":true},\"stream_index\":1,\"synchronize_status\":0},{\"launch\":3,\"matmul_status\":0,\"output_memory\":{\"payload_unchanged\":false,\"prefix_guard_intact\":true,\"suffix_guard_intact\":true},\"stream_index\":0,\"synchronize_status\":0},{\"launch\":4,\"matmul_status\":0,\"output_memory\":{\"payload_unchanged\":false,\"prefix_guard_intact\":true,\"suffix_guard_intact\":true},\"stream_index\":1,\"synchronize_status\":0},{\"launch\":5,\"matmul_status\":0,\"output_memory\":{\"payload_unchanged\":false,\"prefix_guard_intact\":true,\"suffix_guard_intact\":true},\"stream_index\":0,\"synchronize_status\":0},{\"launch\":6,\"matmul_status\":0,\"output_memory\":{\"payload_unchanged\":false,\"prefix_guard_intact\":true,\"suffix_guard_intact\":true},\"stream_index\":1,\"synchronize_status\":0}],\"m\":64,\"marker\":\"TCNN_RDNA4_P3B1B_FP16_FORWARD_001\",\"n\":16,\"numerics\":{\"inf_count\":0,\"max_abs\":0.0,\"max_rel_outside_1e-3\":0.0,\"nan_count\":0,\"normalized_l2\":0.0,\"relu_mask_mismatches\":0},\"probe_state\":\"EXECUTED\",\"process_status\":\"PASS\",\"selected_candidate\":0,\"steady_state\":{\"launches\":4,\"new_descriptors\":0,\"new_handles\":0,\"new_heuristic_queries\":0,\"workspace_growth_bytes\":0},\"stream_count\":2,\"target_coverage\":{\"bias_axis_rows\":64,\"bias_sign_flip_count\":411,\"exact_zero_count\":461,\"large_finite_bias\":true,\"near_zero_count\":470},\"workspace_memory\":{\"payload_unchanged\":true,\"prefix_guard_intact\":true,\"suffix_guard_intact\":true}}\n",
      "stderr": ""
    },
    {
      "command": [
        "/tmp/tcnn_p3b1b_epi_uqmydzeb/probe_phase3b1b",
        "64",
        "16",
        "16",
        "RELU_BIAS",
        "f32",
        "2"
      ],
      "returncode": 0,
      "stdout": "{\"algorithm\":{\"index\":86505,\"kernel_name\":\"Cijk_Ailk_Bljk_HSS_BH_Bias_HA_S_SAV_UserArgs_MT16x16x32_MI16x16x1_SN_LDSB0_AFC1_AFEM1_AFEM1_ASEM1_CLR1_CADS0_DTLA0_DTLB0_DTVA0_DTVB0_EPS0_FDSI0_GRPM1_GRVWA8_GRVWB8_GSUAMB_GLS0_ISA1201_IU1_K1_LDSTI0_LBSPPA256_LBSPPB128_LBSPPM0_LPA16_LPB16_LPM0_LRVW8_LWPMn1_MIAV1_MIWT1_1_MO40_NTn1_NTA0_NTB0_NTC0_NTD0_NTM0_NEPBS0_NLCA1_NLCB1_ONLL1_PGR1_PLR1_PKA0_SIA1_SS1_SPO0_SRVW0_SSO0_SVW1_SK0_SKFTR0_SKXCCM0_TLDS1_ULSGRO0_USL1_UIOFGRO0_USFGROn1_VSn1_VWA1_VWB1_WSGRA0_WSGRB0_WS32_WG16_2_1\",\"solution_name\":\"Cijk_Ailk_Bljk_HSS_BH_Bias_HA_S_SAV_UserArgs_MT16x16x32_MI16x16x1_SN_LDSB0_AFC1_AFEM1_AFEM1_ASEM1_CLR1_CADS0_DTLA0_DTLB0_DTVA0_DTVB0_EPS0_FDSI0_GRPM1_GRVWA8_GRVWB8_GSU1_GSUAMB_GSUC0_GSUWGMRR0_GLS0_ISA1201_IU1_K1_LDSTI0_LBSPPA256_LBSPPB128_LBSPPM0_LPA16_LPB16_LPM0_LRVW8_LWPMn1_MIAV1_MIWT1_1_MO40_NTn1_NTA0_NTB0_NTC0_NTD0_NTM0_NEPBS0_NLCA1_NLCB1_ONLL1_PGR1_PLR1_PKA0_SIA1_SS1_SU32_SUM0_SUS256_SPO0_SRVW0_SSO0_SVW1_SK0_SKFTR0_SKXCCM0_TLDS1_ULSGRO0_USL1_UIOFGRO0_USFGROn1_VSn1_VWA1_VWB1_WSGRA0_WSGRB0_WS32_WG16_2_1_WGM8_WGMXCC1_WGMXCCGn1\",\"workspace_bytes\":0},\"bias_type\":\"HIP_R_16F\",\"compute_type\":\"HIPBLAS_COMPUTE_32F\",\"d_type\":\"HIP_R_32F\",\"direction\":\"NN\",\"epilogue\":\"RELU_BIAS\",\"execution_handle_count\":2,\"fresh_repeat\":2,\"heuristic_count\":32,\"heuristic_status\":0,\"k\":16,\"launches\":[{\"launch\":1,\"matmul_status\":0,\"output_memory\":{\"payload_unchanged\":false,\"prefix_guard_intact\":true,\"suffix_guard_intact\":true},\"stream_index\":0,\"synchronize_status\":0},{\"launch\":2,\"matmul_status\":0,\"output_memory\":{\"payload_unchanged\":false,\"prefix_guard_intact\":true,\"suffix_guard_intact\":true},\"stream_index\":1,\"synchronize_status\":0},{\"launch\":3,\"matmul_status\":0,\"output_memory\":{\"payload_unchanged\":false,\"prefix_guard_intact\":true,\"suffix_guard_intact\":true},\"stream_index\":0,\"synchronize_status\":0},{\"launch\":4,\"matmul_status\":0,\"output_memory\":{\"payload_unchanged\":false,\"prefix_guard_intact\":true,\"suffix_guard_intact\":true},\"stream_index\":1,\"synchronize_status\":0},{\"launch\":5,\"matmul_status\":0,\"output_memory\":{\"payload_unchanged\":false,\"prefix_guard_intact\":true,\"suffix_guard_intact\":true},\"stream_index\":0,\"synchronize_status\":0},{\"launch\":6,\"matmul_status\":0,\"output_memory\":{\"payload_unchanged\":false,\"prefix_guard_intact\":true,\"suffix_guard_intact\":true},\"stream_index\":1,\"synchronize_status\":0}],\"m\":64,\"marker\":\"TCNN_RDNA4_P3B1B_FP16_FORWARD_001\",\"n\":16,\"numerics\":{\"inf_count\":0,\"max_abs\":0.0,\"max_rel_outside_1e-3\":0.0,\"nan_count\":0,\"normalized_l2\":0.0,\"relu_mask_mismatches\":0},\"probe_state\":\"EXECUTED\",\"process_status\":\"PASS\",\"selected_candidate\":0,\"steady_state\":{\"launches\":4,\"new_descriptors\":0,\"new_handles\":0,\"new_heuristic_queries\":0,\"workspace_growth_bytes\":0},\"stream_count\":2,\"target_coverage\":{\"bias_axis_rows\":64,\"bias_sign_flip_count\":411,\"exact_zero_count\":461,\"large_finite_bias\":true,\"near_zero_count\":470},\"workspace_memory\":{\"payload_unchanged\":true,\"prefix_guard_intact\":true,\"suffix_guard_intact\":true}}\n",
      "stderr": ""
    },
    {
      "command": [
        "/tmp/tcnn_p3b1b_epi_uqmydzeb/probe_phase3b1b",
        "64",
        "16",
        "32",
        "BIAS",
        "f16",
        "1"
      ],
      "returncode": 0,
      "stdout": "{\"algorithm\":{\"index\":84828,\"kernel_name\":\"Cijk_Ailk_Bljk_HHS_BH_Bias_HA_S_SAV_UserArgs_MT16x16x32_MI16x16x1_SN_LDSB0_AFC1_AFEM1_AFEM1_ASEM1_CLR1_CADS0_DTLA0_DTLB0_DTVA0_DTVB0_EPS0_FDSI0_GRPM1_GRVWA8_GRVWB8_GSUAMB_GLS0_ISA1201_IU1_K1_LDSTI0_LBSPPA256_LBSPPB128_LBSPPM0_LPA16_LPB16_LPM0_LRVW8_LWPMn1_MIAV1_MIWT1_1_MO40_NTn1_NTA0_NTB0_NTC0_NTD0_NTM0_NEPBS0_NLCA1_NLCB1_ONLL1_PGR1_PLR1_PKA0_SIA1_SS1_SPO0_SRVW0_SSO0_SVW1_SK0_SKFTR0_SKXCCM0_TLDS1_ULSGRO0_USL1_UIOFGRO0_USFGROn1_VSn1_VWA1_VWB1_WSGRA0_WSGRB0_WS32_WG16_2_1\",\"solution_name\":\"Cijk_Ailk_Bljk_HHS_BH_Bias_HA_S_SAV_UserArgs_MT16x16x32_MI16x16x1_SN_LDSB0_AFC1_AFEM1_AFEM1_ASEM1_CLR1_CADS0_DTLA0_DTLB0_DTVA0_DTVB0_EPS0_FDSI0_GRPM1_GRVWA8_GRVWB8_GSU1_GSUAMB_GSUC0_GSUWGMRR0_GLS0_ISA1201_IU1_K1_LDSTI0_LBSPPA256_LBSPPB128_LBSPPM0_LPA16_LPB16_LPM0_LRVW8_LWPMn1_MIAV1_MIWT1_1_MO40_NTn1_NTA0_NTB0_NTC0_NTD0_NTM0_NEPBS0_NLCA1_NLCB1_ONLL1_PGR1_PLR1_PKA0_SIA1_SS1_SU32_SUM0_SUS256_SPO0_SRVW0_SSO0_SVW1_SK0_SKFTR0_SKXCCM0_TLDS1_ULSGRO0_USL1_UIOFGRO0_USFGROn1_VSn1_VWA1_VWB1_WSGRA0_WSGRB0_WS32_WG16_2_1_WGM8_WGMXCC1_WGMXCCGn1\",\"workspace_bytes\":0},\"bias_type\":\"HIP_R_16F\",\"compute_type\":\"HIPBLAS_COMPUTE_32F\",\"d_type\":\"HIP_R_16F\",\"direction\":\"NN\",\"epilogue\":\"BIAS\",\"execution_handle_count\":2,\"fresh_repeat\":1,\"heuristic_count\":32,\"heuristic_status\":0,\"k\":32,\"launches\":[{\"launch\":1,\"matmul_status\":0,\"output_memory\":{\"payload_unchanged\":false,\"prefix_guard_intact\":true,\"suffix_guard_intact\":true},\"stream_index\":0,\"synchronize_status\":0},{\"launch\":2,\"matmul_status\":0,\"output_memory\":{\"payload_unchanged\":false,\"prefix_guard_intact\":true,\"suffix_guard_intact\":true},\"stream_index\":1,\"synchronize_status\":0},{\"launch\":3,\"matmul_status\":0,\"output_memory\":{\"payload_unchanged\":false,\"prefix_guard_intact\":true,\"suffix_guard_intact\":true},\"stream_index\":0,\"synchronize_status\":0},{\"launch\":4,\"matmul_status\":0,\"output_memory\":{\"payload_unchanged\":false,\"prefix_guard_intact\":true,\"suffix_guard_intact\":true},\"stream_index\":1,\"synchronize_status\":0},{\"launch\":5,\"matmul_status\":0,\"output_memory\":{\"payload_unchanged\":false,\"prefix_guard_intact\":true,\"suffix_guard_intact\":true},\"stream_index\":0,\"synchronize_status\":0},{\"launch\":6,\"matmul_status\":0,\"output_memory\":{\"payload_unchanged\":false,\"prefix_guard_intact\":true,\"suffix_guard_intact\":true},\"stream_index\":1,\"synchronize_status\":0}],\"m\":64,\"marker\":\"TCNN_RDNA4_P3B1B_FP16_FORWARD_001\",\"n\":16,\"numerics\":{\"inf_count\":0,\"max_abs\":0.0,\"max_rel_outside_1e-3\":0.0,\"nan_count\":0,\"normalized_l2\":0.0,\"relu_mask_mismatches\":0},\"probe_state\":\"EXECUTED\",\"process_status\":\"PASS\",\"selected_candidate\":0,\"steady_state\":{\"launches\":4,\"new_descriptors\":0,\"new_handles\":0,\"new_heuristic_queries\":0,\"workspace_growth_bytes\":0},\"stream_count\":2,\"target_coverage\":{\"bias_axis_rows\":64,\"bias_sign_flip_count\":360,\"exact_zero_count\":6,\"large_finite_bias\":true,\"near_zero_count\":25},\"workspace_memory\":{\"payload_unchanged\":true,\"prefix_guard_intact\":true,\"suffix_guard_intact\":true}}\n",
      "stderr": ""
    },
    {
      "command": [
        "/tmp/tcnn_p3b1b_epi_uqmydzeb/probe_phase3b1b",
        "64",
        "16",
        "32",
        "BIAS",
        "f16",
        "2"
      ],
      "returncode": 0,
      "stdout": "{\"algorithm\":{\"index\":84828,\"kernel_name\":\"Cijk_Ailk_Bljk_HHS_BH_Bias_HA_S_SAV_UserArgs_MT16x16x32_MI16x16x1_SN_LDSB0_AFC1_AFEM1_AFEM1_ASEM1_CLR1_CADS0_DTLA0_DTLB0_DTVA0_DTVB0_EPS0_FDSI0_GRPM1_GRVWA8_GRVWB8_GSUAMB_GLS0_ISA1201_IU1_K1_LDSTI0_LBSPPA256_LBSPPB128_LBSPPM0_LPA16_LPB16_LPM0_LRVW8_LWPMn1_MIAV1_MIWT1_1_MO40_NTn1_NTA0_NTB0_NTC0_NTD0_NTM0_NEPBS0_NLCA1_NLCB1_ONLL1_PGR1_PLR1_PKA0_SIA1_SS1_SPO0_SRVW0_SSO0_SVW1_SK0_SKFTR0_SKXCCM0_TLDS1_ULSGRO0_USL1_UIOFGRO0_USFGROn1_VSn1_VWA1_VWB1_WSGRA0_WSGRB0_WS32_WG16_2_1\",\"solution_name\":\"Cijk_Ailk_Bljk_HHS_BH_Bias_HA_S_SAV_UserArgs_MT16x16x32_MI16x16x1_SN_LDSB0_AFC1_AFEM1_AFEM1_ASEM1_CLR1_CADS0_DTLA0_DTLB0_DTVA0_DTVB0_EPS0_FDSI0_GRPM1_GRVWA8_GRVWB8_GSU1_GSUAMB_GSUC0_GSUWGMRR0_GLS0_ISA1201_IU1_K1_LDSTI0_LBSPPA256_LBSPPB128_LBSPPM0_LPA16_LPB16_LPM0_LRVW8_LWPMn1_MIAV1_MIWT1_1_MO40_NTn1_NTA0_NTB0_NTC0_NTD0_NTM0_NEPBS0_NLCA1_NLCB1_ONLL1_PGR1_PLR1_PKA0_SIA1_SS1_SU32_SUM0_SUS256_SPO0_SRVW0_SSO0_SVW1_SK0_SKFTR0_SKXCCM0_TLDS1_ULSGRO0_USL1_UIOFGRO0_USFGROn1_VSn1_VWA1_VWB1_WSGRA0_WSGRB0_WS32_WG16_2_1_WGM8_WGMXCC1_WGMXCCGn1\",\"workspace_bytes\":0},\"bias_type\":\"HIP_R_16F\",\"compute_type\":\"HIPBLAS_COMPUTE_32F\",\"d_type\":\"HIP_R_16F\",\"direction\":\"NN\",\"epilogue\":\"BIAS\",\"execution_handle_count\":2,\"fresh_repeat\":2,\"heuristic_count\":32,\"heuristic_status\":0,\"k\":32,\"launches\":[{\"launch\":1,\"matmul_status\":0,\"output_memory\":{\"payload_unchanged\":false,\"prefix_guard_intact\":true,\"suffix_guard_intact\":true},\"stream_index\":0,\"synchronize_status\":0},{\"launch\":2,\"matmul_status\":0,\"output_memory\":{\"payload_unchanged\":false,\"prefix_guard_intact\":true,\"suffix_guard_intact\":true},\"stream_index\":1,\"synchronize_status\":0},{\"launch\":3,\"matmul_status\":0,\"output_memory\":{\"payload_unchanged\":false,\"prefix_guard_intact\":true,\"suffix_guard_intact\":true},\"stream_index\":0,\"synchronize_status\":0},{\"launch\":4,\"matmul_status\":0,\"output_memory\":{\"payload_unchanged\":false,\"prefix_guard_intact\":true,\"suffix_guard_intact\":true},\"stream_index\":1,\"synchronize_status\":0},{\"launch\":5,\"matmul_status\":0,\"output_memory\":{\"payload_unchanged\":false,\"prefix_guard_intact\":true,\"suffix_guard_intact\":true},\"stream_index\":0,\"synchronize_status\":0},{\"launch\":6,\"matmul_status\":0,\"output_memory\":{\"payload_unchanged\":false,\"prefix_guard_intact\":true,\"suffix_guard_intact\":true},\"stream_index\":1,\"synchronize_status\":0}],\"m\":64,\"marker\":\"TCNN_RDNA4_P3B1B_FP16_FORWARD_001\",\"n\":16,\"numerics\":{\"inf_count\":0,\"max_abs\":0.0,\"max_rel_outside_1e-3\":0.0,\"nan_count\":0,\"normalized_l2\":0.0,\"relu_mask_mismatches\":0},\"probe_state\":\"EXECUTED\",\"process_status\":\"PASS\",\"selected_candidate\":0,\"steady_state\":{\"launches\":4,\"new_descriptors\":0,\"new_handles\":0,\"new_heuristic_queries\":0,\"workspace_growth_bytes\":0},\"stream_count\":2,\"target_coverage\":{\"bias_axis_rows\":64,\"bias_sign_flip_count\":360,\"exact_zero_count\":6,\"large_finite_bias\":true,\"near_zero_count\":25},\"workspace_memory\":{\"payload_unchanged\":true,\"prefix_guard_intact\":true,\"suffix_guard_intact\":true}}\n",
      "stderr": ""
    },
    {
      "command": [
        "/tmp/tcnn_p3b1b_epi_uqmydzeb/probe_phase3b1b",
        "64",
        "16",
        "32",
        "BIAS",
        "f32",
        "1"
      ],
      "returncode": 0,
      "stdout": "{\"algorithm\":{\"index\":86505,\"kernel_name\":\"Cijk_Ailk_Bljk_HSS_BH_Bias_HA_S_SAV_UserArgs_MT16x16x32_MI16x16x1_SN_LDSB0_AFC1_AFEM1_AFEM1_ASEM1_CLR1_CADS0_DTLA0_DTLB0_DTVA0_DTVB0_EPS0_FDSI0_GRPM1_GRVWA8_GRVWB8_GSUAMB_GLS0_ISA1201_IU1_K1_LDSTI0_LBSPPA256_LBSPPB128_LBSPPM0_LPA16_LPB16_LPM0_LRVW8_LWPMn1_MIAV1_MIWT1_1_MO40_NTn1_NTA0_NTB0_NTC0_NTD0_NTM0_NEPBS0_NLCA1_NLCB1_ONLL1_PGR1_PLR1_PKA0_SIA1_SS1_SPO0_SRVW0_SSO0_SVW1_SK0_SKFTR0_SKXCCM0_TLDS1_ULSGRO0_USL1_UIOFGRO0_USFGROn1_VSn1_VWA1_VWB1_WSGRA0_WSGRB0_WS32_WG16_2_1\",\"solution_name\":\"Cijk_Ailk_Bljk_HSS_BH_Bias_HA_S_SAV_UserArgs_MT16x16x32_MI16x16x1_SN_LDSB0_AFC1_AFEM1_AFEM1_ASEM1_CLR1_CADS0_DTLA0_DTLB0_DTVA0_DTVB0_EPS0_FDSI0_GRPM1_GRVWA8_GRVWB8_GSU1_GSUAMB_GSUC0_GSUWGMRR0_GLS0_ISA1201_IU1_K1_LDSTI0_LBSPPA256_LBSPPB128_LBSPPM0_LPA16_LPB16_LPM0_LRVW8_LWPMn1_MIAV1_MIWT1_1_MO40_NTn1_NTA0_NTB0_NTC0_NTD0_NTM0_NEPBS0_NLCA1_NLCB1_ONLL1_PGR1_PLR1_PKA0_SIA1_SS1_SU32_SUM0_SUS256_SPO0_SRVW0_SSO0_SVW1_SK0_SKFTR0_SKXCCM0_TLDS1_ULSGRO0_USL1_UIOFGRO0_USFGROn1_VSn1_VWA1_VWB1_WSGRA0_WSGRB0_WS32_WG16_2_1_WGM8_WGMXCC1_WGMXCCGn1\",\"workspace_bytes\":0},\"bias_type\":\"HIP_R_16F\",\"compute_type\":\"HIPBLAS_COMPUTE_32F\",\"d_type\":\"HIP_R_32F\",\"direction\":\"NN\",\"epilogue\":\"BIAS\",\"execution_handle_count\":2,\"fresh_repeat\":1,\"heuristic_count\":32,\"heuristic_status\":0,\"k\":32,\"launches\":[{\"launch\":1,\"matmul_status\":0,\"output_memory\":{\"payload_unchanged\":false,\"prefix_guard_intact\":true,\"suffix_guard_intact\":true},\"stream_index\":0,\"synchronize_status\":0},{\"launch\":2,\"matmul_status\":0,\"output_memory\":{\"payload_unchanged\":false,\"prefix_guard_intact\":true,\"suffix_guard_intact\":true},\"stream_index\":1,\"synchronize_status\":0},{\"launch\":3,\"matmul_status\":0,\"output_memory\":{\"payload_unchanged\":false,\"prefix_guard_intact\":true,\"suffix_guard_intact\":true},\"stream_index\":0,\"synchronize_status\":0},{\"launch\":4,\"matmul_status\":0,\"output_memory\":{\"payload_unchanged\":false,\"prefix_guard_intact\":true,\"suffix_guard_intact\":true},\"stream_index\":1,\"synchronize_status\":0},{\"launch\":5,\"matmul_status\":0,\"output_memory\":{\"payload_unchanged\":false,\"prefix_guard_intact\":true,\"suffix_guard_intact\":true},\"stream_index\":0,\"synchronize_status\":0},{\"launch\":6,\"matmul_status\":0,\"output_memory\":{\"payload_unchanged\":false,\"prefix_guard_intact\":true,\"suffix_guard_intact\":true},\"stream_index\":1,\"synchronize_status\":0}],\"m\":64,\"marker\":\"TCNN_RDNA4_P3B1B_FP16_FORWARD_001\",\"n\":16,\"numerics\":{\"inf_count\":0,\"max_abs\":0.0,\"max_rel_outside_1e-3\":0.0,\"nan_count\":0,\"normalized_l2\":0.0,\"relu_mask_mismatches\":0},\"probe_state\":\"EXECUTED\",\"process_status\":\"PASS\",\"selected_candidate\":0,\"steady_state\":{\"launches\":4,\"new_descriptors\":0,\"new_handles\":0,\"new_heuristic_queries\":0,\"workspace_growth_bytes\":0},\"stream_count\":2,\"target_coverage\":{\"bias_axis_rows\":64,\"bias_sign_flip_count\":360,\"exact_zero_count\":6,\"large_finite_bias\":true,\"near_zero_count\":25},\"workspace_memory\":{\"payload_unchanged\":true,\"prefix_guard_intact\":true,\"suffix_guard_intact\":true}}\n",
      "stderr": ""
    },
    {
      "command": [
        "/tmp/tcnn_p3b1b_epi_uqmydzeb/probe_phase3b1b",
        "64",
        "16",
        "32",
        "BIAS",
        "f32",
        "2"
      ],
      "returncode": 0,
      "stdout": "{\"algorithm\":{\"index\":86505,\"kernel_name\":\"Cijk_Ailk_Bljk_HSS_BH_Bias_HA_S_SAV_UserArgs_MT16x16x32_MI16x16x1_SN_LDSB0_AFC1_AFEM1_AFEM1_ASEM1_CLR1_CADS0_DTLA0_DTLB0_DTVA0_DTVB0_EPS0_FDSI0_GRPM1_GRVWA8_GRVWB8_GSUAMB_GLS0_ISA1201_IU1_K1_LDSTI0_LBSPPA256_LBSPPB128_LBSPPM0_LPA16_LPB16_LPM0_LRVW8_LWPMn1_MIAV1_MIWT1_1_MO40_NTn1_NTA0_NTB0_NTC0_NTD0_NTM0_NEPBS0_NLCA1_NLCB1_ONLL1_PGR1_PLR1_PKA0_SIA1_SS1_SPO0_SRVW0_SSO0_SVW1_SK0_SKFTR0_SKXCCM0_TLDS1_ULSGRO0_USL1_UIOFGRO0_USFGROn1_VSn1_VWA1_VWB1_WSGRA0_WSGRB0_WS32_WG16_2_1\",\"solution_name\":\"Cijk_Ailk_Bljk_HSS_BH_Bias_HA_S_SAV_UserArgs_MT16x16x32_MI16x16x1_SN_LDSB0_AFC1_AFEM1_AFEM1_ASEM1_CLR1_CADS0_DTLA0_DTLB0_DTVA0_DTVB0_EPS0_FDSI0_GRPM1_GRVWA8_GRVWB8_GSU1_GSUAMB_GSUC0_GSUWGMRR0_GLS0_ISA1201_IU1_K1_LDSTI0_LBSPPA256_LBSPPB128_LBSPPM0_LPA16_LPB16_LPM0_LRVW8_LWPMn1_MIAV1_MIWT1_1_MO40_NTn1_NTA0_NTB0_NTC0_NTD0_NTM0_NEPBS0_NLCA1_NLCB1_ONLL1_PGR1_PLR1_PKA0_SIA1_SS1_SU32_SUM0_SUS256_SPO0_SRVW0_SSO0_SVW1_SK0_SKFTR0_SKXCCM0_TLDS1_ULSGRO0_USL1_UIOFGRO0_USFGROn1_VSn1_VWA1_VWB1_WSGRA0_WSGRB0_WS32_WG16_2_1_WGM8_WGMXCC1_WGMXCCGn1\",\"workspace_bytes\":0},\"bias_type\":\"HIP_R_16F\",\"compute_type\":\"HIPBLAS_COMPUTE_32F\",\"d_type\":\"HIP_R_32F\",\"direction\":\"NN\",\"epilogue\":\"BIAS\",\"execution_handle_count\":2,\"fresh_repeat\":2,\"heuristic_count\":32,\"heuristic_status\":0,\"k\":32,\"launches\":[{\"launch\":1,\"matmul_status\":0,\"output_memory\":{\"payload_unchanged\":false,\"prefix_guard_intact\":true,\"suffix_guard_intact\":true},\"stream_index\":0,\"synchronize_status\":0},{\"launch\":2,\"matmul_status\":0,\"output_memory\":{\"payload_unchanged\":false,\"prefix_guard_intact\":true,\"suffix_guard_intact\":true},\"stream_index\":1,\"synchronize_status\":0},{\"launch\":3,\"matmul_status\":0,\"output_memory\":{\"payload_unchanged\":false,\"prefix_guard_intact\":true,\"suffix_guard_intact\":true},\"stream_index\":0,\"synchronize_status\":0},{\"launch\":4,\"matmul_status\":0,\"output_memory\":{\"payload_unchanged\":false,\"prefix_guard_intact\":true,\"suffix_guard_intact\":true},\"stream_index\":1,\"synchronize_status\":0},{\"launch\":5,\"matmul_status\":0,\"output_memory\":{\"payload_unchanged\":false,\"prefix_guard_intact\":true,\"suffix_guard_intact\":true},\"stream_index\":0,\"synchronize_status\":0},{\"launch\":6,\"matmul_status\":0,\"output_memory\":{\"payload_unchanged\":false,\"prefix_guard_intact\":true,\"suffix_guard_intact\":true},\"stream_index\":1,\"synchronize_status\":0}],\"m\":64,\"marker\":\"TCNN_RDNA4_P3B1B_FP16_FORWARD_001\",\"n\":16,\"numerics\":{\"inf_count\":0,\"max_abs\":0.0,\"max_rel_outside_1e-3\":0.0,\"nan_count\":0,\"normalized_l2\":0.0,\"relu_mask_mismatches\":0},\"probe_state\":\"EXECUTED\",\"process_status\":\"PASS\",\"selected_candidate\":0,\"steady_state\":{\"launches\":4,\"new_descriptors\":0,\"new_handles\":0,\"new_heuristic_queries\":0,\"workspace_growth_bytes\":0},\"stream_count\":2,\"target_coverage\":{\"bias_axis_rows\":64,\"bias_sign_flip_count\":360,\"exact_zero_count\":6,\"large_finite_bias\":true,\"near_zero_count\":25},\"workspace_memory\":{\"payload_unchanged\":true,\"prefix_guard_intact\":true,\"suffix_guard_intact\":true}}\n",
      "stderr": ""
    },
    {
      "command": [
        "/tmp/tcnn_p3b1b_epi_uqmydzeb/probe_phase3b1b",
        "64",
        "16",
        "32",
        "RELU_BIAS",
        "f16",
        "1"
      ],
      "returncode": 0,
      "stdout": "{\"algorithm\":{\"index\":84828,\"kernel_name\":\"Cijk_Ailk_Bljk_HHS_BH_Bias_HA_S_SAV_UserArgs_MT16x16x32_MI16x16x1_SN_LDSB0_AFC1_AFEM1_AFEM1_ASEM1_CLR1_CADS0_DTLA0_DTLB0_DTVA0_DTVB0_EPS0_FDSI0_GRPM1_GRVWA8_GRVWB8_GSUAMB_GLS0_ISA1201_IU1_K1_LDSTI0_LBSPPA256_LBSPPB128_LBSPPM0_LPA16_LPB16_LPM0_LRVW8_LWPMn1_MIAV1_MIWT1_1_MO40_NTn1_NTA0_NTB0_NTC0_NTD0_NTM0_NEPBS0_NLCA1_NLCB1_ONLL1_PGR1_PLR1_PKA0_SIA1_SS1_SPO0_SRVW0_SSO0_SVW1_SK0_SKFTR0_SKXCCM0_TLDS1_ULSGRO0_USL1_UIOFGRO0_USFGROn1_VSn1_VWA1_VWB1_WSGRA0_WSGRB0_WS32_WG16_2_1\",\"solution_name\":\"Cijk_Ailk_Bljk_HHS_BH_Bias_HA_S_SAV_UserArgs_MT16x16x32_MI16x16x1_SN_LDSB0_AFC1_AFEM1_AFEM1_ASEM1_CLR1_CADS0_DTLA0_DTLB0_DTVA0_DTVB0_EPS0_FDSI0_GRPM1_GRVWA8_GRVWB8_GSU1_GSUAMB_GSUC0_GSUWGMRR0_GLS0_ISA1201_IU1_K1_LDSTI0_LBSPPA256_LBSPPB128_LBSPPM0_LPA16_LPB16_LPM0_LRVW8_LWPMn1_MIAV1_MIWT1_1_MO40_NTn1_NTA0_NTB0_NTC0_NTD0_NTM0_NEPBS0_NLCA1_NLCB1_ONLL1_PGR1_PLR1_PKA0_SIA1_SS1_SU32_SUM0_SUS256_SPO0_SRVW0_SSO0_SVW1_SK0_SKFTR0_SKXCCM0_TLDS1_ULSGRO0_USL1_UIOFGRO0_USFGROn1_VSn1_VWA1_VWB1_WSGRA0_WSGRB0_WS32_WG16_2_1_WGM8_WGMXCC1_WGMXCCGn1\",\"workspace_bytes\":0},\"bias_type\":\"HIP_R_16F\",\"compute_type\":\"HIPBLAS_COMPUTE_32F\",\"d_type\":\"HIP_R_16F\",\"direction\":\"NN\",\"epilogue\":\"RELU_BIAS\",\"execution_handle_count\":2,\"fresh_repeat\":1,\"heuristic_count\":32,\"heuristic_status\":0,\"k\":32,\"launches\":[{\"launch\":1,\"matmul_status\":0,\"output_memory\":{\"payload_unchanged\":false,\"prefix_guard_intact\":true,\"suffix_guard_intact\":true},\"stream_index\":0,\"synchronize_status\":0},{\"launch\":2,\"matmul_status\":0,\"output_memory\":{\"payload_unchanged\":false,\"prefix_guard_intact\":true,\"suffix_guard_intact\":true},\"stream_index\":1,\"synchronize_status\":0},{\"launch\":3,\"matmul_status\":0,\"output_memory\":{\"payload_unchanged\":false,\"prefix_guard_intact\":true,\"suffix_guard_intact\":true},\"stream_index\":0,\"synchronize_status\":0},{\"launch\":4,\"matmul_status\":0,\"output_memory\":{\"payload_unchanged\":false,\"prefix_guard_intact\":true,\"suffix_guard_intact\":true},\"stream_index\":1,\"synchronize_status\":0},{\"launch\":5,\"matmul_status\":0,\"output_memory\":{\"payload_unchanged\":false,\"prefix_guard_intact\":true,\"suffix_guard_intact\":true},\"stream_index\":0,\"synchronize_status\":0},{\"launch\":6,\"matmul_status\":0,\"output_memory\":{\"payload_unchanged\":false,\"prefix_guard_intact\":true,\"suffix_guard_intact\":true},\"stream_index\":1,\"synchronize_status\":0}],\"m\":64,\"marker\":\"TCNN_RDNA4_P3B1B_FP16_FORWARD_001\",\"n\":16,\"numerics\":{\"inf_count\":0,\"max_abs\":0.0,\"max_rel_outside_1e-3\":0.0,\"nan_count\":0,\"normalized_l2\":0.0,\"relu_mask_mismatches\":0},\"probe_state\":\"EXECUTED\",\"process_status\":\"PASS\",\"selected_candidate\":0,\"steady_state\":{\"launches\":4,\"new_descriptors\":0,\"new_handles\":0,\"new_heuristic_queries\":0,\"workspace_growth_bytes\":0},\"stream_count\":2,\"target_coverage\":{\"bias_axis_rows\":64,\"bias_sign_flip_count\":360,\"exact_zero_count\":473,\"large_finite_bias\":true,\"near_zero_count\":481},\"workspace_memory\":{\"payload_unchanged\":true,\"prefix_guard_intact\":true,\"suffix_guard_intact\":true}}\n",
      "stderr": ""
    },
    {
      "command": [
        "/tmp/tcnn_p3b1b_epi_uqmydzeb/probe_phase3b1b",
        "64",
        "16",
        "32",
        "RELU_BIAS",
        "f16",
        "2"
      ],
      "returncode": 0,
      "stdout": "{\"algorithm\":{\"index\":84828,\"kernel_name\":\"Cijk_Ailk_Bljk_HHS_BH_Bias_HA_S_SAV_UserArgs_MT16x16x32_MI16x16x1_SN_LDSB0_AFC1_AFEM1_AFEM1_ASEM1_CLR1_CADS0_DTLA0_DTLB0_DTVA0_DTVB0_EPS0_FDSI0_GRPM1_GRVWA8_GRVWB8_GSUAMB_GLS0_ISA1201_IU1_K1_LDSTI0_LBSPPA256_LBSPPB128_LBSPPM0_LPA16_LPB16_LPM0_LRVW8_LWPMn1_MIAV1_MIWT1_1_MO40_NTn1_NTA0_NTB0_NTC0_NTD0_NTM0_NEPBS0_NLCA1_NLCB1_ONLL1_PGR1_PLR1_PKA0_SIA1_SS1_SPO0_SRVW0_SSO0_SVW1_SK0_SKFTR0_SKXCCM0_TLDS1_ULSGRO0_USL1_UIOFGRO0_USFGROn1_VSn1_VWA1_VWB1_WSGRA0_WSGRB0_WS32_WG16_2_1\",\"solution_name\":\"Cijk_Ailk_Bljk_HHS_BH_Bias_HA_S_SAV_UserArgs_MT16x16x32_MI16x16x1_SN_LDSB0_AFC1_AFEM1_AFEM1_ASEM1_CLR1_CADS0_DTLA0_DTLB0_DTVA0_DTVB0_EPS0_FDSI0_GRPM1_GRVWA8_GRVWB8_GSU1_GSUAMB_GSUC0_GSUWGMRR0_GLS0_ISA1201_IU1_K1_LDSTI0_LBSPPA256_LBSPPB128_LBSPPM0_LPA16_LPB16_LPM0_LRVW8_LWPMn1_MIAV1_MIWT1_1_MO40_NTn1_NTA0_NTB0_NTC0_NTD0_NTM0_NEPBS0_NLCA1_NLCB1_ONLL1_PGR1_PLR1_PKA0_SIA1_SS1_SU32_SUM0_SUS256_SPO0_SRVW0_SSO0_SVW1_SK0_SKFTR0_SKXCCM0_TLDS1_ULSGRO0_USL1_UIOFGRO0_USFGROn1_VSn1_VWA1_VWB1_WSGRA0_WSGRB0_WS32_WG16_2_1_WGM8_WGMXCC1_WGMXCCGn1\",\"workspace_bytes\":0},\"bias_type\":\"HIP_R_16F\",\"compute_type\":\"HIPBLAS_COMPUTE_32F\",\"d_type\":\"HIP_R_16F\",\"direction\":\"NN\",\"epilogue\":\"RELU_BIAS\",\"execution_handle_count\":2,\"fresh_repeat\":2,\"heuristic_count\":32,\"heuristic_status\":0,\"k\":32,\"launches\":[{\"launch\":1,\"matmul_status\":0,\"output_memory\":{\"payload_unchanged\":false,\"prefix_guard_intact\":true,\"suffix_guard_intact\":true},\"stream_index\":0,\"synchronize_status\":0},{\"launch\":2,\"matmul_status\":0,\"output_memory\":{\"payload_unchanged\":false,\"prefix_guard_intact\":true,\"suffix_guard_intact\":true},\"stream_index\":1,\"synchronize_status\":0},{\"launch\":3,\"matmul_status\":0,\"output_memory\":{\"payload_unchanged\":false,\"prefix_guard_intact\":true,\"suffix_guard_intact\":true},\"stream_index\":0,\"synchronize_status\":0},{\"launch\":4,\"matmul_status\":0,\"output_memory\":{\"payload_unchanged\":false,\"prefix_guard_intact\":true,\"suffix_guard_intact\":true},\"stream_index\":1,\"synchronize_status\":0},{\"launch\":5,\"matmul_status\":0,\"output_memory\":{\"payload_unchanged\":false,\"prefix_guard_intact\":true,\"suffix_guard_intact\":true},\"stream_index\":0,\"synchronize_status\":0},{\"launch\":6,\"matmul_status\":0,\"output_memory\":{\"payload_unchanged\":false,\"prefix_guard_intact\":true,\"suffix_guard_intact\":true},\"stream_index\":1,\"synchronize_status\":0}],\"m\":64,\"marker\":\"TCNN_RDNA4_P3B1B_FP16_FORWARD_001\",\"n\":16,\"numerics\":{\"inf_count\":0,\"max_abs\":0.0,\"max_rel_outside_1e-3\":0.0,\"nan_count\":0,\"normalized_l2\":0.0,\"relu_mask_mismatches\":0},\"probe_state\":\"EXECUTED\",\"process_status\":\"PASS\",\"selected_candidate\":0,\"steady_state\":{\"launches\":4,\"new_descriptors\":0,\"new_handles\":0,\"new_heuristic_queries\":0,\"workspace_growth_bytes\":0},\"stream_count\":2,\"target_coverage\":{\"bias_axis_rows\":64,\"bias_sign_flip_count\":360,\"exact_zero_count\":473,\"large_finite_bias\":true,\"near_zero_count\":481},\"workspace_memory\":{\"payload_unchanged\":true,\"prefix_guard_intact\":true,\"suffix_guard_intact\":true}}\n",
      "stderr": ""
    },
    {
      "command": [
        "/tmp/tcnn_p3b1b_epi_uqmydzeb/probe_phase3b1b",
        "64",
        "16",
        "32",
        "RELU_BIAS",
        "f32",
        "1"
      ],
      "returncode": 0,
      "stdout": "{\"algorithm\":{\"index\":86505,\"kernel_name\":\"Cijk_Ailk_Bljk_HSS_BH_Bias_HA_S_SAV_UserArgs_MT16x16x32_MI16x16x1_SN_LDSB0_AFC1_AFEM1_AFEM1_ASEM1_CLR1_CADS0_DTLA0_DTLB0_DTVA0_DTVB0_EPS0_FDSI0_GRPM1_GRVWA8_GRVWB8_GSUAMB_GLS0_ISA1201_IU1_K1_LDSTI0_LBSPPA256_LBSPPB128_LBSPPM0_LPA16_LPB16_LPM0_LRVW8_LWPMn1_MIAV1_MIWT1_1_MO40_NTn1_NTA0_NTB0_NTC0_NTD0_NTM0_NEPBS0_NLCA1_NLCB1_ONLL1_PGR1_PLR1_PKA0_SIA1_SS1_SPO0_SRVW0_SSO0_SVW1_SK0_SKFTR0_SKXCCM0_TLDS1_ULSGRO0_USL1_UIOFGRO0_USFGROn1_VSn1_VWA1_VWB1_WSGRA0_WSGRB0_WS32_WG16_2_1\",\"solution_name\":\"Cijk_Ailk_Bljk_HSS_BH_Bias_HA_S_SAV_UserArgs_MT16x16x32_MI16x16x1_SN_LDSB0_AFC1_AFEM1_AFEM1_ASEM1_CLR1_CADS0_DTLA0_DTLB0_DTVA0_DTVB0_EPS0_FDSI0_GRPM1_GRVWA8_GRVWB8_GSU1_GSUAMB_GSUC0_GSUWGMRR0_GLS0_ISA1201_IU1_K1_LDSTI0_LBSPPA256_LBSPPB128_LBSPPM0_LPA16_LPB16_LPM0_LRVW8_LWPMn1_MIAV1_MIWT1_1_MO40_NTn1_NTA0_NTB0_NTC0_NTD0_NTM0_NEPBS0_NLCA1_NLCB1_ONLL1_PGR1_PLR1_PKA0_SIA1_SS1_SU32_SUM0_SUS256_SPO0_SRVW0_SSO0_SVW1_SK0_SKFTR0_SKXCCM0_TLDS1_ULSGRO0_USL1_UIOFGRO0_USFGROn1_VSn1_VWA1_VWB1_WSGRA0_WSGRB0_WS32_WG16_2_1_WGM8_WGMXCC1_WGMXCCGn1\",\"workspace_bytes\":0},\"bias_type\":\"HIP_R_16F\",\"compute_type\":\"HIPBLAS_COMPUTE_32F\",\"d_type\":\"HIP_R_32F\",\"direction\":\"NN\",\"epilogue\":\"RELU_BIAS\",\"execution_handle_count\":2,\"fresh_repeat\":1,\"heuristic_count\":32,\"heuristic_status\":0,\"k\":32,\"launches\":[{\"launch\":1,\"matmul_status\":0,\"output_memory\":{\"payload_unchanged\":false,\"prefix_guard_intact\":true,\"suffix_guard_intact\":true},\"stream_index\":0,\"synchronize_status\":0},{\"launch\":2,\"matmul_status\":0,\"output_memory\":{\"payload_unchanged\":false,\"prefix_guard_intact\":true,\"suffix_guard_intact\":true},\"stream_index\":1,\"synchronize_status\":0},{\"launch\":3,\"matmul_status\":0,\"output_memory\":{\"payload_unchanged\":false,\"prefix_guard_intact\":true,\"suffix_guard_intact\":true},\"stream_index\":0,\"synchronize_status\":0},{\"launch\":4,\"matmul_status\":0,\"output_memory\":{\"payload_unchanged\":false,\"prefix_guard_intact\":true,\"suffix_guard_intact\":true},\"stream_index\":1,\"synchronize_status\":0},{\"launch\":5,\"matmul_status\":0,\"output_memory\":{\"payload_unchanged\":false,\"prefix_guard_intact\":true,\"suffix_guard_intact\":true},\"stream_index\":0,\"synchronize_status\":0},{\"launch\":6,\"matmul_status\":0,\"output_memory\":{\"payload_unchanged\":false,\"prefix_guard_intact\":true,\"suffix_guard_intact\":true},\"stream_index\":1,\"synchronize_status\":0}],\"m\":64,\"marker\":\"TCNN_RDNA4_P3B1B_FP16_FORWARD_001\",\"n\":16,\"numerics\":{\"inf_count\":0,\"max_abs\":0.0,\"max_rel_outside_1e-3\":0.0,\"nan_count\":0,\"normalized_l2\":0.0,\"relu_mask_mismatches\":0},\"probe_state\":\"EXECUTED\",\"process_status\":\"PASS\",\"selected_candidate\":0,\"steady_state\":{\"launches\":4,\"new_descriptors\":0,\"new_handles\":0,\"new_heuristic_queries\":0,\"workspace_growth_bytes\":0},\"stream_count\":2,\"target_coverage\":{\"bias_axis_rows\":64,\"bias_sign_flip_count\":360,\"exact_zero_count\":473,\"large_finite_bias\":true,\"near_zero_count\":481},\"workspace_memory\":{\"payload_unchanged\":true,\"prefix_guard_intact\":true,\"suffix_guard_intact\":true}}\n",
      "stderr": ""
    },
    {
      "command": [
        "/tmp/tcnn_p3b1b_epi_uqmydzeb/probe_phase3b1b",
        "64",
        "16",
        "32",
        "RELU_BIAS",
        "f32",
        "2"
      ],
      "returncode": 0,
      "stdout": "{\"algorithm\":{\"index\":86505,\"kernel_name\":\"Cijk_Ailk_Bljk_HSS_BH_Bias_HA_S_SAV_UserArgs_MT16x16x32_MI16x16x1_SN_LDSB0_AFC1_AFEM1_AFEM1_ASEM1_CLR1_CADS0_DTLA0_DTLB0_DTVA0_DTVB0_EPS0_FDSI0_GRPM1_GRVWA8_GRVWB8_GSUAMB_GLS0_ISA1201_IU1_K1_LDSTI0_LBSPPA256_LBSPPB128_LBSPPM0_LPA16_LPB16_LPM0_LRVW8_LWPMn1_MIAV1_MIWT1_1_MO40_NTn1_NTA0_NTB0_NTC0_NTD0_NTM0_NEPBS0_NLCA1_NLCB1_ONLL1_PGR1_PLR1_PKA0_SIA1_SS1_SPO0_SRVW0_SSO0_SVW1_SK0_SKFTR0_SKXCCM0_TLDS1_ULSGRO0_USL1_UIOFGRO0_USFGROn1_VSn1_VWA1_VWB1_WSGRA0_WSGRB0_WS32_WG16_2_1\",\"solution_name\":\"Cijk_Ailk_Bljk_HSS_BH_Bias_HA_S_SAV_UserArgs_MT16x16x32_MI16x16x1_SN_LDSB0_AFC1_AFEM1_AFEM1_ASEM1_CLR1_CADS0_DTLA0_DTLB0_DTVA0_DTVB0_EPS0_FDSI0_GRPM1_GRVWA8_GRVWB8_GSU1_GSUAMB_GSUC0_GSUWGMRR0_GLS0_ISA1201_IU1_K1_LDSTI0_LBSPPA256_LBSPPB128_LBSPPM0_LPA16_LPB16_LPM0_LRVW8_LWPMn1_MIAV1_MIWT1_1_MO40_NTn1_NTA0_NTB0_NTC0_NTD0_NTM0_NEPBS0_NLCA1_NLCB1_ONLL1_PGR1_PLR1_PKA0_SIA1_SS1_SU32_SUM0_SUS256_SPO0_SRVW0_SSO0_SVW1_SK0_SKFTR0_SKXCCM0_TLDS1_ULSGRO0_USL1_UIOFGRO0_USFGROn1_VSn1_VWA1_VWB1_WSGRA0_WSGRB0_WS32_WG16_2_1_WGM8_WGMXCC1_WGMXCCGn1\",\"workspace_bytes\":0},\"bias_type\":\"HIP_R_16F\",\"compute_type\":\"HIPBLAS_COMPUTE_32F\",\"d_type\":\"HIP_R_32F\",\"direction\":\"NN\",\"epilogue\":\"RELU_BIAS\",\"execution_handle_count\":2,\"fresh_repeat\":2,\"heuristic_count\":32,\"heuristic_status\":0,\"k\":32,\"launches\":[{\"launch\":1,\"matmul_status\":0,\"output_memory\":{\"payload_unchanged\":false,\"prefix_guard_intact\":true,\"suffix_guard_intact\":true},\"stream_index\":0,\"synchronize_status\":0},{\"launch\":2,\"matmul_status\":0,\"output_memory\":{\"payload_unchanged\":false,\"prefix_guard_intact\":true,\"suffix_guard_intact\":true},\"stream_index\":1,\"synchronize_status\":0},{\"launch\":3,\"matmul_status\":0,\"output_memory\":{\"payload_unchanged\":false,\"prefix_guard_intact\":true,\"suffix_guard_intact\":true},\"stream_index\":0,\"synchronize_status\":0},{\"launch\":4,\"matmul_status\":0,\"output_memory\":{\"payload_unchanged\":false,\"prefix_guard_intact\":true,\"suffix_guard_intact\":true},\"stream_index\":1,\"synchronize_status\":0},{\"launch\":5,\"matmul_status\":0,\"output_memory\":{\"payload_unchanged\":false,\"prefix_guard_intact\":true,\"suffix_guard_intact\":true},\"stream_index\":0,\"synchronize_status\":0},{\"launch\":6,\"matmul_status\":0,\"output_memory\":{\"payload_unchanged\":false,\"prefix_guard_intact\":true,\"suffix_guard_intact\":true},\"stream_index\":1,\"synchronize_status\":0}],\"m\":64,\"marker\":\"TCNN_RDNA4_P3B1B_FP16_FORWARD_001\",\"n\":16,\"numerics\":{\"inf_count\":0,\"max_abs\":0.0,\"max_rel_outside_1e-3\":0.0,\"nan_count\":0,\"normalized_l2\":0.0,\"relu_mask_mismatches\":0},\"probe_state\":\"EXECUTED\",\"process_status\":\"PASS\",\"selected_candidate\":0,\"steady_state\":{\"launches\":4,\"new_descriptors\":0,\"new_handles\":0,\"new_heuristic_queries\":0,\"workspace_growth_bytes\":0},\"stream_count\":2,\"target_coverage\":{\"bias_axis_rows\":64,\"bias_sign_flip_count\":360,\"exact_zero_count\":473,\"large_finite_bias\":true,\"near_zero_count\":481},\"workspace_memory\":{\"payload_unchanged\":true,\"prefix_guard_intact\":true,\"suffix_guard_intact\":true}}\n",
      "stderr": ""
    },
    {
      "command": [
        "/tmp/tcnn_p3b1b_epi_uqmydzeb/probe_phase3b1b",
        "64",
        "16",
        "64",
        "BIAS",
        "f16",
        "1"
      ],
      "returncode": 0,
      "stdout": "{\"algorithm\":{\"index\":84828,\"kernel_name\":\"Cijk_Ailk_Bljk_HHS_BH_Bias_HA_S_SAV_UserArgs_MT16x16x32_MI16x16x1_SN_LDSB0_AFC1_AFEM1_AFEM1_ASEM1_CLR1_CADS0_DTLA0_DTLB0_DTVA0_DTVB0_EPS0_FDSI0_GRPM1_GRVWA8_GRVWB8_GSUAMB_GLS0_ISA1201_IU1_K1_LDSTI0_LBSPPA256_LBSPPB128_LBSPPM0_LPA16_LPB16_LPM0_LRVW8_LWPMn1_MIAV1_MIWT1_1_MO40_NTn1_NTA0_NTB0_NTC0_NTD0_NTM0_NEPBS0_NLCA1_NLCB1_ONLL1_PGR1_PLR1_PKA0_SIA1_SS1_SPO0_SRVW0_SSO0_SVW1_SK0_SKFTR0_SKXCCM0_TLDS1_ULSGRO0_USL1_UIOFGRO0_USFGROn1_VSn1_VWA1_VWB1_WSGRA0_WSGRB0_WS32_WG16_2_1\",\"solution_name\":\"Cijk_Ailk_Bljk_HHS_BH_Bias_HA_S_SAV_UserArgs_MT16x16x32_MI16x16x1_SN_LDSB0_AFC1_AFEM1_AFEM1_ASEM1_CLR1_CADS0_DTLA0_DTLB0_DTVA0_DTVB0_EPS0_FDSI0_GRPM1_GRVWA8_GRVWB8_GSU1_GSUAMB_GSUC0_GSUWGMRR0_GLS0_ISA1201_IU1_K1_LDSTI0_LBSPPA256_LBSPPB128_LBSPPM0_LPA16_LPB16_LPM0_LRVW8_LWPMn1_MIAV1_MIWT1_1_MO40_NTn1_NTA0_NTB0_NTC0_NTD0_NTM0_NEPBS0_NLCA1_NLCB1_ONLL1_PGR1_PLR1_PKA0_SIA1_SS1_SU32_SUM0_SUS256_SPO0_SRVW0_SSO0_SVW1_SK0_SKFTR0_SKXCCM0_TLDS1_ULSGRO0_USL1_UIOFGRO0_USFGROn1_VSn1_VWA1_VWB1_WSGRA0_WSGRB0_WS32_WG16_2_1_WGM8_WGMXCC1_WGMXCCGn1\",\"workspace_bytes\":0},\"bias_type\":\"HIP_R_16F\",\"compute_type\":\"HIPBLAS_COMPUTE_32F\",\"d_type\":\"HIP_R_16F\",\"direction\":\"NN\",\"epilogue\":\"BIAS\",\"execution_handle_count\":2,\"fresh_repeat\":1,\"heuristic_count\":32,\"heuristic_status\":0,\"k\":64,\"launches\":[{\"launch\":1,\"matmul_status\":0,\"output_memory\":{\"payload_unchanged\":false,\"prefix_guard_intact\":true,\"suffix_guard_intact\":true},\"stream_index\":0,\"synchronize_status\":0},{\"launch\":2,\"matmul_status\":0,\"output_memory\":{\"payload_unchanged\":false,\"prefix_guard_intact\":true,\"suffix_guard_intact\":true},\"stream_index\":1,\"synchronize_status\":0},{\"launch\":3,\"matmul_status\":0,\"output_memory\":{\"payload_unchanged\":false,\"prefix_guard_intact\":true,\"suffix_guard_intact\":true},\"stream_index\":0,\"synchronize_status\":0},{\"launch\":4,\"matmul_status\":0,\"output_memory\":{\"payload_unchanged\":false,\"prefix_guard_intact\":true,\"suffix_guard_intact\":true},\"stream_index\":1,\"synchronize_status\":0},{\"launch\":5,\"matmul_status\":0,\"output_memory\":{\"payload_unchanged\":false,\"prefix_guard_intact\":true,\"suffix_guard_intact\":true},\"stream_index\":0,\"synchronize_status\":0},{\"launch\":6,\"matmul_status\":0,\"output_memory\":{\"payload_unchanged\":false,\"prefix_guard_intact\":true,\"suffix_guard_intact\":true},\"stream_index\":1,\"synchronize_status\":0}],\"m\":64,\"marker\":\"TCNN_RDNA4_P3B1B_FP16_FORWARD_001\",\"n\":16,\"numerics\":{\"inf_count\":0,\"max_abs\":0.0,\"max_rel_outside_1e-3\":0.0,\"nan_count\":0,\"normalized_l2\":0.0,\"relu_mask_mismatches\":0},\"probe_state\":\"EXECUTED\",\"process_status\":\"PASS\",\"selected_candidate\":0,\"steady_state\":{\"launches\":4,\"new_descriptors\":0,\"new_handles\":0,\"new_heuristic_queries\":0,\"workspace_growth_bytes\":0},\"stream_count\":2,\"target_coverage\":{\"bias_axis_rows\":64,\"bias_sign_flip_count\":318,\"exact_zero_count\":3,\"large_finite_bias\":true,\"near_zero_count\":24},\"workspace_memory\":{\"payload_unchanged\":true,\"prefix_guard_intact\":true,\"suffix_guard_intact\":true}}\n",
      "stderr": ""
    },
    {
      "command": [
        "/tmp/tcnn_p3b1b_epi_uqmydzeb/probe_phase3b1b",
        "64",
        "16",
        "64",
        "BIAS",
        "f16",
        "2"
      ],
      "returncode": 0,
      "stdout": "{\"algorithm\":{\"index\":84828,\"kernel_name\":\"Cijk_Ailk_Bljk_HHS_BH_Bias_HA_S_SAV_UserArgs_MT16x16x32_MI16x16x1_SN_LDSB0_AFC1_AFEM1_AFEM1_ASEM1_CLR1_CADS0_DTLA0_DTLB0_DTVA0_DTVB0_EPS0_FDSI0_GRPM1_GRVWA8_GRVWB8_GSUAMB_GLS0_ISA1201_IU1_K1_LDSTI0_LBSPPA256_LBSPPB128_LBSPPM0_LPA16_LPB16_LPM0_LRVW8_LWPMn1_MIAV1_MIWT1_1_MO40_NTn1_NTA0_NTB0_NTC0_NTD0_NTM0_NEPBS0_NLCA1_NLCB1_ONLL1_PGR1_PLR1_PKA0_SIA1_SS1_SPO0_SRVW0_SSO0_SVW1_SK0_SKFTR0_SKXCCM0_TLDS1_ULSGRO0_USL1_UIOFGRO0_USFGROn1_VSn1_VWA1_VWB1_WSGRA0_WSGRB0_WS32_WG16_2_1\",\"solution_name\":\"Cijk_Ailk_Bljk_HHS_BH_Bias_HA_S_SAV_UserArgs_MT16x16x32_MI16x16x1_SN_LDSB0_AFC1_AFEM1_AFEM1_ASEM1_CLR1_CADS0_DTLA0_DTLB0_DTVA0_DTVB0_EPS0_FDSI0_GRPM1_GRVWA8_GRVWB8_GSU1_GSUAMB_GSUC0_GSUWGMRR0_GLS0_ISA1201_IU1_K1_LDSTI0_LBSPPA256_LBSPPB128_LBSPPM0_LPA16_LPB16_LPM0_LRVW8_LWPMn1_MIAV1_MIWT1_1_MO40_NTn1_NTA0_NTB0_NTC0_NTD0_NTM0_NEPBS0_NLCA1_NLCB1_ONLL1_PGR1_PLR1_PKA0_SIA1_SS1_SU32_SUM0_SUS256_SPO0_SRVW0_SSO0_SVW1_SK0_SKFTR0_SKXCCM0_TLDS1_ULSGRO0_USL1_UIOFGRO0_USFGROn1_VSn1_VWA1_VWB1_WSGRA0_WSGRB0_WS32_WG16_2_1_WGM8_WGMXCC1_WGMXCCGn1\",\"workspace_bytes\":0},\"bias_type\":\"HIP_R_16F\",\"compute_type\":\"HIPBLAS_COMPUTE_32F\",\"d_type\":\"HIP_R_16F\",\"direction\":\"NN\",\"epilogue\":\"BIAS\",\"execution_handle_count\":2,\"fresh_repeat\":2,\"heuristic_count\":32,\"heuristic_status\":0,\"k\":64,\"launches\":[{\"launch\":1,\"matmul_status\":0,\"output_memory\":{\"payload_unchanged\":false,\"prefix_guard_intact\":true,\"suffix_guard_intact\":true},\"stream_index\":0,\"synchronize_status\":0},{\"launch\":2,\"matmul_status\":0,\"output_memory\":{\"payload_unchanged\":false,\"prefix_guard_intact\":true,\"suffix_guard_intact\":true},\"stream_index\":1,\"synchronize_status\":0},{\"launch\":3,\"matmul_status\":0,\"output_memory\":{\"payload_unchanged\":false,\"prefix_guard_intact\":true,\"suffix_guard_intact\":true},\"stream_index\":0,\"synchronize_status\":0},{\"launch\":4,\"matmul_status\":0,\"output_memory\":{\"payload_unchanged\":false,\"prefix_guard_intact\":true,\"suffix_guard_intact\":true},\"stream_index\":1,\"synchronize_status\":0},{\"launch\":5,\"matmul_status\":0,\"output_memory\":{\"payload_unchanged\":false,\"prefix_guard_intact\":true,\"suffix_guard_intact\":true},\"stream_index\":0,\"synchronize_status\":0},{\"launch\":6,\"matmul_status\":0,\"output_memory\":{\"payload_unchanged\":false,\"prefix_guard_intact\":true,\"suffix_guard_intact\":true},\"stream_index\":1,\"synchronize_status\":0}],\"m\":64,\"marker\":\"TCNN_RDNA4_P3B1B_FP16_FORWARD_001\",\"n\":16,\"numerics\":{\"inf_count\":0,\"max_abs\":0.0,\"max_rel_outside_1e-3\":0.0,\"nan_count\":0,\"normalized_l2\":0.0,\"relu_mask_mismatches\":0},\"probe_state\":\"EXECUTED\",\"process_status\":\"PASS\",\"selected_candidate\":0,\"steady_state\":{\"launches\":4,\"new_descriptors\":0,\"new_handles\":0,\"new_heuristic_queries\":0,\"workspace_growth_bytes\":0},\"stream_count\":2,\"target_coverage\":{\"bias_axis_rows\":64,\"bias_sign_flip_count\":318,\"exact_zero_count\":3,\"large_finite_bias\":true,\"near_zero_count\":24},\"workspace_memory\":{\"payload_unchanged\":true,\"prefix_guard_intact\":true,\"suffix_guard_intact\":true}}\n",
      "stderr": ""
    },
    {
      "command": [
        "/tmp/tcnn_p3b1b_epi_uqmydzeb/probe_phase3b1b",
        "64",
        "16",
        "64",
        "BIAS",
        "f32",
        "1"
      ],
      "returncode": 0,
      "stdout": "{\"algorithm\":{\"index\":86505,\"kernel_name\":\"Cijk_Ailk_Bljk_HSS_BH_Bias_HA_S_SAV_UserArgs_MT16x16x32_MI16x16x1_SN_LDSB0_AFC1_AFEM1_AFEM1_ASEM1_CLR1_CADS0_DTLA0_DTLB0_DTVA0_DTVB0_EPS0_FDSI0_GRPM1_GRVWA8_GRVWB8_GSUAMB_GLS0_ISA1201_IU1_K1_LDSTI0_LBSPPA256_LBSPPB128_LBSPPM0_LPA16_LPB16_LPM0_LRVW8_LWPMn1_MIAV1_MIWT1_1_MO40_NTn1_NTA0_NTB0_NTC0_NTD0_NTM0_NEPBS0_NLCA1_NLCB1_ONLL1_PGR1_PLR1_PKA0_SIA1_SS1_SPO0_SRVW0_SSO0_SVW1_SK0_SKFTR0_SKXCCM0_TLDS1_ULSGRO0_USL1_UIOFGRO0_USFGROn1_VSn1_VWA1_VWB1_WSGRA0_WSGRB0_WS32_WG16_2_1\",\"solution_name\":\"Cijk_Ailk_Bljk_HSS_BH_Bias_HA_S_SAV_UserArgs_MT16x16x32_MI16x16x1_SN_LDSB0_AFC1_AFEM1_AFEM1_ASEM1_CLR1_CADS0_DTLA0_DTLB0_DTVA0_DTVB0_EPS0_FDSI0_GRPM1_GRVWA8_GRVWB8_GSU1_GSUAMB_GSUC0_GSUWGMRR0_GLS0_ISA1201_IU1_K1_LDSTI0_LBSPPA256_LBSPPB128_LBSPPM0_LPA16_LPB16_LPM0_LRVW8_LWPMn1_MIAV1_MIWT1_1_MO40_NTn1_NTA0_NTB0_NTC0_NTD0_NTM0_NEPBS0_NLCA1_NLCB1_ONLL1_PGR1_PLR1_PKA0_SIA1_SS1_SU32_SUM0_SUS256_SPO0_SRVW0_SSO0_SVW1_SK0_SKFTR0_SKXCCM0_TLDS1_ULSGRO0_USL1_UIOFGRO0_USFGROn1_VSn1_VWA1_VWB1_WSGRA0_WSGRB0_WS32_WG16_2_1_WGM8_WGMXCC1_WGMXCCGn1\",\"workspace_bytes\":0},\"bias_type\":\"HIP_R_16F\",\"compute_type\":\"HIPBLAS_COMPUTE_32F\",\"d_type\":\"HIP_R_32F\",\"direction\":\"NN\",\"epilogue\":\"BIAS\",\"execution_handle_count\":2,\"fresh_repeat\":1,\"heuristic_count\":32,\"heuristic_status\":0,\"k\":64,\"launches\":[{\"launch\":1,\"matmul_status\":0,\"output_memory\":{\"payload_unchanged\":false,\"prefix_guard_intact\":true,\"suffix_guard_intact\":true},\"stream_index\":0,\"synchronize_status\":0},{\"launch\":2,\"matmul_status\":0,\"output_memory\":{\"payload_unchanged\":false,\"prefix_guard_intact\":true,\"suffix_guard_intact\":true},\"stream_index\":1,\"synchronize_status\":0},{\"launch\":3,\"matmul_status\":0,\"output_memory\":{\"payload_unchanged\":false,\"prefix_guard_intact\":true,\"suffix_guard_intact\":true},\"stream_index\":0,\"synchronize_status\":0},{\"launch\":4,\"matmul_status\":0,\"output_memory\":{\"payload_unchanged\":false,\"prefix_guard_intact\":true,\"suffix_guard_intact\":true},\"stream_index\":1,\"synchronize_status\":0},{\"launch\":5,\"matmul_status\":0,\"output_memory\":{\"payload_unchanged\":false,\"prefix_guard_intact\":true,\"suffix_guard_intact\":true},\"stream_index\":0,\"synchronize_status\":0},{\"launch\":6,\"matmul_status\":0,\"output_memory\":{\"payload_unchanged\":false,\"prefix_guard_intact\":true,\"suffix_guard_intact\":true},\"stream_index\":1,\"synchronize_status\":0}],\"m\":64,\"marker\":\"TCNN_RDNA4_P3B1B_FP16_FORWARD_001\",\"n\":16,\"numerics\":{\"inf_count\":0,\"max_abs\":0.0,\"max_rel_outside_1e-3\":0.0,\"nan_count\":0,\"normalized_l2\":0.0,\"relu_mask_mismatches\":0},\"probe_state\":\"EXECUTED\",\"process_status\":\"PASS\",\"selected_candidate\":0,\"steady_state\":{\"launches\":4,\"new_descriptors\":0,\"new_handles\":0,\"new_heuristic_queries\":0,\"workspace_growth_bytes\":0},\"stream_count\":2,\"target_coverage\":{\"bias_axis_rows\":64,\"bias_sign_flip_count\":318,\"exact_zero_count\":3,\"large_finite_bias\":true,\"near_zero_count\":24},\"workspace_memory\":{\"payload_unchanged\":true,\"prefix_guard_intact\":true,\"suffix_guard_intact\":true}}\n",
      "stderr": ""
    },
    {
      "command": [
        "/tmp/tcnn_p3b1b_epi_uqmydzeb/probe_phase3b1b",
        "64",
        "16",
        "64",
        "BIAS",
        "f32",
        "2"
      ],
      "returncode": 0,
      "stdout": "{\"algorithm\":{\"index\":86505,\"kernel_name\":\"Cijk_Ailk_Bljk_HSS_BH_Bias_HA_S_SAV_UserArgs_MT16x16x32_MI16x16x1_SN_LDSB0_AFC1_AFEM1_AFEM1_ASEM1_CLR1_CADS0_DTLA0_DTLB0_DTVA0_DTVB0_EPS0_FDSI0_GRPM1_GRVWA8_GRVWB8_GSUAMB_GLS0_ISA1201_IU1_K1_LDSTI0_LBSPPA256_LBSPPB128_LBSPPM0_LPA16_LPB16_LPM0_LRVW8_LWPMn1_MIAV1_MIWT1_1_MO40_NTn1_NTA0_NTB0_NTC0_NTD0_NTM0_NEPBS0_NLCA1_NLCB1_ONLL1_PGR1_PLR1_PKA0_SIA1_SS1_SPO0_SRVW0_SSO0_SVW1_SK0_SKFTR0_SKXCCM0_TLDS1_ULSGRO0_USL1_UIOFGRO0_USFGROn1_VSn1_VWA1_VWB1_WSGRA0_WSGRB0_WS32_WG16_2_1\",\"solution_name\":\"Cijk_Ailk_Bljk_HSS_BH_Bias_HA_S_SAV_UserArgs_MT16x16x32_MI16x16x1_SN_LDSB0_AFC1_AFEM1_AFEM1_ASEM1_CLR1_CADS0_DTLA0_DTLB0_DTVA0_DTVB0_EPS0_FDSI0_GRPM1_GRVWA8_GRVWB8_GSU1_GSUAMB_GSUC0_GSUWGMRR0_GLS0_ISA1201_IU1_K1_LDSTI0_LBSPPA256_LBSPPB128_LBSPPM0_LPA16_LPB16_LPM0_LRVW8_LWPMn1_MIAV1_MIWT1_1_MO40_NTn1_NTA0_NTB0_NTC0_NTD0_NTM0_NEPBS0_NLCA1_NLCB1_ONLL1_PGR1_PLR1_PKA0_SIA1_SS1_SU32_SUM0_SUS256_SPO0_SRVW0_SSO0_SVW1_SK0_SKFTR0_SKXCCM0_TLDS1_ULSGRO0_USL1_UIOFGRO0_USFGROn1_VSn1_VWA1_VWB1_WSGRA0_WSGRB0_WS32_WG16_2_1_WGM8_WGMXCC1_WGMXCCGn1\",\"workspace_bytes\":0},\"bias_type\":\"HIP_R_16F\",\"compute_type\":\"HIPBLAS_COMPUTE_32F\",\"d_type\":\"HIP_R_32F\",\"direction\":\"NN\",\"epilogue\":\"BIAS\",\"execution_handle_count\":2,\"fresh_repeat\":2,\"heuristic_count\":32,\"heuristic_status\":0,\"k\":64,\"launches\":[{\"launch\":1,\"matmul_status\":0,\"output_memory\":{\"payload_unchanged\":false,\"prefix_guard_intact\":true,\"suffix_guard_intact\":true},\"stream_index\":0,\"synchronize_status\":0},{\"launch\":2,\"matmul_status\":0,\"output_memory\":{\"payload_unchanged\":false,\"prefix_guard_intact\":true,\"suffix_guard_intact\":true},\"stream_index\":1,\"synchronize_status\":0},{\"launch\":3,\"matmul_status\":0,\"output_memory\":{\"payload_unchanged\":false,\"prefix_guard_intact\":true,\"suffix_guard_intact\":true},\"stream_index\":0,\"synchronize_status\":0},{\"launch\":4,\"matmul_status\":0,\"output_memory\":{\"payload_unchanged\":false,\"prefix_guard_intact\":true,\"suffix_guard_intact\":true},\"stream_index\":1,\"synchronize_status\":0},{\"launch\":5,\"matmul_status\":0,\"output_memory\":{\"payload_unchanged\":false,\"prefix_guard_intact\":true,\"suffix_guard_intact\":true},\"stream_index\":0,\"synchronize_status\":0},{\"launch\":6,\"matmul_status\":0,\"output_memory\":{\"payload_unchanged\":false,\"prefix_guard_intact\":true,\"suffix_guard_intact\":true},\"stream_index\":1,\"synchronize_status\":0}],\"m\":64,\"marker\":\"TCNN_RDNA4_P3B1B_FP16_FORWARD_001\",\"n\":16,\"numerics\":{\"inf_count\":0,\"max_abs\":0.0,\"max_rel_outside_1e-3\":0.0,\"nan_count\":0,\"normalized_l2\":0.0,\"relu_mask_mismatches\":0},\"probe_state\":\"EXECUTED\",\"process_status\":\"PASS\",\"selected_candidate\":0,\"steady_state\":{\"launches\":4,\"new_descriptors\":0,\"new_handles\":0,\"new_heuristic_queries\":0,\"workspace_growth_bytes\":0},\"stream_count\":2,\"target_coverage\":{\"bias_axis_rows\":64,\"bias_sign_flip_count\":318,\"exact_zero_count\":3,\"large_finite_bias\":true,\"near_zero_count\":24},\"workspace_memory\":{\"payload_unchanged\":true,\"prefix_guard_intact\":true,\"suffix_guard_intact\":true}}\n",
      "stderr": ""
    },
    {
      "command": [
        "/tmp/tcnn_p3b1b_epi_uqmydzeb/probe_phase3b1b",
        "64",
        "16",
        "64",
        "RELU_BIAS",
        "f16",
        "1"
      ],
      "returncode": 0,
      "stdout": "{\"algorithm\":{\"index\":84828,\"kernel_name\":\"Cijk_Ailk_Bljk_HHS_BH_Bias_HA_S_SAV_UserArgs_MT16x16x32_MI16x16x1_SN_LDSB0_AFC1_AFEM1_AFEM1_ASEM1_CLR1_CADS0_DTLA0_DTLB0_DTVA0_DTVB0_EPS0_FDSI0_GRPM1_GRVWA8_GRVWB8_GSUAMB_GLS0_ISA1201_IU1_K1_LDSTI0_LBSPPA256_LBSPPB128_LBSPPM0_LPA16_LPB16_LPM0_LRVW8_LWPMn1_MIAV1_MIWT1_1_MO40_NTn1_NTA0_NTB0_NTC0_NTD0_NTM0_NEPBS0_NLCA1_NLCB1_ONLL1_PGR1_PLR1_PKA0_SIA1_SS1_SPO0_SRVW0_SSO0_SVW1_SK0_SKFTR0_SKXCCM0_TLDS1_ULSGRO0_USL1_UIOFGRO0_USFGROn1_VSn1_VWA1_VWB1_WSGRA0_WSGRB0_WS32_WG16_2_1\",\"solution_name\":\"Cijk_Ailk_Bljk_HHS_BH_Bias_HA_S_SAV_UserArgs_MT16x16x32_MI16x16x1_SN_LDSB0_AFC1_AFEM1_AFEM1_ASEM1_CLR1_CADS0_DTLA0_DTLB0_DTVA0_DTVB0_EPS0_FDSI0_GRPM1_GRVWA8_GRVWB8_GSU1_GSUAMB_GSUC0_GSUWGMRR0_GLS0_ISA1201_IU1_K1_LDSTI0_LBSPPA256_LBSPPB128_LBSPPM0_LPA16_LPB16_LPM0_LRVW8_LWPMn1_MIAV1_MIWT1_1_MO40_NTn1_NTA0_NTB0_NTC0_NTD0_NTM0_NEPBS0_NLCA1_NLCB1_ONLL1_PGR1_PLR1_PKA0_SIA1_SS1_SU32_SUM0_SUS256_SPO0_SRVW0_SSO0_SVW1_SK0_SKFTR0_SKXCCM0_TLDS1_ULSGRO0_USL1_UIOFGRO0_USFGROn1_VSn1_VWA1_VWB1_WSGRA0_WSGRB0_WS32_WG16_2_1_WGM8_WGMXCC1_WGMXCCGn1\",\"workspace_bytes\":0},\"bias_type\":\"HIP_R_16F\",\"compute_type\":\"HIPBLAS_COMPUTE_32F\",\"d_type\":\"HIP_R_16F\",\"direction\":\"NN\",\"epilogue\":\"RELU_BIAS\",\"execution_handle_count\":2,\"fresh_repeat\":1,\"heuristic_count\":32,\"heuristic_status\":0,\"k\":64,\"launches\":[{\"launch\":1,\"matmul_status\":0,\"output_memory\":{\"payload_unchanged\":false,\"prefix_guard_intact\":true,\"suffix_guard_intact\":true},\"stream_index\":0,\"synchronize_status\":0},{\"launch\":2,\"matmul_status\":0,\"output_memory\":{\"payload_unchanged\":false,\"prefix_guard_intact\":true,\"suffix_guard_intact\":true},\"stream_index\":1,\"synchronize_status\":0},{\"launch\":3,\"matmul_status\":0,\"output_memory\":{\"payload_unchanged\":false,\"prefix_guard_intact\":true,\"suffix_guard_intact\":true},\"stream_index\":0,\"synchronize_status\":0},{\"launch\":4,\"matmul_status\":0,\"output_memory\":{\"payload_unchanged\":false,\"prefix_guard_intact\":true,\"suffix_guard_intact\":true},\"stream_index\":1,\"synchronize_status\":0},{\"launch\":5,\"matmul_status\":0,\"output_memory\":{\"payload_unchanged\":false,\"prefix_guard_intact\":true,\"suffix_guard_intact\":true},\"stream_index\":0,\"synchronize_status\":0},{\"launch\":6,\"matmul_status\":0,\"output_memory\":{\"payload_unchanged\":false,\"prefix_guard_intact\":true,\"suffix_guard_intact\":true},\"stream_index\":1,\"synchronize_status\":0}],\"m\":64,\"marker\":\"TCNN_RDNA4_P3B1B_FP16_FORWARD_001\",\"n\":16,\"numerics\":{\"inf_count\":0,\"max_abs\":0.0,\"max_rel_outside_1e-3\":0.0,\"nan_count\":0,\"normalized_l2\":0.0,\"relu_mask_mismatches\":0},\"probe_state\":\"EXECUTED\",\"process_status\":\"PASS\",\"selected_candidate\":0,\"steady_state\":{\"launches\":4,\"new_descriptors\":0,\"new_handles\":0,\"new_heuristic_queries\":0,\"workspace_growth_bytes\":0},\"stream_count\":2,\"target_coverage\":{\"bias_axis_rows\":64,\"bias_sign_flip_count\":318,\"exact_zero_count\":502,\"large_finite_bias\":true,\"near_zero_count\":512},\"workspace_memory\":{\"payload_unchanged\":true,\"prefix_guard_intact\":true,\"suffix_guard_intact\":true}}\n",
      "stderr": ""
    },
    {
      "command": [
        "/tmp/tcnn_p3b1b_epi_uqmydzeb/probe_phase3b1b",
        "64",
        "16",
        "64",
        "RELU_BIAS",
        "f16",
        "2"
      ],
      "returncode": 0,
      "stdout": "{\"algorithm\":{\"index\":84828,\"kernel_name\":\"Cijk_Ailk_Bljk_HHS_BH_Bias_HA_S_SAV_UserArgs_MT16x16x32_MI16x16x1_SN_LDSB0_AFC1_AFEM1_AFEM1_ASEM1_CLR1_CADS0_DTLA0_DTLB0_DTVA0_DTVB0_EPS0_FDSI0_GRPM1_GRVWA8_GRVWB8_GSUAMB_GLS0_ISA1201_IU1_K1_LDSTI0_LBSPPA256_LBSPPB128_LBSPPM0_LPA16_LPB16_LPM0_LRVW8_LWPMn1_MIAV1_MIWT1_1_MO40_NTn1_NTA0_NTB0_NTC0_NTD0_NTM0_NEPBS0_NLCA1_NLCB1_ONLL1_PGR1_PLR1_PKA0_SIA1_SS1_SPO0_SRVW0_SSO0_SVW1_SK0_SKFTR0_SKXCCM0_TLDS1_ULSGRO0_USL1_UIOFGRO0_USFGROn1_VSn1_VWA1_VWB1_WSGRA0_WSGRB0_WS32_WG16_2_1\",\"solution_name\":\"Cijk_Ailk_Bljk_HHS_BH_Bias_HA_S_SAV_UserArgs_MT16x16x32_MI16x16x1_SN_LDSB0_AFC1_AFEM1_AFEM1_ASEM1_CLR1_CADS0_DTLA0_DTLB0_DTVA0_DTVB0_EPS0_FDSI0_GRPM1_GRVWA8_GRVWB8_GSU1_GSUAMB_GSUC0_GSUWGMRR0_GLS0_ISA1201_IU1_K1_LDSTI0_LBSPPA256_LBSPPB128_LBSPPM0_LPA16_LPB16_LPM0_LRVW8_LWPMn1_MIAV1_MIWT1_1_MO40_NTn1_NTA0_NTB0_NTC0_NTD0_NTM0_NEPBS0_NLCA1_NLCB1_ONLL1_PGR1_PLR1_PKA0_SIA1_SS1_SU32_SUM0_SUS256_SPO0_SRVW0_SSO0_SVW1_SK0_SKFTR0_SKXCCM0_TLDS1_ULSGRO0_USL1_UIOFGRO0_USFGROn1_VSn1_VWA1_VWB1_WSGRA0_WSGRB0_WS32_WG16_2_1_WGM8_WGMXCC1_WGMXCCGn1\",\"workspace_bytes\":0},\"bias_type\":\"HIP_R_16F\",\"compute_type\":\"HIPBLAS_COMPUTE_32F\",\"d_type\":\"HIP_R_16F\",\"direction\":\"NN\",\"epilogue\":\"RELU_BIAS\",\"execution_handle_count\":2,\"fresh_repeat\":2,\"heuristic_count\":32,\"heuristic_status\":0,\"k\":64,\"launches\":[{\"launch\":1,\"matmul_status\":0,\"output_memory\":{\"payload_unchanged\":false,\"prefix_guard_intact\":true,\"suffix_guard_intact\":true},\"stream_index\":0,\"synchronize_status\":0},{\"launch\":2,\"matmul_status\":0,\"output_memory\":{\"payload_unchanged\":false,\"prefix_guard_intact\":true,\"suffix_guard_intact\":true},\"stream_index\":1,\"synchronize_status\":0},{\"launch\":3,\"matmul_status\":0,\"output_memory\":{\"payload_unchanged\":false,\"prefix_guard_intact\":true,\"suffix_guard_intact\":true},\"stream_index\":0,\"synchronize_status\":0},{\"launch\":4,\"matmul_status\":0,\"output_memory\":{\"payload_unchanged\":false,\"prefix_guard_intact\":true,\"suffix_guard_intact\":true},\"stream_index\":1,\"synchronize_status\":0},{\"launch\":5,\"matmul_status\":0,\"output_memory\":{\"payload_unchanged\":false,\"prefix_guard_intact\":true,\"suffix_guard_intact\":true},\"stream_index\":0,\"synchronize_status\":0},{\"launch\":6,\"matmul_status\":0,\"output_memory\":{\"payload_unchanged\":false,\"prefix_guard_intact\":true,\"suffix_guard_intact\":true},\"stream_index\":1,\"synchronize_status\":0}],\"m\":64,\"marker\":\"TCNN_RDNA4_P3B1B_FP16_FORWARD_001\",\"n\":16,\"numerics\":{\"inf_count\":0,\"max_abs\":0.0,\"max_rel_outside_1e-3\":0.0,\"nan_count\":0,\"normalized_l2\":0.0,\"relu_mask_mismatches\":0},\"probe_state\":\"EXECUTED\",\"process_status\":\"PASS\",\"selected_candidate\":0,\"steady_state\":{\"launches\":4,\"new_descriptors\":0,\"new_handles\":0,\"new_heuristic_queries\":0,\"workspace_growth_bytes\":0},\"stream_count\":2,\"target_coverage\":{\"bias_axis_rows\":64,\"bias_sign_flip_count\":318,\"exact_zero_count\":502,\"large_finite_bias\":true,\"near_zero_count\":512},\"workspace_memory\":{\"payload_unchanged\":true,\"prefix_guard_intact\":true,\"suffix_guard_intact\":true}}\n",
      "stderr": ""
    },
    {
      "command": [
        "/tmp/tcnn_p3b1b_epi_uqmydzeb/probe_phase3b1b",
        "64",
        "16",
        "64",
        "RELU_BIAS",
        "f32",
        "1"
      ],
      "returncode": 0,
      "stdout": "{\"algorithm\":{\"index\":86505,\"kernel_name\":\"Cijk_Ailk_Bljk_HSS_BH_Bias_HA_S_SAV_UserArgs_MT16x16x32_MI16x16x1_SN_LDSB0_AFC1_AFEM1_AFEM1_ASEM1_CLR1_CADS0_DTLA0_DTLB0_DTVA0_DTVB0_EPS0_FDSI0_GRPM1_GRVWA8_GRVWB8_GSUAMB_GLS0_ISA1201_IU1_K1_LDSTI0_LBSPPA256_LBSPPB128_LBSPPM0_LPA16_LPB16_LPM0_LRVW8_LWPMn1_MIAV1_MIWT1_1_MO40_NTn1_NTA0_NTB0_NTC0_NTD0_NTM0_NEPBS0_NLCA1_NLCB1_ONLL1_PGR1_PLR1_PKA0_SIA1_SS1_SPO0_SRVW0_SSO0_SVW1_SK0_SKFTR0_SKXCCM0_TLDS1_ULSGRO0_USL1_UIOFGRO0_USFGROn1_VSn1_VWA1_VWB1_WSGRA0_WSGRB0_WS32_WG16_2_1\",\"solution_name\":\"Cijk_Ailk_Bljk_HSS_BH_Bias_HA_S_SAV_UserArgs_MT16x16x32_MI16x16x1_SN_LDSB0_AFC1_AFEM1_AFEM1_ASEM1_CLR1_CADS0_DTLA0_DTLB0_DTVA0_DTVB0_EPS0_FDSI0_GRPM1_GRVWA8_GRVWB8_GSU1_GSUAMB_GSUC0_GSUWGMRR0_GLS0_ISA1201_IU1_K1_LDSTI0_LBSPPA256_LBSPPB128_LBSPPM0_LPA16_LPB16_LPM0_LRVW8_LWPMn1_MIAV1_MIWT1_1_MO40_NTn1_NTA0_NTB0_NTC0_NTD0_NTM0_NEPBS0_NLCA1_NLCB1_ONLL1_PGR1_PLR1_PKA0_SIA1_SS1_SU32_SUM0_SUS256_SPO0_SRVW0_SSO0_SVW1_SK0_SKFTR0_SKXCCM0_TLDS1_ULSGRO0_USL1_UIOFGRO0_USFGROn1_VSn1_VWA1_VWB1_WSGRA0_WSGRB0_WS32_WG16_2_1_WGM8_WGMXCC1_WGMXCCGn1\",\"workspace_bytes\":0},\"bias_type\":\"HIP_R_16F\",\"compute_type\":\"HIPBLAS_COMPUTE_32F\",\"d_type\":\"HIP_R_32F\",\"direction\":\"NN\",\"epilogue\":\"RELU_BIAS\",\"execution_handle_count\":2,\"fresh_repeat\":1,\"heuristic_count\":32,\"heuristic_status\":0,\"k\":64,\"launches\":[{\"launch\":1,\"matmul_status\":0,\"output_memory\":{\"payload_unchanged\":false,\"prefix_guard_intact\":true,\"suffix_guard_intact\":true},\"stream_index\":0,\"synchronize_status\":0},{\"launch\":2,\"matmul_status\":0,\"output_memory\":{\"payload_unchanged\":false,\"prefix_guard_intact\":true,\"suffix_guard_intact\":true},\"stream_index\":1,\"synchronize_status\":0},{\"launch\":3,\"matmul_status\":0,\"output_memory\":{\"payload_unchanged\":false,\"prefix_guard_intact\":true,\"suffix_guard_intact\":true},\"stream_index\":0,\"synchronize_status\":0},{\"launch\":4,\"matmul_status\":0,\"output_memory\":{\"payload_unchanged\":false,\"prefix_guard_intact\":true,\"suffix_guard_intact\":true},\"stream_index\":1,\"synchronize_status\":0},{\"launch\":5,\"matmul_status\":0,\"output_memory\":{\"payload_unchanged\":false,\"prefix_guard_intact\":true,\"suffix_guard_intact\":true},\"stream_index\":0,\"synchronize_status\":0},{\"launch\":6,\"matmul_status\":0,\"output_memory\":{\"payload_unchanged\":false,\"prefix_guard_intact\":true,\"suffix_guard_intact\":true},\"stream_index\":1,\"synchronize_status\":0}],\"m\":64,\"marker\":\"TCNN_RDNA4_P3B1B_FP16_FORWARD_001\",\"n\":16,\"numerics\":{\"inf_count\":0,\"max_abs\":0.0,\"max_rel_outside_1e-3\":0.0,\"nan_count\":0,\"normalized_l2\":0.0,\"relu_mask_mismatches\":0},\"probe_state\":\"EXECUTED\",\"process_status\":\"PASS\",\"selected_candidate\":0,\"steady_state\":{\"launches\":4,\"new_descriptors\":0,\"new_handles\":0,\"new_heuristic_queries\":0,\"workspace_growth_bytes\":0},\"stream_count\":2,\"target_coverage\":{\"bias_axis_rows\":64,\"bias_sign_flip_count\":318,\"exact_zero_count\":502,\"large_finite_bias\":true,\"near_zero_count\":512},\"workspace_memory\":{\"payload_unchanged\":true,\"prefix_guard_intact\":true,\"suffix_guard_intact\":true}}\n",
      "stderr": ""
    },
    {
      "command": [
        "/tmp/tcnn_p3b1b_epi_uqmydzeb/probe_phase3b1b",
        "64",
        "16",
        "64",
        "RELU_BIAS",
        "f32",
        "2"
      ],
      "returncode": 0,
      "stdout": "{\"algorithm\":{\"index\":86505,\"kernel_name\":\"Cijk_Ailk_Bljk_HSS_BH_Bias_HA_S_SAV_UserArgs_MT16x16x32_MI16x16x1_SN_LDSB0_AFC1_AFEM1_AFEM1_ASEM1_CLR1_CADS0_DTLA0_DTLB0_DTVA0_DTVB0_EPS0_FDSI0_GRPM1_GRVWA8_GRVWB8_GSUAMB_GLS0_ISA1201_IU1_K1_LDSTI0_LBSPPA256_LBSPPB128_LBSPPM0_LPA16_LPB16_LPM0_LRVW8_LWPMn1_MIAV1_MIWT1_1_MO40_NTn1_NTA0_NTB0_NTC0_NTD0_NTM0_NEPBS0_NLCA1_NLCB1_ONLL1_PGR1_PLR1_PKA0_SIA1_SS1_SPO0_SRVW0_SSO0_SVW1_SK0_SKFTR0_SKXCCM0_TLDS1_ULSGRO0_USL1_UIOFGRO0_USFGROn1_VSn1_VWA1_VWB1_WSGRA0_WSGRB0_WS32_WG16_2_1\",\"solution_name\":\"Cijk_Ailk_Bljk_HSS_BH_Bias_HA_S_SAV_UserArgs_MT16x16x32_MI16x16x1_SN_LDSB0_AFC1_AFEM1_AFEM1_ASEM1_CLR1_CADS0_DTLA0_DTLB0_DTVA0_DTVB0_EPS0_FDSI0_GRPM1_GRVWA8_GRVWB8_GSU1_GSUAMB_GSUC0_GSUWGMRR0_GLS0_ISA1201_IU1_K1_LDSTI0_LBSPPA256_LBSPPB128_LBSPPM0_LPA16_LPB16_LPM0_LRVW8_LWPMn1_MIAV1_MIWT1_1_MO40_NTn1_NTA0_NTB0_NTC0_NTD0_NTM0_NEPBS0_NLCA1_NLCB1_ONLL1_PGR1_PLR1_PKA0_SIA1_SS1_SU32_SUM0_SUS256_SPO0_SRVW0_SSO0_SVW1_SK0_SKFTR0_SKXCCM0_TLDS1_ULSGRO0_USL1_UIOFGRO0_USFGROn1_VSn1_VWA1_VWB1_WSGRA0_WSGRB0_WS32_WG16_2_1_WGM8_WGMXCC1_WGMXCCGn1\",\"workspace_bytes\":0},\"bias_type\":\"HIP_R_16F\",\"compute_type\":\"HIPBLAS_COMPUTE_32F\",\"d_type\":\"HIP_R_32F\",\"direction\":\"NN\",\"epilogue\":\"RELU_BIAS\",\"execution_handle_count\":2,\"fresh_repeat\":2,\"heuristic_count\":32,\"heuristic_status\":0,\"k\":64,\"launches\":[{\"launch\":1,\"matmul_status\":0,\"output_memory\":{\"payload_unchanged\":false,\"prefix_guard_intact\":true,\"suffix_guard_intact\":true},\"stream_index\":0,\"synchronize_status\":0},{\"launch\":2,\"matmul_status\":0,\"output_memory\":{\"payload_unchanged\":false,\"prefix_guard_intact\":true,\"suffix_guard_intact\":true},\"stream_index\":1,\"synchronize_status\":0},{\"launch\":3,\"matmul_status\":0,\"output_memory\":{\"payload_unchanged\":false,\"prefix_guard_intact\":true,\"suffix_guard_intact\":true},\"stream_index\":0,\"synchronize_status\":0},{\"launch\":4,\"matmul_status\":0,\"output_memory\":{\"payload_unchanged\":false,\"prefix_guard_intact\":true,\"suffix_guard_intact\":true},\"stream_index\":1,\"synchronize_status\":0},{\"launch\":5,\"matmul_status\":0,\"output_memory\":{\"payload_unchanged\":false,\"prefix_guard_intact\":true,\"suffix_guard_intact\":true},\"stream_index\":0,\"synchronize_status\":0},{\"launch\":6,\"matmul_status\":0,\"output_memory\":{\"payload_unchanged\":false,\"prefix_guard_intact\":true,\"suffix_guard_intact\":true},\"stream_index\":1,\"synchronize_status\":0}],\"m\":64,\"marker\":\"TCNN_RDNA4_P3B1B_FP16_FORWARD_001\",\"n\":16,\"numerics\":{\"inf_count\":0,\"max_abs\":0.0,\"max_rel_outside_1e-3\":0.0,\"nan_count\":0,\"normalized_l2\":0.0,\"relu_mask_mismatches\":0},\"probe_state\":\"EXECUTED\",\"process_status\":\"PASS\",\"selected_candidate\":0,\"steady_state\":{\"launches\":4,\"new_descriptors\":0,\"new_handles\":0,\"new_heuristic_queries\":0,\"workspace_growth_bytes\":0},\"stream_count\":2,\"target_coverage\":{\"bias_axis_rows\":64,\"bias_sign_flip_count\":318,\"exact_zero_count\":502,\"large_finite_bias\":true,\"near_zero_count\":512},\"workspace_memory\":{\"payload_unchanged\":true,\"prefix_guard_intact\":true,\"suffix_guard_intact\":true}}\n",
      "stderr": ""
    },
    {
      "command": [
        "/tmp/tcnn_p3b1b_epi_uqmydzeb/probe_phase3b1b",
        "64",
        "16",
        "128",
        "BIAS",
        "f16",
        "1"
      ],
      "returncode": 0,
      "stdout": "{\"algorithm\":{\"index\":84828,\"kernel_name\":\"Cijk_Ailk_Bljk_HHS_BH_Bias_HA_S_SAV_UserArgs_MT16x16x32_MI16x16x1_SN_LDSB0_AFC1_AFEM1_AFEM1_ASEM1_CLR1_CADS0_DTLA0_DTLB0_DTVA0_DTVB0_EPS0_FDSI0_GRPM1_GRVWA8_GRVWB8_GSUAMB_GLS0_ISA1201_IU1_K1_LDSTI0_LBSPPA256_LBSPPB128_LBSPPM0_LPA16_LPB16_LPM0_LRVW8_LWPMn1_MIAV1_MIWT1_1_MO40_NTn1_NTA0_NTB0_NTC0_NTD0_NTM0_NEPBS0_NLCA1_NLCB1_ONLL1_PGR1_PLR1_PKA0_SIA1_SS1_SPO0_SRVW0_SSO0_SVW1_SK0_SKFTR0_SKXCCM0_TLDS1_ULSGRO0_USL1_UIOFGRO0_USFGROn1_VSn1_VWA1_VWB1_WSGRA0_WSGRB0_WS32_WG16_2_1\",\"solution_name\":\"Cijk_Ailk_Bljk_HHS_BH_Bias_HA_S_SAV_UserArgs_MT16x16x32_MI16x16x1_SN_LDSB0_AFC1_AFEM1_AFEM1_ASEM1_CLR1_CADS0_DTLA0_DTLB0_DTVA0_DTVB0_EPS0_FDSI0_GRPM1_GRVWA8_GRVWB8_GSU1_GSUAMB_GSUC0_GSUWGMRR0_GLS0_ISA1201_IU1_K1_LDSTI0_LBSPPA256_LBSPPB128_LBSPPM0_LPA16_LPB16_LPM0_LRVW8_LWPMn1_MIAV1_MIWT1_1_MO40_NTn1_NTA0_NTB0_NTC0_NTD0_NTM0_NEPBS0_NLCA1_NLCB1_ONLL1_PGR1_PLR1_PKA0_SIA1_SS1_SU32_SUM0_SUS256_SPO0_SRVW0_SSO0_SVW1_SK0_SKFTR0_SKXCCM0_TLDS1_ULSGRO0_USL1_UIOFGRO0_USFGROn1_VSn1_VWA1_VWB1_WSGRA0_WSGRB0_WS32_WG16_2_1_WGM8_WGMXCC1_WGMXCCGn1\",\"workspace_bytes\":0},\"bias_type\":\"HIP_R_16F\",\"compute_type\":\"HIPBLAS_COMPUTE_32F\",\"d_type\":\"HIP_R_16F\",\"direction\":\"NN\",\"epilogue\":\"BIAS\",\"execution_handle_count\":2,\"fresh_repeat\":1,\"heuristic_count\":32,\"heuristic_status\":0,\"k\":128,\"launches\":[{\"launch\":1,\"matmul_status\":0,\"output_memory\":{\"payload_unchanged\":false,\"prefix_guard_intact\":true,\"suffix_guard_intact\":true},\"stream_index\":0,\"synchronize_status\":0},{\"launch\":2,\"matmul_status\":0,\"output_memory\":{\"payload_unchanged\":false,\"prefix_guard_intact\":true,\"suffix_guard_intact\":true},\"stream_index\":1,\"synchronize_status\":0},{\"launch\":3,\"matmul_status\":0,\"output_memory\":{\"payload_unchanged\":false,\"prefix_guard_intact\":true,\"suffix_guard_intact\":true},\"stream_index\":0,\"synchronize_status\":0},{\"launch\":4,\"matmul_status\":0,\"output_memory\":{\"payload_unchanged\":false,\"prefix_guard_intact\":true,\"suffix_guard_intact\":true},\"stream_index\":1,\"synchronize_status\":0},{\"launch\":5,\"matmul_status\":0,\"output_memory\":{\"payload_unchanged\":false,\"prefix_guard_intact\":true,\"suffix_guard_intact\":true},\"stream_index\":0,\"synchronize_status\":0},{\"launch\":6,\"matmul_status\":0,\"output_memory\":{\"payload_unchanged\":false,\"prefix_guard_intact\":true,\"suffix_guard_intact\":true},\"stream_index\":1,\"synchronize_status\":0}],\"m\":64,\"marker\":\"TCNN_RDNA4_P3B1B_FP16_FORWARD_001\",\"n\":16,\"numerics\":{\"inf_count\":0,\"max_abs\":0.0,\"max_rel_outside_1e-3\":0.0,\"nan_count\":0,\"normalized_l2\":0.0,\"relu_mask_mismatches\":0},\"probe_state\":\"EXECUTED\",\"process_status\":\"PASS\",\"selected_candidate\":0,\"steady_state\":{\"launches\":4,\"new_descriptors\":0,\"new_handles\":0,\"new_heuristic_queries\":0,\"workspace_growth_bytes\":0},\"stream_count\":2,\"target_coverage\":{\"bias_axis_rows\":64,\"bias_sign_flip_count\":329,\"exact_zero_count\":3,\"large_finite_bias\":true,\"near_zero_count\":21},\"workspace_memory\":{\"payload_unchanged\":true,\"prefix_guard_intact\":true,\"suffix_guard_intact\":true}}\n",
      "stderr": ""
    },
    {
      "command": [
        "/tmp/tcnn_p3b1b_epi_uqmydzeb/probe_phase3b1b",
        "64",
        "16",
        "128",
        "BIAS",
        "f16",
        "2"
      ],
      "returncode": 0,
      "stdout": "{\"algorithm\":{\"index\":84828,\"kernel_name\":\"Cijk_Ailk_Bljk_HHS_BH_Bias_HA_S_SAV_UserArgs_MT16x16x32_MI16x16x1_SN_LDSB0_AFC1_AFEM1_AFEM1_ASEM1_CLR1_CADS0_DTLA0_DTLB0_DTVA0_DTVB0_EPS0_FDSI0_GRPM1_GRVWA8_GRVWB8_GSUAMB_GLS0_ISA1201_IU1_K1_LDSTI0_LBSPPA256_LBSPPB128_LBSPPM0_LPA16_LPB16_LPM0_LRVW8_LWPMn1_MIAV1_MIWT1_1_MO40_NTn1_NTA0_NTB0_NTC0_NTD0_NTM0_NEPBS0_NLCA1_NLCB1_ONLL1_PGR1_PLR1_PKA0_SIA1_SS1_SPO0_SRVW0_SSO0_SVW1_SK0_SKFTR0_SKXCCM0_TLDS1_ULSGRO0_USL1_UIOFGRO0_USFGROn1_VSn1_VWA1_VWB1_WSGRA0_WSGRB0_WS32_WG16_2_1\",\"solution_name\":\"Cijk_Ailk_Bljk_HHS_BH_Bias_HA_S_SAV_UserArgs_MT16x16x32_MI16x16x1_SN_LDSB0_AFC1_AFEM1_AFEM1_ASEM1_CLR1_CADS0_DTLA0_DTLB0_DTVA0_DTVB0_EPS0_FDSI0_GRPM1_GRVWA8_GRVWB8_GSU1_GSUAMB_GSUC0_GSUWGMRR0_GLS0_ISA1201_IU1_K1_LDSTI0_LBSPPA256_LBSPPB128_LBSPPM0_LPA16_LPB16_LPM0_LRVW8_LWPMn1_MIAV1_MIWT1_1_MO40_NTn1_NTA0_NTB0_NTC0_NTD0_NTM0_NEPBS0_NLCA1_NLCB1_ONLL1_PGR1_PLR1_PKA0_SIA1_SS1_SU32_SUM0_SUS256_SPO0_SRVW0_SSO0_SVW1_SK0_SKFTR0_SKXCCM0_TLDS1_ULSGRO0_USL1_UIOFGRO0_USFGROn1_VSn1_VWA1_VWB1_WSGRA0_WSGRB0_WS32_WG16_2_1_WGM8_WGMXCC1_WGMXCCGn1\",\"workspace_bytes\":0},\"bias_type\":\"HIP_R_16F\",\"compute_type\":\"HIPBLAS_COMPUTE_32F\",\"d_type\":\"HIP_R_16F\",\"direction\":\"NN\",\"epilogue\":\"BIAS\",\"execution_handle_count\":2,\"fresh_repeat\":2,\"heuristic_count\":32,\"heuristic_status\":0,\"k\":128,\"launches\":[{\"launch\":1,\"matmul_status\":0,\"output_memory\":{\"payload_unchanged\":false,\"prefix_guard_intact\":true,\"suffix_guard_intact\":true},\"stream_index\":0,\"synchronize_status\":0},{\"launch\":2,\"matmul_status\":0,\"output_memory\":{\"payload_unchanged\":false,\"prefix_guard_intact\":true,\"suffix_guard_intact\":true},\"stream_index\":1,\"synchronize_status\":0},{\"launch\":3,\"matmul_status\":0,\"output_memory\":{\"payload_unchanged\":false,\"prefix_guard_intact\":true,\"suffix_guard_intact\":true},\"stream_index\":0,\"synchronize_status\":0},{\"launch\":4,\"matmul_status\":0,\"output_memory\":{\"payload_unchanged\":false,\"prefix_guard_intact\":true,\"suffix_guard_intact\":true},\"stream_index\":1,\"synchronize_status\":0},{\"launch\":5,\"matmul_status\":0,\"output_memory\":{\"payload_unchanged\":false,\"prefix_guard_intact\":true,\"suffix_guard_intact\":true},\"stream_index\":0,\"synchronize_status\":0},{\"launch\":6,\"matmul_status\":0,\"output_memory\":{\"payload_unchanged\":false,\"prefix_guard_intact\":true,\"suffix_guard_intact\":true},\"stream_index\":1,\"synchronize_status\":0}],\"m\":64,\"marker\":\"TCNN_RDNA4_P3B1B_FP16_FORWARD_001\",\"n\":16,\"numerics\":{\"inf_count\":0,\"max_abs\":0.0,\"max_rel_outside_1e-3\":0.0,\"nan_count\":0,\"normalized_l2\":0.0,\"relu_mask_mismatches\":0},\"probe_state\":\"EXECUTED\",\"process_status\":\"PASS\",\"selected_candidate\":0,\"steady_state\":{\"launches\":4,\"new_descriptors\":0,\"new_handles\":0,\"new_heuristic_queries\":0,\"workspace_growth_bytes\":0},\"stream_count\":2,\"target_coverage\":{\"bias_axis_rows\":64,\"bias_sign_flip_count\":329,\"exact_zero_count\":3,\"large_finite_bias\":true,\"near_zero_count\":21},\"workspace_memory\":{\"payload_unchanged\":true,\"prefix_guard_intact\":true,\"suffix_guard_intact\":true}}\n",
      "stderr": ""
    },
    {
      "command": [
        "/tmp/tcnn_p3b1b_epi_uqmydzeb/probe_phase3b1b",
        "64",
        "16",
        "128",
        "BIAS",
        "f32",
        "1"
      ],
      "returncode": 0,
      "stdout": "{\"algorithm\":{\"index\":86505,\"kernel_name\":\"Cijk_Ailk_Bljk_HSS_BH_Bias_HA_S_SAV_UserArgs_MT16x16x32_MI16x16x1_SN_LDSB0_AFC1_AFEM1_AFEM1_ASEM1_CLR1_CADS0_DTLA0_DTLB0_DTVA0_DTVB0_EPS0_FDSI0_GRPM1_GRVWA8_GRVWB8_GSUAMB_GLS0_ISA1201_IU1_K1_LDSTI0_LBSPPA256_LBSPPB128_LBSPPM0_LPA16_LPB16_LPM0_LRVW8_LWPMn1_MIAV1_MIWT1_1_MO40_NTn1_NTA0_NTB0_NTC0_NTD0_NTM0_NEPBS0_NLCA1_NLCB1_ONLL1_PGR1_PLR1_PKA0_SIA1_SS1_SPO0_SRVW0_SSO0_SVW1_SK0_SKFTR0_SKXCCM0_TLDS1_ULSGRO0_USL1_UIOFGRO0_USFGROn1_VSn1_VWA1_VWB1_WSGRA0_WSGRB0_WS32_WG16_2_1\",\"solution_name\":\"Cijk_Ailk_Bljk_HSS_BH_Bias_HA_S_SAV_UserArgs_MT16x16x32_MI16x16x1_SN_LDSB0_AFC1_AFEM1_AFEM1_ASEM1_CLR1_CADS0_DTLA0_DTLB0_DTVA0_DTVB0_EPS0_FDSI0_GRPM1_GRVWA8_GRVWB8_GSU1_GSUAMB_GSUC0_GSUWGMRR0_GLS0_ISA1201_IU1_K1_LDSTI0_LBSPPA256_LBSPPB128_LBSPPM0_LPA16_LPB16_LPM0_LRVW8_LWPMn1_MIAV1_MIWT1_1_MO40_NTn1_NTA0_NTB0_NTC0_NTD0_NTM0_NEPBS0_NLCA1_NLCB1_ONLL1_PGR1_PLR1_PKA0_SIA1_SS1_SU32_SUM0_SUS256_SPO0_SRVW0_SSO0_SVW1_SK0_SKFTR0_SKXCCM0_TLDS1_ULSGRO0_USL1_UIOFGRO0_USFGROn1_VSn1_VWA1_VWB1_WSGRA0_WSGRB0_WS32_WG16_2_1_WGM8_WGMXCC1_WGMXCCGn1\",\"workspace_bytes\":0},\"bias_type\":\"HIP_R_16F\",\"compute_type\":\"HIPBLAS_COMPUTE_32F\",\"d_type\":\"HIP_R_32F\",\"direction\":\"NN\",\"epilogue\":\"BIAS\",\"execution_handle_count\":2,\"fresh_repeat\":1,\"heuristic_count\":32,\"heuristic_status\":0,\"k\":128,\"launches\":[{\"launch\":1,\"matmul_status\":0,\"output_memory\":{\"payload_unchanged\":false,\"prefix_guard_intact\":true,\"suffix_guard_intact\":true},\"stream_index\":0,\"synchronize_status\":0},{\"launch\":2,\"matmul_status\":0,\"output_memory\":{\"payload_unchanged\":false,\"prefix_guard_intact\":true,\"suffix_guard_intact\":true},\"stream_index\":1,\"synchronize_status\":0},{\"launch\":3,\"matmul_status\":0,\"output_memory\":{\"payload_unchanged\":false,\"prefix_guard_intact\":true,\"suffix_guard_intact\":true},\"stream_index\":0,\"synchronize_status\":0},{\"launch\":4,\"matmul_status\":0,\"output_memory\":{\"payload_unchanged\":false,\"prefix_guard_intact\":true,\"suffix_guard_intact\":true},\"stream_index\":1,\"synchronize_status\":0},{\"launch\":5,\"matmul_status\":0,\"output_memory\":{\"payload_unchanged\":false,\"prefix_guard_intact\":true,\"suffix_guard_intact\":true},\"stream_index\":0,\"synchronize_status\":0},{\"launch\":6,\"matmul_status\":0,\"output_memory\":{\"payload_unchanged\":false,\"prefix_guard_intact\":true,\"suffix_guard_intact\":true},\"stream_index\":1,\"synchronize_status\":0}],\"m\":64,\"marker\":\"TCNN_RDNA4_P3B1B_FP16_FORWARD_001\",\"n\":16,\"numerics\":{\"inf_count\":0,\"max_abs\":0.0,\"max_rel_outside_1e-3\":0.0,\"nan_count\":0,\"normalized_l2\":0.0,\"relu_mask_mismatches\":0},\"probe_state\":\"EXECUTED\",\"process_status\":\"PASS\",\"selected_candidate\":0,\"steady_state\":{\"launches\":4,\"new_descriptors\":0,\"new_handles\":0,\"new_heuristic_queries\":0,\"workspace_growth_bytes\":0},\"stream_count\":2,\"target_coverage\":{\"bias_axis_rows\":64,\"bias_sign_flip_count\":329,\"exact_zero_count\":3,\"large_finite_bias\":true,\"near_zero_count\":21},\"workspace_memory\":{\"payload_unchanged\":true,\"prefix_guard_intact\":true,\"suffix_guard_intact\":true}}\n",
      "stderr": ""
    },
    {
      "command": [
        "/tmp/tcnn_p3b1b_epi_uqmydzeb/probe_phase3b1b",
        "64",
        "16",
        "128",
        "BIAS",
        "f32",
        "2"
      ],
      "returncode": 0,
      "stdout": "{\"algorithm\":{\"index\":86505,\"kernel_name\":\"Cijk_Ailk_Bljk_HSS_BH_Bias_HA_S_SAV_UserArgs_MT16x16x32_MI16x16x1_SN_LDSB0_AFC1_AFEM1_AFEM1_ASEM1_CLR1_CADS0_DTLA0_DTLB0_DTVA0_DTVB0_EPS0_FDSI0_GRPM1_GRVWA8_GRVWB8_GSUAMB_GLS0_ISA1201_IU1_K1_LDSTI0_LBSPPA256_LBSPPB128_LBSPPM0_LPA16_LPB16_LPM0_LRVW8_LWPMn1_MIAV1_MIWT1_1_MO40_NTn1_NTA0_NTB0_NTC0_NTD0_NTM0_NEPBS0_NLCA1_NLCB1_ONLL1_PGR1_PLR1_PKA0_SIA1_SS1_SPO0_SRVW0_SSO0_SVW1_SK0_SKFTR0_SKXCCM0_TLDS1_ULSGRO0_USL1_UIOFGRO0_USFGROn1_VSn1_VWA1_VWB1_WSGRA0_WSGRB0_WS32_WG16_2_1\",\"solution_name\":\"Cijk_Ailk_Bljk_HSS_BH_Bias_HA_S_SAV_UserArgs_MT16x16x32_MI16x16x1_SN_LDSB0_AFC1_AFEM1_AFEM1_ASEM1_CLR1_CADS0_DTLA0_DTLB0_DTVA0_DTVB0_EPS0_FDSI0_GRPM1_GRVWA8_GRVWB8_GSU1_GSUAMB_GSUC0_GSUWGMRR0_GLS0_ISA1201_IU1_K1_LDSTI0_LBSPPA256_LBSPPB128_LBSPPM0_LPA16_LPB16_LPM0_LRVW8_LWPMn1_MIAV1_MIWT1_1_MO40_NTn1_NTA0_NTB0_NTC0_NTD0_NTM0_NEPBS0_NLCA1_NLCB1_ONLL1_PGR1_PLR1_PKA0_SIA1_SS1_SU32_SUM0_SUS256_SPO0_SRVW0_SSO0_SVW1_SK0_SKFTR0_SKXCCM0_TLDS1_ULSGRO0_USL1_UIOFGRO0_USFGROn1_VSn1_VWA1_VWB1_WSGRA0_WSGRB0_WS32_WG16_2_1_WGM8_WGMXCC1_WGMXCCGn1\",\"workspace_bytes\":0},\"bias_type\":\"HIP_R_16F\",\"compute_type\":\"HIPBLAS_COMPUTE_32F\",\"d_type\":\"HIP_R_32F\",\"direction\":\"NN\",\"epilogue\":\"BIAS\",\"execution_handle_count\":2,\"fresh_repeat\":2,\"heuristic_count\":32,\"heuristic_status\":0,\"k\":128,\"launches\":[{\"launch\":1,\"matmul_status\":0,\"output_memory\":{\"payload_unchanged\":false,\"prefix_guard_intact\":true,\"suffix_guard_intact\":true},\"stream_index\":0,\"synchronize_status\":0},{\"launch\":2,\"matmul_status\":0,\"output_memory\":{\"payload_unchanged\":false,\"prefix_guard_intact\":true,\"suffix_guard_intact\":true},\"stream_index\":1,\"synchronize_status\":0},{\"launch\":3,\"matmul_status\":0,\"output_memory\":{\"payload_unchanged\":false,\"prefix_guard_intact\":true,\"suffix_guard_intact\":true},\"stream_index\":0,\"synchronize_status\":0},{\"launch\":4,\"matmul_status\":0,\"output_memory\":{\"payload_unchanged\":false,\"prefix_guard_intact\":true,\"suffix_guard_intact\":true},\"stream_index\":1,\"synchronize_status\":0},{\"launch\":5,\"matmul_status\":0,\"output_memory\":{\"payload_unchanged\":false,\"prefix_guard_intact\":true,\"suffix_guard_intact\":true},\"stream_index\":0,\"synchronize_status\":0},{\"launch\":6,\"matmul_status\":0,\"output_memory\":{\"payload_unchanged\":false,\"prefix_guard_intact\":true,\"suffix_guard_intact\":true},\"stream_index\":1,\"synchronize_status\":0}],\"m\":64,\"marker\":\"TCNN_RDNA4_P3B1B_FP16_FORWARD_001\",\"n\":16,\"numerics\":{\"inf_count\":0,\"max_abs\":0.0,\"max_rel_outside_1e-3\":0.0,\"nan_count\":0,\"normalized_l2\":0.0,\"relu_mask_mismatches\":0},\"probe_state\":\"EXECUTED\",\"process_status\":\"PASS\",\"selected_candidate\":0,\"steady_state\":{\"launches\":4,\"new_descriptors\":0,\"new_handles\":0,\"new_heuristic_queries\":0,\"workspace_growth_bytes\":0},\"stream_count\":2,\"target_coverage\":{\"bias_axis_rows\":64,\"bias_sign_flip_count\":329,\"exact_zero_count\":3,\"large_finite_bias\":true,\"near_zero_count\":21},\"workspace_memory\":{\"payload_unchanged\":true,\"prefix_guard_intact\":true,\"suffix_guard_intact\":true}}\n",
      "stderr": ""
    },
    {
      "command": [
        "/tmp/tcnn_p3b1b_epi_uqmydzeb/probe_phase3b1b",
        "64",
        "16",
        "128",
        "RELU_BIAS",
        "f16",
        "1"
      ],
      "returncode": 0,
      "stdout": "{\"algorithm\":{\"index\":84828,\"kernel_name\":\"Cijk_Ailk_Bljk_HHS_BH_Bias_HA_S_SAV_UserArgs_MT16x16x32_MI16x16x1_SN_LDSB0_AFC1_AFEM1_AFEM1_ASEM1_CLR1_CADS0_DTLA0_DTLB0_DTVA0_DTVB0_EPS0_FDSI0_GRPM1_GRVWA8_GRVWB8_GSUAMB_GLS0_ISA1201_IU1_K1_LDSTI0_LBSPPA256_LBSPPB128_LBSPPM0_LPA16_LPB16_LPM0_LRVW8_LWPMn1_MIAV1_MIWT1_1_MO40_NTn1_NTA0_NTB0_NTC0_NTD0_NTM0_NEPBS0_NLCA1_NLCB1_ONLL1_PGR1_PLR1_PKA0_SIA1_SS1_SPO0_SRVW0_SSO0_SVW1_SK0_SKFTR0_SKXCCM0_TLDS1_ULSGRO0_USL1_UIOFGRO0_USFGROn1_VSn1_VWA1_VWB1_WSGRA0_WSGRB0_WS32_WG16_2_1\",\"solution_name\":\"Cijk_Ailk_Bljk_HHS_BH_Bias_HA_S_SAV_UserArgs_MT16x16x32_MI16x16x1_SN_LDSB0_AFC1_AFEM1_AFEM1_ASEM1_CLR1_CADS0_DTLA0_DTLB0_DTVA0_DTVB0_EPS0_FDSI0_GRPM1_GRVWA8_GRVWB8_GSU1_GSUAMB_GSUC0_GSUWGMRR0_GLS0_ISA1201_IU1_K1_LDSTI0_LBSPPA256_LBSPPB128_LBSPPM0_LPA16_LPB16_LPM0_LRVW8_LWPMn1_MIAV1_MIWT1_1_MO40_NTn1_NTA0_NTB0_NTC0_NTD0_NTM0_NEPBS0_NLCA1_NLCB1_ONLL1_PGR1_PLR1_PKA0_SIA1_SS1_SU32_SUM0_SUS256_SPO0_SRVW0_SSO0_SVW1_SK0_SKFTR0_SKXCCM0_TLDS1_ULSGRO0_USL1_UIOFGRO0_USFGROn1_VSn1_VWA1_VWB1_WSGRA0_WSGRB0_WS32_WG16_2_1_WGM8_WGMXCC1_WGMXCCGn1\",\"workspace_bytes\":0},\"bias_type\":\"HIP_R_16F\",\"compute_type\":\"HIPBLAS_COMPUTE_32F\",\"d_type\":\"HIP_R_16F\",\"direction\":\"NN\",\"epilogue\":\"RELU_BIAS\",\"execution_handle_count\":2,\"fresh_repeat\":1,\"heuristic_count\":32,\"heuristic_status\":0,\"k\":128,\"launches\":[{\"launch\":1,\"matmul_status\":0,\"output_memory\":{\"payload_unchanged\":false,\"prefix_guard_intact\":true,\"suffix_guard_intact\":true},\"stream_index\":0,\"synchronize_status\":0},{\"launch\":2,\"matmul_status\":0,\"output_memory\":{\"payload_unchanged\":false,\"prefix_guard_intact\":true,\"suffix_guard_intact\":true},\"stream_index\":1,\"synchronize_status\":0},{\"launch\":3,\"matmul_status\":0,\"output_memory\":{\"payload_unchanged\":false,\"prefix_guard_intact\":true,\"suffix_guard_intact\":true},\"stream_index\":0,\"synchronize_status\":0},{\"launch\":4,\"matmul_status\":0,\"output_memory\":{\"payload_unchanged\":false,\"prefix_guard_intact\":true,\"suffix_guard_intact\":true},\"stream_index\":1,\"synchronize_status\":0},{\"launch\":5,\"matmul_status\":0,\"output_memory\":{\"payload_unchanged\":false,\"prefix_guard_intact\":true,\"suffix_guard_intact\":true},\"stream_index\":0,\"synchronize_status\":0},{\"launch\":6,\"matmul_status\":0,\"output_memory\":{\"payload_unchanged\":false,\"prefix_guard_intact\":true,\"suffix_guard_intact\":true},\"stream_index\":1,\"synchronize_status\":0}],\"m\":64,\"marker\":\"TCNN_RDNA4_P3B1B_FP16_FORWARD_001\",\"n\":16,\"numerics\":{\"inf_count\":0,\"max_abs\":0.0,\"max_rel_outside_1e-3\":0.0,\"nan_count\":0,\"normalized_l2\":0.0,\"relu_mask_mismatches\":0},\"probe_state\":\"EXECUTED\",\"process_status\":\"PASS\",\"selected_candidate\":0,\"steady_state\":{\"launches\":4,\"new_descriptors\":0,\"new_handles\":0,\"new_heuristic_queries\":0,\"workspace_growth_bytes\":0},\"stream_count\":2,\"target_coverage\":{\"bias_axis_rows\":64,\"bias_sign_flip_count\":329,\"exact_zero_count\":516,\"large_finite_bias\":true,\"near_zero_count\":524},\"workspace_memory\":{\"payload_unchanged\":true,\"prefix_guard_intact\":true,\"suffix_guard_intact\":true}}\n",
      "stderr": ""
    },
    {
      "command": [
        "/tmp/tcnn_p3b1b_epi_uqmydzeb/probe_phase3b1b",
        "64",
        "16",
        "128",
        "RELU_BIAS",
        "f16",
        "2"
      ],
      "returncode": 0,
      "stdout": "{\"algorithm\":{\"index\":84828,\"kernel_name\":\"Cijk_Ailk_Bljk_HHS_BH_Bias_HA_S_SAV_UserArgs_MT16x16x32_MI16x16x1_SN_LDSB0_AFC1_AFEM1_AFEM1_ASEM1_CLR1_CADS0_DTLA0_DTLB0_DTVA0_DTVB0_EPS0_FDSI0_GRPM1_GRVWA8_GRVWB8_GSUAMB_GLS0_ISA1201_IU1_K1_LDSTI0_LBSPPA256_LBSPPB128_LBSPPM0_LPA16_LPB16_LPM0_LRVW8_LWPMn1_MIAV1_MIWT1_1_MO40_NTn1_NTA0_NTB0_NTC0_NTD0_NTM0_NEPBS0_NLCA1_NLCB1_ONLL1_PGR1_PLR1_PKA0_SIA1_SS1_SPO0_SRVW0_SSO0_SVW1_SK0_SKFTR0_SKXCCM0_TLDS1_ULSGRO0_USL1_UIOFGRO0_USFGROn1_VSn1_VWA1_VWB1_WSGRA0_WSGRB0_WS32_WG16_2_1\",\"solution_name\":\"Cijk_Ailk_Bljk_HHS_BH_Bias_HA_S_SAV_UserArgs_MT16x16x32_MI16x16x1_SN_LDSB0_AFC1_AFEM1_AFEM1_ASEM1_CLR1_CADS0_DTLA0_DTLB0_DTVA0_DTVB0_EPS0_FDSI0_GRPM1_GRVWA8_GRVWB8_GSU1_GSUAMB_GSUC0_GSUWGMRR0_GLS0_ISA1201_IU1_K1_LDSTI0_LBSPPA256_LBSPPB128_LBSPPM0_LPA16_LPB16_LPM0_LRVW8_LWPMn1_MIAV1_MIWT1_1_MO40_NTn1_NTA0_NTB0_NTC0_NTD0_NTM0_NEPBS0_NLCA1_NLCB1_ONLL1_PGR1_PLR1_PKA0_SIA1_SS1_SU32_SUM0_SUS256_SPO0_SRVW0_SSO0_SVW1_SK0_SKFTR0_SKXCCM0_TLDS1_ULSGRO0_USL1_UIOFGRO0_USFGROn1_VSn1_VWA1_VWB1_WSGRA0_WSGRB0_WS32_WG16_2_1_WGM8_WGMXCC1_WGMXCCGn1\",\"workspace_bytes\":0},\"bias_type\":\"HIP_R_16F\",\"compute_type\":\"HIPBLAS_COMPUTE_32F\",\"d_type\":\"HIP_R_16F\",\"direction\":\"NN\",\"epilogue\":\"RELU_BIAS\",\"execution_handle_count\":2,\"fresh_repeat\":2,\"heuristic_count\":32,\"heuristic_status\":0,\"k\":128,\"launches\":[{\"launch\":1,\"matmul_status\":0,\"output_memory\":{\"payload_unchanged\":false,\"prefix_guard_intact\":true,\"suffix_guard_intact\":true},\"stream_index\":0,\"synchronize_status\":0},{\"launch\":2,\"matmul_status\":0,\"output_memory\":{\"payload_unchanged\":false,\"prefix_guard_intact\":true,\"suffix_guard_intact\":true},\"stream_index\":1,\"synchronize_status\":0},{\"launch\":3,\"matmul_status\":0,\"output_memory\":{\"payload_unchanged\":false,\"prefix_guard_intact\":true,\"suffix_guard_intact\":true},\"stream_index\":0,\"synchronize_status\":0},{\"launch\":4,\"matmul_status\":0,\"output_memory\":{\"payload_unchanged\":false,\"prefix_guard_intact\":true,\"suffix_guard_intact\":true},\"stream_index\":1,\"synchronize_status\":0},{\"launch\":5,\"matmul_status\":0,\"output_memory\":{\"payload_unchanged\":false,\"prefix_guard_intact\":true,\"suffix_guard_intact\":true},\"stream_index\":0,\"synchronize_status\":0},{\"launch\":6,\"matmul_status\":0,\"output_memory\":{\"payload_unchanged\":false,\"prefix_guard_intact\":true,\"suffix_guard_intact\":true},\"stream_index\":1,\"synchronize_status\":0}],\"m\":64,\"marker\":\"TCNN_RDNA4_P3B1B_FP16_FORWARD_001\",\"n\":16,\"numerics\":{\"inf_count\":0,\"max_abs\":0.0,\"max_rel_outside_1e-3\":0.0,\"nan_count\":0,\"normalized_l2\":0.0,\"relu_mask_mismatches\":0},\"probe_state\":\"EXECUTED\",\"process_status\":\"PASS\",\"selected_candidate\":0,\"steady_state\":{\"launches\":4,\"new_descriptors\":0,\"new_handles\":0,\"new_heuristic_queries\":0,\"workspace_growth_bytes\":0},\"stream_count\":2,\"target_coverage\":{\"bias_axis_rows\":64,\"bias_sign_flip_count\":329,\"exact_zero_count\":516,\"large_finite_bias\":true,\"near_zero_count\":524},\"workspace_memory\":{\"payload_unchanged\":true,\"prefix_guard_intact\":true,\"suffix_guard_intact\":true}}\n",
      "stderr": ""
    },
    {
      "command": [
        "/tmp/tcnn_p3b1b_epi_uqmydzeb/probe_phase3b1b",
        "64",
        "16",
        "128",
        "RELU_BIAS",
        "f32",
        "1"
      ],
      "returncode": 0,
      "stdout": "{\"algorithm\":{\"index\":86505,\"kernel_name\":\"Cijk_Ailk_Bljk_HSS_BH_Bias_HA_S_SAV_UserArgs_MT16x16x32_MI16x16x1_SN_LDSB0_AFC1_AFEM1_AFEM1_ASEM1_CLR1_CADS0_DTLA0_DTLB0_DTVA0_DTVB0_EPS0_FDSI0_GRPM1_GRVWA8_GRVWB8_GSUAMB_GLS0_ISA1201_IU1_K1_LDSTI0_LBSPPA256_LBSPPB128_LBSPPM0_LPA16_LPB16_LPM0_LRVW8_LWPMn1_MIAV1_MIWT1_1_MO40_NTn1_NTA0_NTB0_NTC0_NTD0_NTM0_NEPBS0_NLCA1_NLCB1_ONLL1_PGR1_PLR1_PKA0_SIA1_SS1_SPO0_SRVW0_SSO0_SVW1_SK0_SKFTR0_SKXCCM0_TLDS1_ULSGRO0_USL1_UIOFGRO0_USFGROn1_VSn1_VWA1_VWB1_WSGRA0_WSGRB0_WS32_WG16_2_1\",\"solution_name\":\"Cijk_Ailk_Bljk_HSS_BH_Bias_HA_S_SAV_UserArgs_MT16x16x32_MI16x16x1_SN_LDSB0_AFC1_AFEM1_AFEM1_ASEM1_CLR1_CADS0_DTLA0_DTLB0_DTVA0_DTVB0_EPS0_FDSI0_GRPM1_GRVWA8_GRVWB8_GSU1_GSUAMB_GSUC0_GSUWGMRR0_GLS0_ISA1201_IU1_K1_LDSTI0_LBSPPA256_LBSPPB128_LBSPPM0_LPA16_LPB16_LPM0_LRVW8_LWPMn1_MIAV1_MIWT1_1_MO40_NTn1_NTA0_NTB0_NTC0_NTD0_NTM0_NEPBS0_NLCA1_NLCB1_ONLL1_PGR1_PLR1_PKA0_SIA1_SS1_SU32_SUM0_SUS256_SPO0_SRVW0_SSO0_SVW1_SK0_SKFTR0_SKXCCM0_TLDS1_ULSGRO0_USL1_UIOFGRO0_USFGROn1_VSn1_VWA1_VWB1_WSGRA0_WSGRB0_WS32_WG16_2_1_WGM8_WGMXCC1_WGMXCCGn1\",\"workspace_bytes\":0},\"bias_type\":\"HIP_R_16F\",\"compute_type\":\"HIPBLAS_COMPUTE_32F\",\"d_type\":\"HIP_R_32F\",\"direction\":\"NN\",\"epilogue\":\"RELU_BIAS\",\"execution_handle_count\":2,\"fresh_repeat\":1,\"heuristic_count\":32,\"heuristic_status\":0,\"k\":128,\"launches\":[{\"launch\":1,\"matmul_status\":0,\"output_memory\":{\"payload_unchanged\":false,\"prefix_guard_intact\":true,\"suffix_guard_intact\":true},\"stream_index\":0,\"synchronize_status\":0},{\"launch\":2,\"matmul_status\":0,\"output_memory\":{\"payload_unchanged\":false,\"prefix_guard_intact\":true,\"suffix_guard_intact\":true},\"stream_index\":1,\"synchronize_status\":0},{\"launch\":3,\"matmul_status\":0,\"output_memory\":{\"payload_unchanged\":false,\"prefix_guard_intact\":true,\"suffix_guard_intact\":true},\"stream_index\":0,\"synchronize_status\":0},{\"launch\":4,\"matmul_status\":0,\"output_memory\":{\"payload_unchanged\":false,\"prefix_guard_intact\":true,\"suffix_guard_intact\":true},\"stream_index\":1,\"synchronize_status\":0},{\"launch\":5,\"matmul_status\":0,\"output_memory\":{\"payload_unchanged\":false,\"prefix_guard_intact\":true,\"suffix_guard_intact\":true},\"stream_index\":0,\"synchronize_status\":0},{\"launch\":6,\"matmul_status\":0,\"output_memory\":{\"payload_unchanged\":false,\"prefix_guard_intact\":true,\"suffix_guard_intact\":true},\"stream_index\":1,\"synchronize_status\":0}],\"m\":64,\"marker\":\"TCNN_RDNA4_P3B1B_FP16_FORWARD_001\",\"n\":16,\"numerics\":{\"inf_count\":0,\"max_abs\":0.0,\"max_rel_outside_1e-3\":0.0,\"nan_count\":0,\"normalized_l2\":0.0,\"relu_mask_mismatches\":0},\"probe_state\":\"EXECUTED\",\"process_status\":\"PASS\",\"selected_candidate\":0,\"steady_state\":{\"launches\":4,\"new_descriptors\":0,\"new_handles\":0,\"new_heuristic_queries\":0,\"workspace_growth_bytes\":0},\"stream_count\":2,\"target_coverage\":{\"bias_axis_rows\":64,\"bias_sign_flip_count\":329,\"exact_zero_count\":516,\"large_finite_bias\":true,\"near_zero_count\":524},\"workspace_memory\":{\"payload_unchanged\":true,\"prefix_guard_intact\":true,\"suffix_guard_intact\":true}}\n",
      "stderr": ""
    },
    {
      "command": [
        "/tmp/tcnn_p3b1b_epi_uqmydzeb/probe_phase3b1b",
        "64",
        "16",
        "128",
        "RELU_BIAS",
        "f32",
        "2"
      ],
      "returncode": 0,
      "stdout": "{\"algorithm\":{\"index\":86505,\"kernel_name\":\"Cijk_Ailk_Bljk_HSS_BH_Bias_HA_S_SAV_UserArgs_MT16x16x32_MI16x16x1_SN_LDSB0_AFC1_AFEM1_AFEM1_ASEM1_CLR1_CADS0_DTLA0_DTLB0_DTVA0_DTVB0_EPS0_FDSI0_GRPM1_GRVWA8_GRVWB8_GSUAMB_GLS0_ISA1201_IU1_K1_LDSTI0_LBSPPA256_LBSPPB128_LBSPPM0_LPA16_LPB16_LPM0_LRVW8_LWPMn1_MIAV1_MIWT1_1_MO40_NTn1_NTA0_NTB0_NTC0_NTD0_NTM0_NEPBS0_NLCA1_NLCB1_ONLL1_PGR1_PLR1_PKA0_SIA1_SS1_SPO0_SRVW0_SSO0_SVW1_SK0_SKFTR0_SKXCCM0_TLDS1_ULSGRO0_USL1_UIOFGRO0_USFGROn1_VSn1_VWA1_VWB1_WSGRA0_WSGRB0_WS32_WG16_2_1\",\"solution_name\":\"Cijk_Ailk_Bljk_HSS_BH_Bias_HA_S_SAV_UserArgs_MT16x16x32_MI16x16x1_SN_LDSB0_AFC1_AFEM1_AFEM1_ASEM1_CLR1_CADS0_DTLA0_DTLB0_DTVA0_DTVB0_EPS0_FDSI0_GRPM1_GRVWA8_GRVWB8_GSU1_GSUAMB_GSUC0_GSUWGMRR0_GLS0_ISA1201_IU1_K1_LDSTI0_LBSPPA256_LBSPPB128_LBSPPM0_LPA16_LPB16_LPM0_LRVW8_LWPMn1_MIAV1_MIWT1_1_MO40_NTn1_NTA0_NTB0_NTC0_NTD0_NTM0_NEPBS0_NLCA1_NLCB1_ONLL1_PGR1_PLR1_PKA0_SIA1_SS1_SU32_SUM0_SUS256_SPO0_SRVW0_SSO0_SVW1_SK0_SKFTR0_SKXCCM0_TLDS1_ULSGRO0_USL1_UIOFGRO0_USFGROn1_VSn1_VWA1_VWB1_WSGRA0_WSGRB0_WS32_WG16_2_1_WGM8_WGMXCC1_WGMXCCGn1\",\"workspace_bytes\":0},\"bias_type\":\"HIP_R_16F\",\"compute_type\":\"HIPBLAS_COMPUTE_32F\",\"d_type\":\"HIP_R_32F\",\"direction\":\"NN\",\"epilogue\":\"RELU_BIAS\",\"execution_handle_count\":2,\"fresh_repeat\":2,\"heuristic_count\":32,\"heuristic_status\":0,\"k\":128,\"launches\":[{\"launch\":1,\"matmul_status\":0,\"output_memory\":{\"payload_unchanged\":false,\"prefix_guard_intact\":true,\"suffix_guard_intact\":true},\"stream_index\":0,\"synchronize_status\":0},{\"launch\":2,\"matmul_status\":0,\"output_memory\":{\"payload_unchanged\":false,\"prefix_guard_intact\":true,\"suffix_guard_intact\":true},\"stream_index\":1,\"synchronize_status\":0},{\"launch\":3,\"matmul_status\":0,\"output_memory\":{\"payload_unchanged\":false,\"prefix_guard_intact\":true,\"suffix_guard_intact\":true},\"stream_index\":0,\"synchronize_status\":0},{\"launch\":4,\"matmul_status\":0,\"output_memory\":{\"payload_unchanged\":false,\"prefix_guard_intact\":true,\"suffix_guard_intact\":true},\"stream_index\":1,\"synchronize_status\":0},{\"launch\":5,\"matmul_status\":0,\"output_memory\":{\"payload_unchanged\":false,\"prefix_guard_intact\":true,\"suffix_guard_intact\":true},\"stream_index\":0,\"synchronize_status\":0},{\"launch\":6,\"matmul_status\":0,\"output_memory\":{\"payload_unchanged\":false,\"prefix_guard_intact\":true,\"suffix_guard_intact\":true},\"stream_index\":1,\"synchronize_status\":0}],\"m\":64,\"marker\":\"TCNN_RDNA4_P3B1B_FP16_FORWARD_001\",\"n\":16,\"numerics\":{\"inf_count\":0,\"max_abs\":0.0,\"max_rel_outside_1e-3\":0.0,\"nan_count\":0,\"normalized_l2\":0.0,\"relu_mask_mismatches\":0},\"probe_state\":\"EXECUTED\",\"process_status\":\"PASS\",\"selected_candidate\":0,\"steady_state\":{\"launches\":4,\"new_descriptors\":0,\"new_handles\":0,\"new_heuristic_queries\":0,\"workspace_growth_bytes\":0},\"stream_count\":2,\"target_coverage\":{\"bias_axis_rows\":64,\"bias_sign_flip_count\":329,\"exact_zero_count\":516,\"large_finite_bias\":true,\"near_zero_count\":524},\"workspace_memory\":{\"payload_unchanged\":true,\"prefix_guard_intact\":true,\"suffix_guard_intact\":true}}\n",
      "stderr": ""
    },
    {
      "command": [
        "/tmp/tcnn_p3b1b_epi_uqmydzeb/probe_phase3b1b",
        "128",
        "16",
        "16",
        "BIAS",
        "f16",
        "1"
      ],
      "returncode": 0,
      "stdout": "{\"algorithm\":{\"index\":84826,\"kernel_name\":\"Cijk_Ailk_Bljk_HHS_BH_Bias_HA_S_SAV_UserArgs_MT16x16x32_MI16x16x1_SN_LDSB0_AFC1_AFEM1_AFEM1_ASEM1_CLR1_CADS0_DTLA0_DTLB0_DTVA0_DTVB0_EPS0_FDSI0_GRPM1_GRVWA8_GRVWB8_GSUAMB_GLS0_ISA1201_IU1_K1_LDSTI0_LBSPPA128_LBSPPB128_LBSPPM0_LPA16_LPB16_LPM0_LRVW8_LWPMn1_MIAV1_MIWT1_1_MO40_NTn1_NTA0_NTB0_NTC0_NTD0_NTM0_NEPBS0_NLCA1_NLCB1_ONLL1_PGR2_PLR0_PKA0_SIA1_SS0_SPO0_SRVW0_SSO0_SVW8_SK0_SKFTR0_SKXCCM0_TLDS2_ULSGRO0_USL1_UIOFGRO0_USFGROn1_VSn1_VWA1_VWB1_WSGRA0_WSGRB0_WS32_WG16_2_1\",\"solution_name\":\"Cijk_Ailk_Bljk_HHS_BH_Bias_HA_S_SAV_UserArgs_MT16x16x32_MI16x16x1_SN_LDSB0_AFC1_AFEM1_AFEM1_ASEM1_CLR1_CADS0_DTLA0_DTLB0_DTVA0_DTVB0_EPS0_FDSI0_GRPM1_GRVWA8_GRVWB8_GSU1_GSUAMB_GSUC0_GSUWGMRR0_GLS0_ISA1201_IU1_K1_LDSTI0_LBSPPA128_LBSPPB128_LBSPPM0_LPA16_LPB16_LPM0_LRVW8_LWPMn1_MIAV1_MIWT1_1_MO40_NTn1_NTA0_NTB0_NTC0_NTD0_NTM0_NEPBS0_NLCA1_NLCB1_ONLL1_PGR2_PLR0_PKA0_SIA1_SS0_SU32_SUM0_SUS256_SPO0_SRVW0_SSO0_SVW8_SK0_SKFTR0_SKXCCM0_TLDS2_ULSGRO0_USL1_UIOFGRO0_USFGROn1_VSn1_VWA1_VWB1_WSGRA0_WSGRB0_WS32_WG16_2_1_WGM8_WGMXCC1_WGMXCCGn1\",\"workspace_bytes\":0},\"bias_type\":\"HIP_R_16F\",\"compute_type\":\"HIPBLAS_COMPUTE_32F\",\"d_type\":\"HIP_R_16F\",\"direction\":\"NN\",\"epilogue\":\"BIAS\",\"execution_handle_count\":2,\"fresh_repeat\":1,\"heuristic_count\":32,\"heuristic_status\":0,\"k\":16,\"launches\":[{\"launch\":1,\"matmul_status\":0,\"output_memory\":{\"payload_unchanged\":false,\"prefix_guard_intact\":true,\"suffix_guard_intact\":true},\"stream_index\":0,\"synchronize_status\":0},{\"launch\":2,\"matmul_status\":0,\"output_memory\":{\"payload_unchanged\":false,\"prefix_guard_intact\":true,\"suffix_guard_intact\":true},\"stream_index\":1,\"synchronize_status\":0},{\"launch\":3,\"matmul_status\":0,\"output_memory\":{\"payload_unchanged\":false,\"prefix_guard_intact\":true,\"suffix_guard_intact\":true},\"stream_index\":0,\"synchronize_status\":0},{\"launch\":4,\"matmul_status\":0,\"output_memory\":{\"payload_unchanged\":false,\"prefix_guard_intact\":true,\"suffix_guard_intact\":true},\"stream_index\":1,\"synchronize_status\":0},{\"launch\":5,\"matmul_status\":0,\"output_memory\":{\"payload_unchanged\":false,\"prefix_guard_intact\":true,\"suffix_guard_intact\":true},\"stream_index\":0,\"synchronize_status\":0},{\"launch\":6,\"matmul_status\":0,\"output_memory\":{\"payload_unchanged\":false,\"prefix_guard_intact\":true,\"suffix_guard_intact\":true},\"stream_index\":1,\"synchronize_status\":0}],\"m\":128,\"marker\":\"TCNN_RDNA4_P3B1B_FP16_FORWARD_001\",\"n\":16,\"numerics\":{\"inf_count\":0,\"max_abs\":0.0,\"max_rel_outside_1e-3\":0.0,\"nan_count\":0,\"normalized_l2\":0.0,\"relu_mask_mismatches\":0},\"probe_state\":\"EXECUTED\",\"process_status\":\"PASS\",\"selected_candidate\":0,\"steady_state\":{\"launches\":4,\"new_descriptors\":0,\"new_handles\":0,\"new_heuristic_queries\":0,\"workspace_growth_bytes\":0},\"stream_count\":2,\"target_coverage\":{\"bias_axis_rows\":128,\"bias_sign_flip_count\":837,\"exact_zero_count\":12,\"large_finite_bias\":true,\"near_zero_count\":49},\"workspace_memory\":{\"payload_unchanged\":true,\"prefix_guard_intact\":true,\"suffix_guard_intact\":true}}\n",
      "stderr": ""
    },
    {
      "command": [
        "/tmp/tcnn_p3b1b_epi_uqmydzeb/probe_phase3b1b",
        "128",
        "16",
        "16",
        "BIAS",
        "f16",
        "2"
      ],
      "returncode": 0,
      "stdout": "{\"algorithm\":{\"index\":84826,\"kernel_name\":\"Cijk_Ailk_Bljk_HHS_BH_Bias_HA_S_SAV_UserArgs_MT16x16x32_MI16x16x1_SN_LDSB0_AFC1_AFEM1_AFEM1_ASEM1_CLR1_CADS0_DTLA0_DTLB0_DTVA0_DTVB0_EPS0_FDSI0_GRPM1_GRVWA8_GRVWB8_GSUAMB_GLS0_ISA1201_IU1_K1_LDSTI0_LBSPPA128_LBSPPB128_LBSPPM0_LPA16_LPB16_LPM0_LRVW8_LWPMn1_MIAV1_MIWT1_1_MO40_NTn1_NTA0_NTB0_NTC0_NTD0_NTM0_NEPBS0_NLCA1_NLCB1_ONLL1_PGR2_PLR0_PKA0_SIA1_SS0_SPO0_SRVW0_SSO0_SVW8_SK0_SKFTR0_SKXCCM0_TLDS2_ULSGRO0_USL1_UIOFGRO0_USFGROn1_VSn1_VWA1_VWB1_WSGRA0_WSGRB0_WS32_WG16_2_1\",\"solution_name\":\"Cijk_Ailk_Bljk_HHS_BH_Bias_HA_S_SAV_UserArgs_MT16x16x32_MI16x16x1_SN_LDSB0_AFC1_AFEM1_AFEM1_ASEM1_CLR1_CADS0_DTLA0_DTLB0_DTVA0_DTVB0_EPS0_FDSI0_GRPM1_GRVWA8_GRVWB8_GSU1_GSUAMB_GSUC0_GSUWGMRR0_GLS0_ISA1201_IU1_K1_LDSTI0_LBSPPA128_LBSPPB128_LBSPPM0_LPA16_LPB16_LPM0_LRVW8_LWPMn1_MIAV1_MIWT1_1_MO40_NTn1_NTA0_NTB0_NTC0_NTD0_NTM0_NEPBS0_NLCA1_NLCB1_ONLL1_PGR2_PLR0_PKA0_SIA1_SS0_SU32_SUM0_SUS256_SPO0_SRVW0_SSO0_SVW8_SK0_SKFTR0_SKXCCM0_TLDS2_ULSGRO0_USL1_UIOFGRO0_USFGROn1_VSn1_VWA1_VWB1_WSGRA0_WSGRB0_WS32_WG16_2_1_WGM8_WGMXCC1_WGMXCCGn1\",\"workspace_bytes\":0},\"bias_type\":\"HIP_R_16F\",\"compute_type\":\"HIPBLAS_COMPUTE_32F\",\"d_type\":\"HIP_R_16F\",\"direction\":\"NN\",\"epilogue\":\"BIAS\",\"execution_handle_count\":2,\"fresh_repeat\":2,\"heuristic_count\":32,\"heuristic_status\":0,\"k\":16,\"launches\":[{\"launch\":1,\"matmul_status\":0,\"output_memory\":{\"payload_unchanged\":false,\"prefix_guard_intact\":true,\"suffix_guard_intact\":true},\"stream_index\":0,\"synchronize_status\":0},{\"launch\":2,\"matmul_status\":0,\"output_memory\":{\"payload_unchanged\":false,\"prefix_guard_intact\":true,\"suffix_guard_intact\":true},\"stream_index\":1,\"synchronize_status\":0},{\"launch\":3,\"matmul_status\":0,\"output_memory\":{\"payload_unchanged\":false,\"prefix_guard_intact\":true,\"suffix_guard_intact\":true},\"stream_index\":0,\"synchronize_status\":0},{\"launch\":4,\"matmul_status\":0,\"output_memory\":{\"payload_unchanged\":false,\"prefix_guard_intact\":true,\"suffix_guard_intact\":true},\"stream_index\":1,\"synchronize_status\":0},{\"launch\":5,\"matmul_status\":0,\"output_memory\":{\"payload_unchanged\":false,\"prefix_guard_intact\":true,\"suffix_guard_intact\":true},\"stream_index\":0,\"synchronize_status\":0},{\"launch\":6,\"matmul_status\":0,\"output_memory\":{\"payload_unchanged\":false,\"prefix_guard_intact\":true,\"suffix_guard_intact\":true},\"stream_index\":1,\"synchronize_status\":0}],\"m\":128,\"marker\":\"TCNN_RDNA4_P3B1B_FP16_FORWARD_001\",\"n\":16,\"numerics\":{\"inf_count\":0,\"max_abs\":0.0,\"max_rel_outside_1e-3\":0.0,\"nan_count\":0,\"normalized_l2\":0.0,\"relu_mask_mismatches\":0},\"probe_state\":\"EXECUTED\",\"process_status\":\"PASS\",\"selected_candidate\":0,\"steady_state\":{\"launches\":4,\"new_descriptors\":0,\"new_handles\":0,\"new_heuristic_queries\":0,\"workspace_growth_bytes\":0},\"stream_count\":2,\"target_coverage\":{\"bias_axis_rows\":128,\"bias_sign_flip_count\":837,\"exact_zero_count\":12,\"large_finite_bias\":true,\"near_zero_count\":49},\"workspace_memory\":{\"payload_unchanged\":true,\"prefix_guard_intact\":true,\"suffix_guard_intact\":true}}\n",
      "stderr": ""
    },
    {
      "command": [
        "/tmp/tcnn_p3b1b_epi_uqmydzeb/probe_phase3b1b",
        "128",
        "16",
        "16",
        "BIAS",
        "f32",
        "1"
      ],
      "returncode": 0,
      "stdout": "{\"algorithm\":{\"index\":86503,\"kernel_name\":\"Cijk_Ailk_Bljk_HSS_BH_Bias_HA_S_SAV_UserArgs_MT16x16x32_MI16x16x1_SN_LDSB0_AFC1_AFEM1_AFEM1_ASEM1_CLR1_CADS0_DTLA0_DTLB0_DTVA0_DTVB0_EPS0_FDSI0_GRPM1_GRVWA8_GRVWB8_GSUAMB_GLS0_ISA1201_IU1_K1_LDSTI0_LBSPPA128_LBSPPB128_LBSPPM0_LPA16_LPB16_LPM0_LRVW8_LWPMn1_MIAV1_MIWT1_1_MO40_NTn1_NTA0_NTB0_NTC0_NTD0_NTM0_NEPBS0_NLCA1_NLCB1_ONLL1_PGR2_PLR0_PKA0_SIA1_SS0_SPO0_SRVW0_SSO0_SVW8_SK0_SKFTR0_SKXCCM0_TLDS2_ULSGRO0_USL1_UIOFGRO0_USFGROn1_VSn1_VWA1_VWB1_WSGRA0_WSGRB0_WS32_WG16_2_1\",\"solution_name\":\"Cijk_Ailk_Bljk_HSS_BH_Bias_HA_S_SAV_UserArgs_MT16x16x32_MI16x16x1_SN_LDSB0_AFC1_AFEM1_AFEM1_ASEM1_CLR1_CADS0_DTLA0_DTLB0_DTVA0_DTVB0_EPS0_FDSI0_GRPM1_GRVWA8_GRVWB8_GSU1_GSUAMB_GSUC0_GSUWGMRR0_GLS0_ISA1201_IU1_K1_LDSTI0_LBSPPA128_LBSPPB128_LBSPPM0_LPA16_LPB16_LPM0_LRVW8_LWPMn1_MIAV1_MIWT1_1_MO40_NTn1_NTA0_NTB0_NTC0_NTD0_NTM0_NEPBS0_NLCA1_NLCB1_ONLL1_PGR2_PLR0_PKA0_SIA1_SS0_SU32_SUM0_SUS256_SPO0_SRVW0_SSO0_SVW8_SK0_SKFTR0_SKXCCM0_TLDS2_ULSGRO0_USL1_UIOFGRO0_USFGROn1_VSn1_VWA1_VWB1_WSGRA0_WSGRB0_WS32_WG16_2_1_WGM8_WGMXCC1_WGMXCCGn1\",\"workspace_bytes\":0},\"bias_type\":\"HIP_R_16F\",\"compute_type\":\"HIPBLAS_COMPUTE_32F\",\"d_type\":\"HIP_R_32F\",\"direction\":\"NN\",\"epilogue\":\"BIAS\",\"execution_handle_count\":2,\"fresh_repeat\":1,\"heuristic_count\":32,\"heuristic_status\":0,\"k\":16,\"launches\":[{\"launch\":1,\"matmul_status\":0,\"output_memory\":{\"payload_unchanged\":false,\"prefix_guard_intact\":true,\"suffix_guard_intact\":true},\"stream_index\":0,\"synchronize_status\":0},{\"launch\":2,\"matmul_status\":0,\"output_memory\":{\"payload_unchanged\":false,\"prefix_guard_intact\":true,\"suffix_guard_intact\":true},\"stream_index\":1,\"synchronize_status\":0},{\"launch\":3,\"matmul_status\":0,\"output_memory\":{\"payload_unchanged\":false,\"prefix_guard_intact\":true,\"suffix_guard_intact\":true},\"stream_index\":0,\"synchronize_status\":0},{\"launch\":4,\"matmul_status\":0,\"output_memory\":{\"payload_unchanged\":false,\"prefix_guard_intact\":true,\"suffix_guard_intact\":true},\"stream_index\":1,\"synchronize_status\":0},{\"launch\":5,\"matmul_status\":0,\"output_memory\":{\"payload_unchanged\":false,\"prefix_guard_intact\":true,\"suffix_guard_intact\":true},\"stream_index\":0,\"synchronize_status\":0},{\"launch\":6,\"matmul_status\":0,\"output_memory\":{\"payload_unchanged\":false,\"prefix_guard_intact\":true,\"suffix_guard_intact\":true},\"stream_index\":1,\"synchronize_status\":0}],\"m\":128,\"marker\":\"TCNN_RDNA4_P3B1B_FP16_FORWARD_001\",\"n\":16,\"numerics\":{\"inf_count\":0,\"max_abs\":0.0,\"max_rel_outside_1e-3\":0.0,\"nan_count\":0,\"normalized_l2\":0.0,\"relu_mask_mismatches\":0},\"probe_state\":\"EXECUTED\",\"process_status\":\"PASS\",\"selected_candidate\":0,\"steady_state\":{\"launches\":4,\"new_descriptors\":0,\"new_handles\":0,\"new_heuristic_queries\":0,\"workspace_growth_bytes\":0},\"stream_count\":2,\"target_coverage\":{\"bias_axis_rows\":128,\"bias_sign_flip_count\":837,\"exact_zero_count\":12,\"large_finite_bias\":true,\"near_zero_count\":49},\"workspace_memory\":{\"payload_unchanged\":true,\"prefix_guard_intact\":true,\"suffix_guard_intact\":true}}\n",
      "stderr": ""
    },
    {
      "command": [
        "/tmp/tcnn_p3b1b_epi_uqmydzeb/probe_phase3b1b",
        "128",
        "16",
        "16",
        "BIAS",
        "f32",
        "2"
      ],
      "returncode": 0,
      "stdout": "{\"algorithm\":{\"index\":86503,\"kernel_name\":\"Cijk_Ailk_Bljk_HSS_BH_Bias_HA_S_SAV_UserArgs_MT16x16x32_MI16x16x1_SN_LDSB0_AFC1_AFEM1_AFEM1_ASEM1_CLR1_CADS0_DTLA0_DTLB0_DTVA0_DTVB0_EPS0_FDSI0_GRPM1_GRVWA8_GRVWB8_GSUAMB_GLS0_ISA1201_IU1_K1_LDSTI0_LBSPPA128_LBSPPB128_LBSPPM0_LPA16_LPB16_LPM0_LRVW8_LWPMn1_MIAV1_MIWT1_1_MO40_NTn1_NTA0_NTB0_NTC0_NTD0_NTM0_NEPBS0_NLCA1_NLCB1_ONLL1_PGR2_PLR0_PKA0_SIA1_SS0_SPO0_SRVW0_SSO0_SVW8_SK0_SKFTR0_SKXCCM0_TLDS2_ULSGRO0_USL1_UIOFGRO0_USFGROn1_VSn1_VWA1_VWB1_WSGRA0_WSGRB0_WS32_WG16_2_1\",\"solution_name\":\"Cijk_Ailk_Bljk_HSS_BH_Bias_HA_S_SAV_UserArgs_MT16x16x32_MI16x16x1_SN_LDSB0_AFC1_AFEM1_AFEM1_ASEM1_CLR1_CADS0_DTLA0_DTLB0_DTVA0_DTVB0_EPS0_FDSI0_GRPM1_GRVWA8_GRVWB8_GSU1_GSUAMB_GSUC0_GSUWGMRR0_GLS0_ISA1201_IU1_K1_LDSTI0_LBSPPA128_LBSPPB128_LBSPPM0_LPA16_LPB16_LPM0_LRVW8_LWPMn1_MIAV1_MIWT1_1_MO40_NTn1_NTA0_NTB0_NTC0_NTD0_NTM0_NEPBS0_NLCA1_NLCB1_ONLL1_PGR2_PLR0_PKA0_SIA1_SS0_SU32_SUM0_SUS256_SPO0_SRVW0_SSO0_SVW8_SK0_SKFTR0_SKXCCM0_TLDS2_ULSGRO0_USL1_UIOFGRO0_USFGROn1_VSn1_VWA1_VWB1_WSGRA0_WSGRB0_WS32_WG16_2_1_WGM8_WGMXCC1_WGMXCCGn1\",\"workspace_bytes\":0},\"bias_type\":\"HIP_R_16F\",\"compute_type\":\"HIPBLAS_COMPUTE_32F\",\"d_type\":\"HIP_R_32F\",\"direction\":\"NN\",\"epilogue\":\"BIAS\",\"execution_handle_count\":2,\"fresh_repeat\":2,\"heuristic_count\":32,\"heuristic_status\":0,\"k\":16,\"launches\":[{\"launch\":1,\"matmul_status\":0,\"output_memory\":{\"payload_unchanged\":false,\"prefix_guard_intact\":true,\"suffix_guard_intact\":true},\"stream_index\":0,\"synchronize_status\":0},{\"launch\":2,\"matmul_status\":0,\"output_memory\":{\"payload_unchanged\":false,\"prefix_guard_intact\":true,\"suffix_guard_intact\":true},\"stream_index\":1,\"synchronize_status\":0},{\"launch\":3,\"matmul_status\":0,\"output_memory\":{\"payload_unchanged\":false,\"prefix_guard_intact\":true,\"suffix_guard_intact\":true},\"stream_index\":0,\"synchronize_status\":0},{\"launch\":4,\"matmul_status\":0,\"output_memory\":{\"payload_unchanged\":false,\"prefix_guard_intact\":true,\"suffix_guard_intact\":true},\"stream_index\":1,\"synchronize_status\":0},{\"launch\":5,\"matmul_status\":0,\"output_memory\":{\"payload_unchanged\":false,\"prefix_guard_intact\":true,\"suffix_guard_intact\":true},\"stream_index\":0,\"synchronize_status\":0},{\"launch\":6,\"matmul_status\":0,\"output_memory\":{\"payload_unchanged\":false,\"prefix_guard_intact\":true,\"suffix_guard_intact\":true},\"stream_index\":1,\"synchronize_status\":0}],\"m\":128,\"marker\":\"TCNN_RDNA4_P3B1B_FP16_FORWARD_001\",\"n\":16,\"numerics\":{\"inf_count\":0,\"max_abs\":0.0,\"max_rel_outside_1e-3\":0.0,\"nan_count\":0,\"normalized_l2\":0.0,\"relu_mask_mismatches\":0},\"probe_state\":\"EXECUTED\",\"process_status\":\"PASS\",\"selected_candidate\":0,\"steady_state\":{\"launches\":4,\"new_descriptors\":0,\"new_handles\":0,\"new_heuristic_queries\":0,\"workspace_growth_bytes\":0},\"stream_count\":2,\"target_coverage\":{\"bias_axis_rows\":128,\"bias_sign_flip_count\":837,\"exact_zero_count\":12,\"large_finite_bias\":true,\"near_zero_count\":49},\"workspace_memory\":{\"payload_unchanged\":true,\"prefix_guard_intact\":true,\"suffix_guard_intact\":true}}\n",
      "stderr": ""
    },
    {
      "command": [
        "/tmp/tcnn_p3b1b_epi_uqmydzeb/probe_phase3b1b",
        "128",
        "16",
        "16",
        "RELU_BIAS",
        "f16",
        "1"
      ],
      "returncode": 0,
      "stdout": "{\"algorithm\":{\"index\":84826,\"kernel_name\":\"Cijk_Ailk_Bljk_HHS_BH_Bias_HA_S_SAV_UserArgs_MT16x16x32_MI16x16x1_SN_LDSB0_AFC1_AFEM1_AFEM1_ASEM1_CLR1_CADS0_DTLA0_DTLB0_DTVA0_DTVB0_EPS0_FDSI0_GRPM1_GRVWA8_GRVWB8_GSUAMB_GLS0_ISA1201_IU1_K1_LDSTI0_LBSPPA128_LBSPPB128_LBSPPM0_LPA16_LPB16_LPM0_LRVW8_LWPMn1_MIAV1_MIWT1_1_MO40_NTn1_NTA0_NTB0_NTC0_NTD0_NTM0_NEPBS0_NLCA1_NLCB1_ONLL1_PGR2_PLR0_PKA0_SIA1_SS0_SPO0_SRVW0_SSO0_SVW8_SK0_SKFTR0_SKXCCM0_TLDS2_ULSGRO0_USL1_UIOFGRO0_USFGROn1_VSn1_VWA1_VWB1_WSGRA0_WSGRB0_WS32_WG16_2_1\",\"solution_name\":\"Cijk_Ailk_Bljk_HHS_BH_Bias_HA_S_SAV_UserArgs_MT16x16x32_MI16x16x1_SN_LDSB0_AFC1_AFEM1_AFEM1_ASEM1_CLR1_CADS0_DTLA0_DTLB0_DTVA0_DTVB0_EPS0_FDSI0_GRPM1_GRVWA8_GRVWB8_GSU1_GSUAMB_GSUC0_GSUWGMRR0_GLS0_ISA1201_IU1_K1_LDSTI0_LBSPPA128_LBSPPB128_LBSPPM0_LPA16_LPB16_LPM0_LRVW8_LWPMn1_MIAV1_MIWT1_1_MO40_NTn1_NTA0_NTB0_NTC0_NTD0_NTM0_NEPBS0_NLCA1_NLCB1_ONLL1_PGR2_PLR0_PKA0_SIA1_SS0_SU32_SUM0_SUS256_SPO0_SRVW0_SSO0_SVW8_SK0_SKFTR0_SKXCCM0_TLDS2_ULSGRO0_USL1_UIOFGRO0_USFGROn1_VSn1_VWA1_VWB1_WSGRA0_WSGRB0_WS32_WG16_2_1_WGM8_WGMXCC1_WGMXCCGn1\",\"workspace_bytes\":0},\"bias_type\":\"HIP_R_16F\",\"compute_type\":\"HIPBLAS_COMPUTE_32F\",\"d_type\":\"HIP_R_16F\",\"direction\":\"NN\",\"epilogue\":\"RELU_BIAS\",\"execution_handle_count\":2,\"fresh_repeat\":1,\"heuristic_count\":32,\"heuristic_status\":0,\"k\":16,\"launches\":[{\"launch\":1,\"matmul_status\":0,\"output_memory\":{\"payload_unchanged\":false,\"prefix_guard_intact\":true,\"suffix_guard_intact\":true},\"stream_index\":0,\"synchronize_status\":0},{\"launch\":2,\"matmul_status\":0,\"output_memory\":{\"payload_unchanged\":false,\"prefix_guard_intact\":true,\"suffix_guard_intact\":true},\"stream_index\":1,\"synchronize_status\":0},{\"launch\":3,\"matmul_status\":0,\"output_memory\":{\"payload_unchanged\":false,\"prefix_guard_intact\":true,\"suffix_guard_intact\":true},\"stream_index\":0,\"synchronize_status\":0},{\"launch\":4,\"matmul_status\":0,\"output_memory\":{\"payload_unchanged\":false,\"prefix_guard_intact\":true,\"suffix_guard_intact\":true},\"stream_index\":1,\"synchronize_status\":0},{\"launch\":5,\"matmul_status\":0,\"output_memory\":{\"payload_unchanged\":false,\"prefix_guard_intact\":true,\"suffix_guard_intact\":true},\"stream_index\":0,\"synchronize_status\":0},{\"launch\":6,\"matmul_status\":0,\"output_memory\":{\"payload_unchanged\":false,\"prefix_guard_intact\":true,\"suffix_guard_intact\":true},\"stream_index\":1,\"synchronize_status\":0}],\"m\":128,\"marker\":\"TCNN_RDNA4_P3B1B_FP16_FORWARD_001\",\"n\":16,\"numerics\":{\"inf_count\":0,\"max_abs\":0.0,\"max_rel_outside_1e-3\":0.0,\"nan_count\":0,\"normalized_l2\":0.0,\"relu_mask_mismatches\":0},\"probe_state\":\"EXECUTED\",\"process_status\":\"PASS\",\"selected_candidate\":0,\"steady_state\":{\"launches\":4,\"new_descriptors\":0,\"new_handles\":0,\"new_heuristic_queries\":0,\"workspace_growth_bytes\":0},\"stream_count\":2,\"target_coverage\":{\"bias_axis_rows\":128,\"bias_sign_flip_count\":837,\"exact_zero_count\":896,\"large_finite_bias\":true,\"near_zero_count\":916},\"workspace_memory\":{\"payload_unchanged\":true,\"prefix_guard_intact\":true,\"suffix_guard_intact\":true}}\n",
      "stderr": ""
    },
    {
      "command": [
        "/tmp/tcnn_p3b1b_epi_uqmydzeb/probe_phase3b1b",
        "128",
        "16",
        "16",
        "RELU_BIAS",
        "f16",
        "2"
      ],
      "returncode": 0,
      "stdout": "{\"algorithm\":{\"index\":84826,\"kernel_name\":\"Cijk_Ailk_Bljk_HHS_BH_Bias_HA_S_SAV_UserArgs_MT16x16x32_MI16x16x1_SN_LDSB0_AFC1_AFEM1_AFEM1_ASEM1_CLR1_CADS0_DTLA0_DTLB0_DTVA0_DTVB0_EPS0_FDSI0_GRPM1_GRVWA8_GRVWB8_GSUAMB_GLS0_ISA1201_IU1_K1_LDSTI0_LBSPPA128_LBSPPB128_LBSPPM0_LPA16_LPB16_LPM0_LRVW8_LWPMn1_MIAV1_MIWT1_1_MO40_NTn1_NTA0_NTB0_NTC0_NTD0_NTM0_NEPBS0_NLCA1_NLCB1_ONLL1_PGR2_PLR0_PKA0_SIA1_SS0_SPO0_SRVW0_SSO0_SVW8_SK0_SKFTR0_SKXCCM0_TLDS2_ULSGRO0_USL1_UIOFGRO0_USFGROn1_VSn1_VWA1_VWB1_WSGRA0_WSGRB0_WS32_WG16_2_1\",\"solution_name\":\"Cijk_Ailk_Bljk_HHS_BH_Bias_HA_S_SAV_UserArgs_MT16x16x32_MI16x16x1_SN_LDSB0_AFC1_AFEM1_AFEM1_ASEM1_CLR1_CADS0_DTLA0_DTLB0_DTVA0_DTVB0_EPS0_FDSI0_GRPM1_GRVWA8_GRVWB8_GSU1_GSUAMB_GSUC0_GSUWGMRR0_GLS0_ISA1201_IU1_K1_LDSTI0_LBSPPA128_LBSPPB128_LBSPPM0_LPA16_LPB16_LPM0_LRVW8_LWPMn1_MIAV1_MIWT1_1_MO40_NTn1_NTA0_NTB0_NTC0_NTD0_NTM0_NEPBS0_NLCA1_NLCB1_ONLL1_PGR2_PLR0_PKA0_SIA1_SS0_SU32_SUM0_SUS256_SPO0_SRVW0_SSO0_SVW8_SK0_SKFTR0_SKXCCM0_TLDS2_ULSGRO0_USL1_UIOFGRO0_USFGROn1_VSn1_VWA1_VWB1_WSGRA0_WSGRB0_WS32_WG16_2_1_WGM8_WGMXCC1_WGMXCCGn1\",\"workspace_bytes\":0},\"bias_type\":\"HIP_R_16F\",\"compute_type\":\"HIPBLAS_COMPUTE_32F\",\"d_type\":\"HIP_R_16F\",\"direction\":\"NN\",\"epilogue\":\"RELU_BIAS\",\"execution_handle_count\":2,\"fresh_repeat\":2,\"heuristic_count\":32,\"heuristic_status\":0,\"k\":16,\"launches\":[{\"launch\":1,\"matmul_status\":0,\"output_memory\":{\"payload_unchanged\":false,\"prefix_guard_intact\":true,\"suffix_guard_intact\":true},\"stream_index\":0,\"synchronize_status\":0},{\"launch\":2,\"matmul_status\":0,\"output_memory\":{\"payload_unchanged\":false,\"prefix_guard_intact\":true,\"suffix_guard_intact\":true},\"stream_index\":1,\"synchronize_status\":0},{\"launch\":3,\"matmul_status\":0,\"output_memory\":{\"payload_unchanged\":false,\"prefix_guard_intact\":true,\"suffix_guard_intact\":true},\"stream_index\":0,\"synchronize_status\":0},{\"launch\":4,\"matmul_status\":0,\"output_memory\":{\"payload_unchanged\":false,\"prefix_guard_intact\":true,\"suffix_guard_intact\":true},\"stream_index\":1,\"synchronize_status\":0},{\"launch\":5,\"matmul_status\":0,\"output_memory\":{\"payload_unchanged\":false,\"prefix_guard_intact\":true,\"suffix_guard_intact\":true},\"stream_index\":0,\"synchronize_status\":0},{\"launch\":6,\"matmul_status\":0,\"output_memory\":{\"payload_unchanged\":false,\"prefix_guard_intact\":true,\"suffix_guard_intact\":true},\"stream_index\":1,\"synchronize_status\":0}],\"m\":128,\"marker\":\"TCNN_RDNA4_P3B1B_FP16_FORWARD_001\",\"n\":16,\"numerics\":{\"inf_count\":0,\"max_abs\":0.0,\"max_rel_outside_1e-3\":0.0,\"nan_count\":0,\"normalized_l2\":0.0,\"relu_mask_mismatches\":0},\"probe_state\":\"EXECUTED\",\"process_status\":\"PASS\",\"selected_candidate\":0,\"steady_state\":{\"launches\":4,\"new_descriptors\":0,\"new_handles\":0,\"new_heuristic_queries\":0,\"workspace_growth_bytes\":0},\"stream_count\":2,\"target_coverage\":{\"bias_axis_rows\":128,\"bias_sign_flip_count\":837,\"exact_zero_count\":896,\"large_finite_bias\":true,\"near_zero_count\":916},\"workspace_memory\":{\"payload_unchanged\":true,\"prefix_guard_intact\":true,\"suffix_guard_intact\":true}}\n",
      "stderr": ""
    },
    {
      "command": [
        "/tmp/tcnn_p3b1b_epi_uqmydzeb/probe_phase3b1b",
        "128",
        "16",
        "16",
        "RELU_BIAS",
        "f32",
        "1"
      ],
      "returncode": 0,
      "stdout": "{\"algorithm\":{\"index\":86503,\"kernel_name\":\"Cijk_Ailk_Bljk_HSS_BH_Bias_HA_S_SAV_UserArgs_MT16x16x32_MI16x16x1_SN_LDSB0_AFC1_AFEM1_AFEM1_ASEM1_CLR1_CADS0_DTLA0_DTLB0_DTVA0_DTVB0_EPS0_FDSI0_GRPM1_GRVWA8_GRVWB8_GSUAMB_GLS0_ISA1201_IU1_K1_LDSTI0_LBSPPA128_LBSPPB128_LBSPPM0_LPA16_LPB16_LPM0_LRVW8_LWPMn1_MIAV1_MIWT1_1_MO40_NTn1_NTA0_NTB0_NTC0_NTD0_NTM0_NEPBS0_NLCA1_NLCB1_ONLL1_PGR2_PLR0_PKA0_SIA1_SS0_SPO0_SRVW0_SSO0_SVW8_SK0_SKFTR0_SKXCCM0_TLDS2_ULSGRO0_USL1_UIOFGRO0_USFGROn1_VSn1_VWA1_VWB1_WSGRA0_WSGRB0_WS32_WG16_2_1\",\"solution_name\":\"Cijk_Ailk_Bljk_HSS_BH_Bias_HA_S_SAV_UserArgs_MT16x16x32_MI16x16x1_SN_LDSB0_AFC1_AFEM1_AFEM1_ASEM1_CLR1_CADS0_DTLA0_DTLB0_DTVA0_DTVB0_EPS0_FDSI0_GRPM1_GRVWA8_GRVWB8_GSU1_GSUAMB_GSUC0_GSUWGMRR0_GLS0_ISA1201_IU1_K1_LDSTI0_LBSPPA128_LBSPPB128_LBSPPM0_LPA16_LPB16_LPM0_LRVW8_LWPMn1_MIAV1_MIWT1_1_MO40_NTn1_NTA0_NTB0_NTC0_NTD0_NTM0_NEPBS0_NLCA1_NLCB1_ONLL1_PGR2_PLR0_PKA0_SIA1_SS0_SU32_SUM0_SUS256_SPO0_SRVW0_SSO0_SVW8_SK0_SKFTR0_SKXCCM0_TLDS2_ULSGRO0_USL1_UIOFGRO0_USFGROn1_VSn1_VWA1_VWB1_WSGRA0_WSGRB0_WS32_WG16_2_1_WGM8_WGMXCC1_WGMXCCGn1\",\"workspace_bytes\":0},\"bias_type\":\"HIP_R_16F\",\"compute_type\":\"HIPBLAS_COMPUTE_32F\",\"d_type\":\"HIP_R_32F\",\"direction\":\"NN\",\"epilogue\":\"RELU_BIAS\",\"execution_handle_count\":2,\"fresh_repeat\":1,\"heuristic_count\":32,\"heuristic_status\":0,\"k\":16,\"launches\":[{\"launch\":1,\"matmul_status\":0,\"output_memory\":{\"payload_unchanged\":false,\"prefix_guard_intact\":true,\"suffix_guard_intact\":true},\"stream_index\":0,\"synchronize_status\":0},{\"launch\":2,\"matmul_status\":0,\"output_memory\":{\"payload_unchanged\":false,\"prefix_guard_intact\":true,\"suffix_guard_intact\":true},\"stream_index\":1,\"synchronize_status\":0},{\"launch\":3,\"matmul_status\":0,\"output_memory\":{\"payload_unchanged\":false,\"prefix_guard_intact\":true,\"suffix_guard_intact\":true},\"stream_index\":0,\"synchronize_status\":0},{\"launch\":4,\"matmul_status\":0,\"output_memory\":{\"payload_unchanged\":false,\"prefix_guard_intact\":true,\"suffix_guard_intact\":true},\"stream_index\":1,\"synchronize_status\":0},{\"launch\":5,\"matmul_status\":0,\"output_memory\":{\"payload_unchanged\":false,\"prefix_guard_intact\":true,\"suffix_guard_intact\":true},\"stream_index\":0,\"synchronize_status\":0},{\"launch\":6,\"matmul_status\":0,\"output_memory\":{\"payload_unchanged\":false,\"prefix_guard_intact\":true,\"suffix_guard_intact\":true},\"stream_index\":1,\"synchronize_status\":0}],\"m\":128,\"marker\":\"TCNN_RDNA4_P3B1B_FP16_FORWARD_001\",\"n\":16,\"numerics\":{\"inf_count\":0,\"max_abs\":0.0,\"max_rel_outside_1e-3\":0.0,\"nan_count\":0,\"normalized_l2\":0.0,\"relu_mask_mismatches\":0},\"probe_state\":\"EXECUTED\",\"process_status\":\"PASS\",\"selected_candidate\":0,\"steady_state\":{\"launches\":4,\"new_descriptors\":0,\"new_handles\":0,\"new_heuristic_queries\":0,\"workspace_growth_bytes\":0},\"stream_count\":2,\"target_coverage\":{\"bias_axis_rows\":128,\"bias_sign_flip_count\":837,\"exact_zero_count\":896,\"large_finite_bias\":true,\"near_zero_count\":916},\"workspace_memory\":{\"payload_unchanged\":true,\"prefix_guard_intact\":true,\"suffix_guard_intact\":true}}\n",
      "stderr": ""
    },
    {
      "command": [
        "/tmp/tcnn_p3b1b_epi_uqmydzeb/probe_phase3b1b",
        "128",
        "16",
        "16",
        "RELU_BIAS",
        "f32",
        "2"
      ],
      "returncode": 0,
      "stdout": "{\"algorithm\":{\"index\":86503,\"kernel_name\":\"Cijk_Ailk_Bljk_HSS_BH_Bias_HA_S_SAV_UserArgs_MT16x16x32_MI16x16x1_SN_LDSB0_AFC1_AFEM1_AFEM1_ASEM1_CLR1_CADS0_DTLA0_DTLB0_DTVA0_DTVB0_EPS0_FDSI0_GRPM1_GRVWA8_GRVWB8_GSUAMB_GLS0_ISA1201_IU1_K1_LDSTI0_LBSPPA128_LBSPPB128_LBSPPM0_LPA16_LPB16_LPM0_LRVW8_LWPMn1_MIAV1_MIWT1_1_MO40_NTn1_NTA0_NTB0_NTC0_NTD0_NTM0_NEPBS0_NLCA1_NLCB1_ONLL1_PGR2_PLR0_PKA0_SIA1_SS0_SPO0_SRVW0_SSO0_SVW8_SK0_SKFTR0_SKXCCM0_TLDS2_ULSGRO0_USL1_UIOFGRO0_USFGROn1_VSn1_VWA1_VWB1_WSGRA0_WSGRB0_WS32_WG16_2_1\",\"solution_name\":\"Cijk_Ailk_Bljk_HSS_BH_Bias_HA_S_SAV_UserArgs_MT16x16x32_MI16x16x1_SN_LDSB0_AFC1_AFEM1_AFEM1_ASEM1_CLR1_CADS0_DTLA0_DTLB0_DTVA0_DTVB0_EPS0_FDSI0_GRPM1_GRVWA8_GRVWB8_GSU1_GSUAMB_GSUC0_GSUWGMRR0_GLS0_ISA1201_IU1_K1_LDSTI0_LBSPPA128_LBSPPB128_LBSPPM0_LPA16_LPB16_LPM0_LRVW8_LWPMn1_MIAV1_MIWT1_1_MO40_NTn1_NTA0_NTB0_NTC0_NTD0_NTM0_NEPBS0_NLCA1_NLCB1_ONLL1_PGR2_PLR0_PKA0_SIA1_SS0_SU32_SUM0_SUS256_SPO0_SRVW0_SSO0_SVW8_SK0_SKFTR0_SKXCCM0_TLDS2_ULSGRO0_USL1_UIOFGRO0_USFGROn1_VSn1_VWA1_VWB1_WSGRA0_WSGRB0_WS32_WG16_2_1_WGM8_WGMXCC1_WGMXCCGn1\",\"workspace_bytes\":0},\"bias_type\":\"HIP_R_16F\",\"compute_type\":\"HIPBLAS_COMPUTE_32F\",\"d_type\":\"HIP_R_32F\",\"direction\":\"NN\",\"epilogue\":\"RELU_BIAS\",\"execution_handle_count\":2,\"fresh_repeat\":2,\"heuristic_count\":32,\"heuristic_status\":0,\"k\":16,\"launches\":[{\"launch\":1,\"matmul_status\":0,\"output_memory\":{\"payload_unchanged\":false,\"prefix_guard_intact\":true,\"suffix_guard_intact\":true},\"stream_index\":0,\"synchronize_status\":0},{\"launch\":2,\"matmul_status\":0,\"output_memory\":{\"payload_unchanged\":false,\"prefix_guard_intact\":true,\"suffix_guard_intact\":true},\"stream_index\":1,\"synchronize_status\":0},{\"launch\":3,\"matmul_status\":0,\"output_memory\":{\"payload_unchanged\":false,\"prefix_guard_intact\":true,\"suffix_guard_intact\":true},\"stream_index\":0,\"synchronize_status\":0},{\"launch\":4,\"matmul_status\":0,\"output_memory\":{\"payload_unchanged\":false,\"prefix_guard_intact\":true,\"suffix_guard_intact\":true},\"stream_index\":1,\"synchronize_status\":0},{\"launch\":5,\"matmul_status\":0,\"output_memory\":{\"payload_unchanged\":false,\"prefix_guard_intact\":true,\"suffix_guard_intact\":true},\"stream_index\":0,\"synchronize_status\":0},{\"launch\":6,\"matmul_status\":0,\"output_memory\":{\"payload_unchanged\":false,\"prefix_guard_intact\":true,\"suffix_guard_intact\":true},\"stream_index\":1,\"synchronize_status\":0}],\"m\":128,\"marker\":\"TCNN_RDNA4_P3B1B_FP16_FORWARD_001\",\"n\":16,\"numerics\":{\"inf_count\":0,\"max_abs\":0.0,\"max_rel_outside_1e-3\":0.0,\"nan_count\":0,\"normalized_l2\":0.0,\"relu_mask_mismatches\":0},\"probe_state\":\"EXECUTED\",\"process_status\":\"PASS\",\"selected_candidate\":0,\"steady_state\":{\"launches\":4,\"new_descriptors\":0,\"new_handles\":0,\"new_heuristic_queries\":0,\"workspace_growth_bytes\":0},\"stream_count\":2,\"target_coverage\":{\"bias_axis_rows\":128,\"bias_sign_flip_count\":837,\"exact_zero_count\":896,\"large_finite_bias\":true,\"near_zero_count\":916},\"workspace_memory\":{\"payload_unchanged\":true,\"prefix_guard_intact\":true,\"suffix_guard_intact\":true}}\n",
      "stderr": ""
    },
    {
      "command": [
        "/tmp/tcnn_p3b1b_epi_uqmydzeb/probe_phase3b1b",
        "128",
        "16",
        "32",
        "BIAS",
        "f16",
        "1"
      ],
      "returncode": 0,
      "stdout": "{\"algorithm\":{\"index\":84818,\"kernel_name\":\"Cijk_Ailk_Bljk_HHS_BH_Bias_HA_S_SAV_UserArgs_MT16x16x32_MI16x16x1_SN_LDSB1_AFC1_AFEM1_AFEM1_ASEM32_CLR1_CADS0_DTLA0_DTLB0_DTVA0_DTVB1_EPS0_FDSI0_GRPM1_GRVWA8_GRVWB8_GSUAMB_GLS0_ISA1201_IU1_K1_LDSTI0_LBSPPA128_LBSPPB0_LBSPPM0_LPA16_LPB0_LPM0_LRVW8_LWPMn1_MIAV1_MIWT1_1_MO40_NTn1_NTA0_NTB0_NTC0_NTD0_NTM0_NEPBS0_NLCA1_NLCB2_ONLL1_PGR2_PLR1_PKA0_SIA3_SS0_SPO0_SRVW0_SSO0_SVW8_SK0_SKFTR0_SKXCCM0_TLDS2_ULSGRO0_USL1_UIOFGRO0_USFGROn1_VSn1_VWA1_VWB1_WSGRA0_WSGRB0_WS32_WG16_2_1\",\"solution_name\":\"Cijk_Ailk_Bljk_HHS_BH_Bias_HA_S_SAV_UserArgs_MT16x16x32_MI16x16x1_SN_LDSB1_AFC1_AFEM1_AFEM1_ASEM32_CLR1_CADS0_DTLA0_DTLB0_DTVA0_DTVB1_EPS0_FDSI0_GRPM1_GRVWA8_GRVWB8_GSU1_GSUAMB_GSUC0_GSUWGMRR0_GLS0_ISA1201_IU1_K1_LDSTI0_LBSPPA128_LBSPPB0_LBSPPM0_LPA16_LPB0_LPM0_LRVW8_LWPMn1_MIAV1_MIWT1_1_MO40_NTn1_NTA0_NTB0_NTC0_NTD0_NTM0_NEPBS0_NLCA1_NLCB2_ONLL1_PGR2_PLR1_PKA0_SIA3_SS0_SU32_SUM0_SUS256_SPO0_SRVW0_SSO0_SVW8_SK0_SKFTR0_SKXCCM0_TLDS2_ULSGRO0_USL1_UIOFGRO0_USFGROn1_VSn1_VWA1_VWB1_WSGRA0_WSGRB0_WS32_WG16_2_1_WGM8_WGMXCC1_WGMXCCGn1\",\"workspace_bytes\":0},\"bias_type\":\"HIP_R_16F\",\"compute_type\":\"HIPBLAS_COMPUTE_32F\",\"d_type\":\"HIP_R_16F\",\"direction\":\"NN\",\"epilogue\":\"BIAS\",\"execution_handle_count\":2,\"fresh_repeat\":1,\"heuristic_count\":32,\"heuristic_status\":0,\"k\":32,\"launches\":[{\"launch\":1,\"matmul_status\":0,\"output_memory\":{\"payload_unchanged\":false,\"prefix_guard_intact\":true,\"suffix_guard_intact\":true},\"stream_index\":0,\"synchronize_status\":0},{\"launch\":2,\"matmul_status\":0,\"output_memory\":{\"payload_unchanged\":false,\"prefix_guard_intact\":true,\"suffix_guard_intact\":true},\"stream_index\":1,\"synchronize_status\":0},{\"launch\":3,\"matmul_status\":0,\"output_memory\":{\"payload_unchanged\":false,\"prefix_guard_intact\":true,\"suffix_guard_intact\":true},\"stream_index\":0,\"synchronize_status\":0},{\"launch\":4,\"matmul_status\":0,\"output_memory\":{\"payload_unchanged\":false,\"prefix_guard_intact\":true,\"suffix_guard_intact\":true},\"stream_index\":1,\"synchronize_status\":0},{\"launch\":5,\"matmul_status\":0,\"output_memory\":{\"payload_unchanged\":false,\"prefix_guard_intact\":true,\"suffix_guard_intact\":true},\"stream_index\":0,\"synchronize_status\":0},{\"launch\":6,\"matmul_status\":0,\"output_memory\":{\"payload_unchanged\":false,\"prefix_guard_intact\":true,\"suffix_guard_intact\":true},\"stream_index\":1,\"synchronize_status\":0}],\"m\":128,\"marker\":\"TCNN_RDNA4_P3B1B_FP16_FORWARD_001\",\"n\":16,\"numerics\":{\"inf_count\":0,\"max_abs\":0.0,\"max_rel_outside_1e-3\":0.0,\"nan_count\":0,\"normalized_l2\":0.0,\"relu_mask_mismatches\":0},\"probe_state\":\"EXECUTED\",\"process_status\":\"PASS\",\"selected_candidate\":0,\"steady_state\":{\"launches\":4,\"new_descriptors\":0,\"new_handles\":0,\"new_heuristic_queries\":0,\"workspace_growth_bytes\":0},\"stream_count\":2,\"target_coverage\":{\"bias_axis_rows\":128,\"bias_sign_flip_count\":710,\"exact_zero_count\":11,\"large_finite_bias\":true,\"near_zero_count\":49},\"workspace_memory\":{\"payload_unchanged\":true,\"prefix_guard_intact\":true,\"suffix_guard_intact\":true}}\n",
      "stderr": ""
    },
    {
      "command": [
        "/tmp/tcnn_p3b1b_epi_uqmydzeb/probe_phase3b1b",
        "128",
        "16",
        "32",
        "BIAS",
        "f16",
        "2"
      ],
      "returncode": 0,
      "stdout": "{\"algorithm\":{\"index\":84818,\"kernel_name\":\"Cijk_Ailk_Bljk_HHS_BH_Bias_HA_S_SAV_UserArgs_MT16x16x32_MI16x16x1_SN_LDSB1_AFC1_AFEM1_AFEM1_ASEM32_CLR1_CADS0_DTLA0_DTLB0_DTVA0_DTVB1_EPS0_FDSI0_GRPM1_GRVWA8_GRVWB8_GSUAMB_GLS0_ISA1201_IU1_K1_LDSTI0_LBSPPA128_LBSPPB0_LBSPPM0_LPA16_LPB0_LPM0_LRVW8_LWPMn1_MIAV1_MIWT1_1_MO40_NTn1_NTA0_NTB0_NTC0_NTD0_NTM0_NEPBS0_NLCA1_NLCB2_ONLL1_PGR2_PLR1_PKA0_SIA3_SS0_SPO0_SRVW0_SSO0_SVW8_SK0_SKFTR0_SKXCCM0_TLDS2_ULSGRO0_USL1_UIOFGRO0_USFGROn1_VSn1_VWA1_VWB1_WSGRA0_WSGRB0_WS32_WG16_2_1\",\"solution_name\":\"Cijk_Ailk_Bljk_HHS_BH_Bias_HA_S_SAV_UserArgs_MT16x16x32_MI16x16x1_SN_LDSB1_AFC1_AFEM1_AFEM1_ASEM32_CLR1_CADS0_DTLA0_DTLB0_DTVA0_DTVB1_EPS0_FDSI0_GRPM1_GRVWA8_GRVWB8_GSU1_GSUAMB_GSUC0_GSUWGMRR0_GLS0_ISA1201_IU1_K1_LDSTI0_LBSPPA128_LBSPPB0_LBSPPM0_LPA16_LPB0_LPM0_LRVW8_LWPMn1_MIAV1_MIWT1_1_MO40_NTn1_NTA0_NTB0_NTC0_NTD0_NTM0_NEPBS0_NLCA1_NLCB2_ONLL1_PGR2_PLR1_PKA0_SIA3_SS0_SU32_SUM0_SUS256_SPO0_SRVW0_SSO0_SVW8_SK0_SKFTR0_SKXCCM0_TLDS2_ULSGRO0_USL1_UIOFGRO0_USFGROn1_VSn1_VWA1_VWB1_WSGRA0_WSGRB0_WS32_WG16_2_1_WGM8_WGMXCC1_WGMXCCGn1\",\"workspace_bytes\":0},\"bias_type\":\"HIP_R_16F\",\"compute_type\":\"HIPBLAS_COMPUTE_32F\",\"d_type\":\"HIP_R_16F\",\"direction\":\"NN\",\"epilogue\":\"BIAS\",\"execution_handle_count\":2,\"fresh_repeat\":2,\"heuristic_count\":32,\"heuristic_status\":0,\"k\":32,\"launches\":[{\"launch\":1,\"matmul_status\":0,\"output_memory\":{\"payload_unchanged\":false,\"prefix_guard_intact\":true,\"suffix_guard_intact\":true},\"stream_index\":0,\"synchronize_status\":0},{\"launch\":2,\"matmul_status\":0,\"output_memory\":{\"payload_unchanged\":false,\"prefix_guard_intact\":true,\"suffix_guard_intact\":true},\"stream_index\":1,\"synchronize_status\":0},{\"launch\":3,\"matmul_status\":0,\"output_memory\":{\"payload_unchanged\":false,\"prefix_guard_intact\":true,\"suffix_guard_intact\":true},\"stream_index\":0,\"synchronize_status\":0},{\"launch\":4,\"matmul_status\":0,\"output_memory\":{\"payload_unchanged\":false,\"prefix_guard_intact\":true,\"suffix_guard_intact\":true},\"stream_index\":1,\"synchronize_status\":0},{\"launch\":5,\"matmul_status\":0,\"output_memory\":{\"payload_unchanged\":false,\"prefix_guard_intact\":true,\"suffix_guard_intact\":true},\"stream_index\":0,\"synchronize_status\":0},{\"launch\":6,\"matmul_status\":0,\"output_memory\":{\"payload_unchanged\":false,\"prefix_guard_intact\":true,\"suffix_guard_intact\":true},\"stream_index\":1,\"synchronize_status\":0}],\"m\":128,\"marker\":\"TCNN_RDNA4_P3B1B_FP16_FORWARD_001\",\"n\":16,\"numerics\":{\"inf_count\":0,\"max_abs\":0.0,\"max_rel_outside_1e-3\":0.0,\"nan_count\":0,\"normalized_l2\":0.0,\"relu_mask_mismatches\":0},\"probe_state\":\"EXECUTED\",\"process_status\":\"PASS\",\"selected_candidate\":0,\"steady_state\":{\"launches\":4,\"new_descriptors\":0,\"new_handles\":0,\"new_heuristic_queries\":0,\"workspace_growth_bytes\":0},\"stream_count\":2,\"target_coverage\":{\"bias_axis_rows\":128,\"bias_sign_flip_count\":710,\"exact_zero_count\":11,\"large_finite_bias\":true,\"near_zero_count\":49},\"workspace_memory\":{\"payload_unchanged\":true,\"prefix_guard_intact\":true,\"suffix_guard_intact\":true}}\n",
      "stderr": ""
    },
    {
      "command": [
        "/tmp/tcnn_p3b1b_epi_uqmydzeb/probe_phase3b1b",
        "128",
        "16",
        "32",
        "BIAS",
        "f32",
        "1"
      ],
      "returncode": 0,
      "stdout": "{\"algorithm\":{\"index\":86495,\"kernel_name\":\"Cijk_Ailk_Bljk_HSS_BH_Bias_HA_S_SAV_UserArgs_MT16x16x32_MI16x16x1_SN_LDSB1_AFC1_AFEM1_AFEM1_ASEM32_CLR1_CADS0_DTLA0_DTLB0_DTVA0_DTVB1_EPS0_FDSI0_GRPM1_GRVWA8_GRVWB8_GSUAMB_GLS0_ISA1201_IU1_K1_LDSTI0_LBSPPA128_LBSPPB0_LBSPPM0_LPA16_LPB0_LPM0_LRVW8_LWPMn1_MIAV1_MIWT1_1_MO40_NTn1_NTA0_NTB0_NTC0_NTD0_NTM0_NEPBS0_NLCA1_NLCB2_ONLL1_PGR2_PLR1_PKA0_SIA3_SS0_SPO0_SRVW0_SSO0_SVW8_SK0_SKFTR0_SKXCCM0_TLDS2_ULSGRO0_USL1_UIOFGRO0_USFGROn1_VSn1_VWA1_VWB1_WSGRA0_WSGRB0_WS32_WG16_2_1\",\"solution_name\":\"Cijk_Ailk_Bljk_HSS_BH_Bias_HA_S_SAV_UserArgs_MT16x16x32_MI16x16x1_SN_LDSB1_AFC1_AFEM1_AFEM1_ASEM32_CLR1_CADS0_DTLA0_DTLB0_DTVA0_DTVB1_EPS0_FDSI0_GRPM1_GRVWA8_GRVWB8_GSU1_GSUAMB_GSUC0_GSUWGMRR0_GLS0_ISA1201_IU1_K1_LDSTI0_LBSPPA128_LBSPPB0_LBSPPM0_LPA16_LPB0_LPM0_LRVW8_LWPMn1_MIAV1_MIWT1_1_MO40_NTn1_NTA0_NTB0_NTC0_NTD0_NTM0_NEPBS0_NLCA1_NLCB2_ONLL1_PGR2_PLR1_PKA0_SIA3_SS0_SU32_SUM0_SUS256_SPO0_SRVW0_SSO0_SVW8_SK0_SKFTR0_SKXCCM0_TLDS2_ULSGRO0_USL1_UIOFGRO0_USFGROn1_VSn1_VWA1_VWB1_WSGRA0_WSGRB0_WS32_WG16_2_1_WGM8_WGMXCC1_WGMXCCGn1\",\"workspace_bytes\":0},\"bias_type\":\"HIP_R_16F\",\"compute_type\":\"HIPBLAS_COMPUTE_32F\",\"d_type\":\"HIP_R_32F\",\"direction\":\"NN\",\"epilogue\":\"BIAS\",\"execution_handle_count\":2,\"fresh_repeat\":1,\"heuristic_count\":32,\"heuristic_status\":0,\"k\":32,\"launches\":[{\"launch\":1,\"matmul_status\":0,\"output_memory\":{\"payload_unchanged\":false,\"prefix_guard_intact\":true,\"suffix_guard_intact\":true},\"stream_index\":0,\"synchronize_status\":0},{\"launch\":2,\"matmul_status\":0,\"output_memory\":{\"payload_unchanged\":false,\"prefix_guard_intact\":true,\"suffix_guard_intact\":true},\"stream_index\":1,\"synchronize_status\":0},{\"launch\":3,\"matmul_status\":0,\"output_memory\":{\"payload_unchanged\":false,\"prefix_guard_intact\":true,\"suffix_guard_intact\":true},\"stream_index\":0,\"synchronize_status\":0},{\"launch\":4,\"matmul_status\":0,\"output_memory\":{\"payload_unchanged\":false,\"prefix_guard_intact\":true,\"suffix_guard_intact\":true},\"stream_index\":1,\"synchronize_status\":0},{\"launch\":5,\"matmul_status\":0,\"output_memory\":{\"payload_unchanged\":false,\"prefix_guard_intact\":true,\"suffix_guard_intact\":true},\"stream_index\":0,\"synchronize_status\":0},{\"launch\":6,\"matmul_status\":0,\"output_memory\":{\"payload_unchanged\":false,\"prefix_guard_intact\":true,\"suffix_guard_intact\":true},\"stream_index\":1,\"synchronize_status\":0}],\"m\":128,\"marker\":\"TCNN_RDNA4_P3B1B_FP16_FORWARD_001\",\"n\":16,\"numerics\":{\"inf_count\":0,\"max_abs\":0.0,\"max_rel_outside_1e-3\":0.0,\"nan_count\":0,\"normalized_l2\":0.0,\"relu_mask_mismatches\":0},\"probe_state\":\"EXECUTED\",\"process_status\":\"PASS\",\"selected_candidate\":0,\"steady_state\":{\"launches\":4,\"new_descriptors\":0,\"new_handles\":0,\"new_heuristic_queries\":0,\"workspace_growth_bytes\":0},\"stream_count\":2,\"target_coverage\":{\"bias_axis_rows\":128,\"bias_sign_flip_count\":710,\"exact_zero_count\":11,\"large_finite_bias\":true,\"near_zero_count\":49},\"workspace_memory\":{\"payload_unchanged\":true,\"prefix_guard_intact\":true,\"suffix_guard_intact\":true}}\n",
      "stderr": ""
    },
    {
      "command": [
        "/tmp/tcnn_p3b1b_epi_uqmydzeb/probe_phase3b1b",
        "128",
        "16",
        "32",
        "BIAS",
        "f32",
        "2"
      ],
      "returncode": 0,
      "stdout": "{\"algorithm\":{\"index\":86495,\"kernel_name\":\"Cijk_Ailk_Bljk_HSS_BH_Bias_HA_S_SAV_UserArgs_MT16x16x32_MI16x16x1_SN_LDSB1_AFC1_AFEM1_AFEM1_ASEM32_CLR1_CADS0_DTLA0_DTLB0_DTVA0_DTVB1_EPS0_FDSI0_GRPM1_GRVWA8_GRVWB8_GSUAMB_GLS0_ISA1201_IU1_K1_LDSTI0_LBSPPA128_LBSPPB0_LBSPPM0_LPA16_LPB0_LPM0_LRVW8_LWPMn1_MIAV1_MIWT1_1_MO40_NTn1_NTA0_NTB0_NTC0_NTD0_NTM0_NEPBS0_NLCA1_NLCB2_ONLL1_PGR2_PLR1_PKA0_SIA3_SS0_SPO0_SRVW0_SSO0_SVW8_SK0_SKFTR0_SKXCCM0_TLDS2_ULSGRO0_USL1_UIOFGRO0_USFGROn1_VSn1_VWA1_VWB1_WSGRA0_WSGRB0_WS32_WG16_2_1\",\"solution_name\":\"Cijk_Ailk_Bljk_HSS_BH_Bias_HA_S_SAV_UserArgs_MT16x16x32_MI16x16x1_SN_LDSB1_AFC1_AFEM1_AFEM1_ASEM32_CLR1_CADS0_DTLA0_DTLB0_DTVA0_DTVB1_EPS0_FDSI0_GRPM1_GRVWA8_GRVWB8_GSU1_GSUAMB_GSUC0_GSUWGMRR0_GLS0_ISA1201_IU1_K1_LDSTI0_LBSPPA128_LBSPPB0_LBSPPM0_LPA16_LPB0_LPM0_LRVW8_LWPMn1_MIAV1_MIWT1_1_MO40_NTn1_NTA0_NTB0_NTC0_NTD0_NTM0_NEPBS0_NLCA1_NLCB2_ONLL1_PGR2_PLR1_PKA0_SIA3_SS0_SU32_SUM0_SUS256_SPO0_SRVW0_SSO0_SVW8_SK0_SKFTR0_SKXCCM0_TLDS2_ULSGRO0_USL1_UIOFGRO0_USFGROn1_VSn1_VWA1_VWB1_WSGRA0_WSGRB0_WS32_WG16_2_1_WGM8_WGMXCC1_WGMXCCGn1\",\"workspace_bytes\":0},\"bias_type\":\"HIP_R_16F\",\"compute_type\":\"HIPBLAS_COMPUTE_32F\",\"d_type\":\"HIP_R_32F\",\"direction\":\"NN\",\"epilogue\":\"BIAS\",\"execution_handle_count\":2,\"fresh_repeat\":2,\"heuristic_count\":32,\"heuristic_status\":0,\"k\":32,\"launches\":[{\"launch\":1,\"matmul_status\":0,\"output_memory\":{\"payload_unchanged\":false,\"prefix_guard_intact\":true,\"suffix_guard_intact\":true},\"stream_index\":0,\"synchronize_status\":0},{\"launch\":2,\"matmul_status\":0,\"output_memory\":{\"payload_unchanged\":false,\"prefix_guard_intact\":true,\"suffix_guard_intact\":true},\"stream_index\":1,\"synchronize_status\":0},{\"launch\":3,\"matmul_status\":0,\"output_memory\":{\"payload_unchanged\":false,\"prefix_guard_intact\":true,\"suffix_guard_intact\":true},\"stream_index\":0,\"synchronize_status\":0},{\"launch\":4,\"matmul_status\":0,\"output_memory\":{\"payload_unchanged\":false,\"prefix_guard_intact\":true,\"suffix_guard_intact\":true},\"stream_index\":1,\"synchronize_status\":0},{\"launch\":5,\"matmul_status\":0,\"output_memory\":{\"payload_unchanged\":false,\"prefix_guard_intact\":true,\"suffix_guard_intact\":true},\"stream_index\":0,\"synchronize_status\":0},{\"launch\":6,\"matmul_status\":0,\"output_memory\":{\"payload_unchanged\":false,\"prefix_guard_intact\":true,\"suffix_guard_intact\":true},\"stream_index\":1,\"synchronize_status\":0}],\"m\":128,\"marker\":\"TCNN_RDNA4_P3B1B_FP16_FORWARD_001\",\"n\":16,\"numerics\":{\"inf_count\":0,\"max_abs\":0.0,\"max_rel_outside_1e-3\":0.0,\"nan_count\":0,\"normalized_l2\":0.0,\"relu_mask_mismatches\":0},\"probe_state\":\"EXECUTED\",\"process_status\":\"PASS\",\"selected_candidate\":0,\"steady_state\":{\"launches\":4,\"new_descriptors\":0,\"new_handles\":0,\"new_heuristic_queries\":0,\"workspace_growth_bytes\":0},\"stream_count\":2,\"target_coverage\":{\"bias_axis_rows\":128,\"bias_sign_flip_count\":710,\"exact_zero_count\":11,\"large_finite_bias\":true,\"near_zero_count\":49},\"workspace_memory\":{\"payload_unchanged\":true,\"prefix_guard_intact\":true,\"suffix_guard_intact\":true}}\n",
      "stderr": ""
    },
    {
      "command": [
        "/tmp/tcnn_p3b1b_epi_uqmydzeb/probe_phase3b1b",
        "128",
        "16",
        "32",
        "RELU_BIAS",
        "f16",
        "1"
      ],
      "returncode": 0,
      "stdout": "{\"algorithm\":{\"index\":84818,\"kernel_name\":\"Cijk_Ailk_Bljk_HHS_BH_Bias_HA_S_SAV_UserArgs_MT16x16x32_MI16x16x1_SN_LDSB1_AFC1_AFEM1_AFEM1_ASEM32_CLR1_CADS0_DTLA0_DTLB0_DTVA0_DTVB1_EPS0_FDSI0_GRPM1_GRVWA8_GRVWB8_GSUAMB_GLS0_ISA1201_IU1_K1_LDSTI0_LBSPPA128_LBSPPB0_LBSPPM0_LPA16_LPB0_LPM0_LRVW8_LWPMn1_MIAV1_MIWT1_1_MO40_NTn1_NTA0_NTB0_NTC0_NTD0_NTM0_NEPBS0_NLCA1_NLCB2_ONLL1_PGR2_PLR1_PKA0_SIA3_SS0_SPO0_SRVW0_SSO0_SVW8_SK0_SKFTR0_SKXCCM0_TLDS2_ULSGRO0_USL1_UIOFGRO0_USFGROn1_VSn1_VWA1_VWB1_WSGRA0_WSGRB0_WS32_WG16_2_1\",\"solution_name\":\"Cijk_Ailk_Bljk_HHS_BH_Bias_HA_S_SAV_UserArgs_MT16x16x32_MI16x16x1_SN_LDSB1_AFC1_AFEM1_AFEM1_ASEM32_CLR1_CADS0_DTLA0_DTLB0_DTVA0_DTVB1_EPS0_FDSI0_GRPM1_GRVWA8_GRVWB8_GSU1_GSUAMB_GSUC0_GSUWGMRR0_GLS0_ISA1201_IU1_K1_LDSTI0_LBSPPA128_LBSPPB0_LBSPPM0_LPA16_LPB0_LPM0_LRVW8_LWPMn1_MIAV1_MIWT1_1_MO40_NTn1_NTA0_NTB0_NTC0_NTD0_NTM0_NEPBS0_NLCA1_NLCB2_ONLL1_PGR2_PLR1_PKA0_SIA3_SS0_SU32_SUM0_SUS256_SPO0_SRVW0_SSO0_SVW8_SK0_SKFTR0_SKXCCM0_TLDS2_ULSGRO0_USL1_UIOFGRO0_USFGROn1_VSn1_VWA1_VWB1_WSGRA0_WSGRB0_WS32_WG16_2_1_WGM8_WGMXCC1_WGMXCCGn1\",\"workspace_bytes\":0},\"bias_type\":\"HIP_R_16F\",\"compute_type\":\"HIPBLAS_COMPUTE_32F\",\"d_type\":\"HIP_R_16F\",\"direction\":\"NN\",\"epilogue\":\"RELU_BIAS\",\"execution_handle_count\":2,\"fresh_repeat\":1,\"heuristic_count\":32,\"heuristic_status\":0,\"k\":32,\"launches\":[{\"launch\":1,\"matmul_status\":0,\"output_memory\":{\"payload_unchanged\":false,\"prefix_guard_intact\":true,\"suffix_guard_intact\":true},\"stream_index\":0,\"synchronize_status\":0},{\"launch\":2,\"matmul_status\":0,\"output_memory\":{\"payload_unchanged\":false,\"prefix_guard_intact\":true,\"suffix_guard_intact\":true},\"stream_index\":1,\"synchronize_status\":0},{\"launch\":3,\"matmul_status\":0,\"output_memory\":{\"payload_unchanged\":false,\"prefix_guard_intact\":true,\"suffix_guard_intact\":true},\"stream_index\":0,\"synchronize_status\":0},{\"launch\":4,\"matmul_status\":0,\"output_memory\":{\"payload_unchanged\":false,\"prefix_guard_intact\":true,\"suffix_guard_intact\":true},\"stream_index\":1,\"synchronize_status\":0},{\"launch\":5,\"matmul_status\":0,\"output_memory\":{\"payload_unchanged\":false,\"prefix_guard_intact\":true,\"suffix_guard_intact\":true},\"stream_index\":0,\"synchronize_status\":0},{\"launch\":6,\"matmul_status\":0,\"output_memory\":{\"payload_unchanged\":false,\"prefix_guard_intact\":true,\"suffix_guard_intact\":true},\"stream_index\":1,\"synchronize_status\":0}],\"m\":128,\"marker\":\"TCNN_RDNA4_P3B1B_FP16_FORWARD_001\",\"n\":16,\"numerics\":{\"inf_count\":0,\"max_abs\":0.0,\"max_rel_outside_1e-3\":0.0,\"nan_count\":0,\"normalized_l2\":0.0,\"relu_mask_mismatches\":0},\"probe_state\":\"EXECUTED\",\"process_status\":\"PASS\",\"selected_candidate\":0,\"steady_state\":{\"launches\":4,\"new_descriptors\":0,\"new_handles\":0,\"new_heuristic_queries\":0,\"workspace_growth_bytes\":0},\"stream_count\":2,\"target_coverage\":{\"bias_axis_rows\":128,\"bias_sign_flip_count\":710,\"exact_zero_count\":949,\"large_finite_bias\":true,\"near_zero_count\":966},\"workspace_memory\":{\"payload_unchanged\":true,\"prefix_guard_intact\":true,\"suffix_guard_intact\":true}}\n",
      "stderr": ""
    },
    {
      "command": [
        "/tmp/tcnn_p3b1b_epi_uqmydzeb/probe_phase3b1b",
        "128",
        "16",
        "32",
        "RELU_BIAS",
        "f16",
        "2"
      ],
      "returncode": 0,
      "stdout": "{\"algorithm\":{\"index\":84818,\"kernel_name\":\"Cijk_Ailk_Bljk_HHS_BH_Bias_HA_S_SAV_UserArgs_MT16x16x32_MI16x16x1_SN_LDSB1_AFC1_AFEM1_AFEM1_ASEM32_CLR1_CADS0_DTLA0_DTLB0_DTVA0_DTVB1_EPS0_FDSI0_GRPM1_GRVWA8_GRVWB8_GSUAMB_GLS0_ISA1201_IU1_K1_LDSTI0_LBSPPA128_LBSPPB0_LBSPPM0_LPA16_LPB0_LPM0_LRVW8_LWPMn1_MIAV1_MIWT1_1_MO40_NTn1_NTA0_NTB0_NTC0_NTD0_NTM0_NEPBS0_NLCA1_NLCB2_ONLL1_PGR2_PLR1_PKA0_SIA3_SS0_SPO0_SRVW0_SSO0_SVW8_SK0_SKFTR0_SKXCCM0_TLDS2_ULSGRO0_USL1_UIOFGRO0_USFGROn1_VSn1_VWA1_VWB1_WSGRA0_WSGRB0_WS32_WG16_2_1\",\"solution_name\":\"Cijk_Ailk_Bljk_HHS_BH_Bias_HA_S_SAV_UserArgs_MT16x16x32_MI16x16x1_SN_LDSB1_AFC1_AFEM1_AFEM1_ASEM32_CLR1_CADS0_DTLA0_DTLB0_DTVA0_DTVB1_EPS0_FDSI0_GRPM1_GRVWA8_GRVWB8_GSU1_GSUAMB_GSUC0_GSUWGMRR0_GLS0_ISA1201_IU1_K1_LDSTI0_LBSPPA128_LBSPPB0_LBSPPM0_LPA16_LPB0_LPM0_LRVW8_LWPMn1_MIAV1_MIWT1_1_MO40_NTn1_NTA0_NTB0_NTC0_NTD0_NTM0_NEPBS0_NLCA1_NLCB2_ONLL1_PGR2_PLR1_PKA0_SIA3_SS0_SU32_SUM0_SUS256_SPO0_SRVW0_SSO0_SVW8_SK0_SKFTR0_SKXCCM0_TLDS2_ULSGRO0_USL1_UIOFGRO0_USFGROn1_VSn1_VWA1_VWB1_WSGRA0_WSGRB0_WS32_WG16_2_1_WGM8_WGMXCC1_WGMXCCGn1\",\"workspace_bytes\":0},\"bias_type\":\"HIP_R_16F\",\"compute_type\":\"HIPBLAS_COMPUTE_32F\",\"d_type\":\"HIP_R_16F\",\"direction\":\"NN\",\"epilogue\":\"RELU_BIAS\",\"execution_handle_count\":2,\"fresh_repeat\":2,\"heuristic_count\":32,\"heuristic_status\":0,\"k\":32,\"launches\":[{\"launch\":1,\"matmul_status\":0,\"output_memory\":{\"payload_unchanged\":false,\"prefix_guard_intact\":true,\"suffix_guard_intact\":true},\"stream_index\":0,\"synchronize_status\":0},{\"launch\":2,\"matmul_status\":0,\"output_memory\":{\"payload_unchanged\":false,\"prefix_guard_intact\":true,\"suffix_guard_intact\":true},\"stream_index\":1,\"synchronize_status\":0},{\"launch\":3,\"matmul_status\":0,\"output_memory\":{\"payload_unchanged\":false,\"prefix_guard_intact\":true,\"suffix_guard_intact\":true},\"stream_index\":0,\"synchronize_status\":0},{\"launch\":4,\"matmul_status\":0,\"output_memory\":{\"payload_unchanged\":false,\"prefix_guard_intact\":true,\"suffix_guard_intact\":true},\"stream_index\":1,\"synchronize_status\":0},{\"launch\":5,\"matmul_status\":0,\"output_memory\":{\"payload_unchanged\":false,\"prefix_guard_intact\":true,\"suffix_guard_intact\":true},\"stream_index\":0,\"synchronize_status\":0},{\"launch\":6,\"matmul_status\":0,\"output_memory\":{\"payload_unchanged\":false,\"prefix_guard_intact\":true,\"suffix_guard_intact\":true},\"stream_index\":1,\"synchronize_status\":0}],\"m\":128,\"marker\":\"TCNN_RDNA4_P3B1B_FP16_FORWARD_001\",\"n\":16,\"numerics\":{\"inf_count\":0,\"max_abs\":0.0,\"max_rel_outside_1e-3\":0.0,\"nan_count\":0,\"normalized_l2\":0.0,\"relu_mask_mismatches\":0},\"probe_state\":\"EXECUTED\",\"process_status\":\"PASS\",\"selected_candidate\":0,\"steady_state\":{\"launches\":4,\"new_descriptors\":0,\"new_handles\":0,\"new_heuristic_queries\":0,\"workspace_growth_bytes\":0},\"stream_count\":2,\"target_coverage\":{\"bias_axis_rows\":128,\"bias_sign_flip_count\":710,\"exact_zero_count\":949,\"large_finite_bias\":true,\"near_zero_count\":966},\"workspace_memory\":{\"payload_unchanged\":true,\"prefix_guard_intact\":true,\"suffix_guard_intact\":true}}\n",
      "stderr": ""
    },
    {
      "command": [
        "/tmp/tcnn_p3b1b_epi_uqmydzeb/probe_phase3b1b",
        "128",
        "16",
        "32",
        "RELU_BIAS",
        "f32",
        "1"
      ],
      "returncode": 0,
      "stdout": "{\"algorithm\":{\"index\":86495,\"kernel_name\":\"Cijk_Ailk_Bljk_HSS_BH_Bias_HA_S_SAV_UserArgs_MT16x16x32_MI16x16x1_SN_LDSB1_AFC1_AFEM1_AFEM1_ASEM32_CLR1_CADS0_DTLA0_DTLB0_DTVA0_DTVB1_EPS0_FDSI0_GRPM1_GRVWA8_GRVWB8_GSUAMB_GLS0_ISA1201_IU1_K1_LDSTI0_LBSPPA128_LBSPPB0_LBSPPM0_LPA16_LPB0_LPM0_LRVW8_LWPMn1_MIAV1_MIWT1_1_MO40_NTn1_NTA0_NTB0_NTC0_NTD0_NTM0_NEPBS0_NLCA1_NLCB2_ONLL1_PGR2_PLR1_PKA0_SIA3_SS0_SPO0_SRVW0_SSO0_SVW8_SK0_SKFTR0_SKXCCM0_TLDS2_ULSGRO0_USL1_UIOFGRO0_USFGROn1_VSn1_VWA1_VWB1_WSGRA0_WSGRB0_WS32_WG16_2_1\",\"solution_name\":\"Cijk_Ailk_Bljk_HSS_BH_Bias_HA_S_SAV_UserArgs_MT16x16x32_MI16x16x1_SN_LDSB1_AFC1_AFEM1_AFEM1_ASEM32_CLR1_CADS0_DTLA0_DTLB0_DTVA0_DTVB1_EPS0_FDSI0_GRPM1_GRVWA8_GRVWB8_GSU1_GSUAMB_GSUC0_GSUWGMRR0_GLS0_ISA1201_IU1_K1_LDSTI0_LBSPPA128_LBSPPB0_LBSPPM0_LPA16_LPB0_LPM0_LRVW8_LWPMn1_MIAV1_MIWT1_1_MO40_NTn1_NTA0_NTB0_NTC0_NTD0_NTM0_NEPBS0_NLCA1_NLCB2_ONLL1_PGR2_PLR1_PKA0_SIA3_SS0_SU32_SUM0_SUS256_SPO0_SRVW0_SSO0_SVW8_SK0_SKFTR0_SKXCCM0_TLDS2_ULSGRO0_USL1_UIOFGRO0_USFGROn1_VSn1_VWA1_VWB1_WSGRA0_WSGRB0_WS32_WG16_2_1_WGM8_WGMXCC1_WGMXCCGn1\",\"workspace_bytes\":0},\"bias_type\":\"HIP_R_16F\",\"compute_type\":\"HIPBLAS_COMPUTE_32F\",\"d_type\":\"HIP_R_32F\",\"direction\":\"NN\",\"epilogue\":\"RELU_BIAS\",\"execution_handle_count\":2,\"fresh_repeat\":1,\"heuristic_count\":32,\"heuristic_status\":0,\"k\":32,\"launches\":[{\"launch\":1,\"matmul_status\":0,\"output_memory\":{\"payload_unchanged\":false,\"prefix_guard_intact\":true,\"suffix_guard_intact\":true},\"stream_index\":0,\"synchronize_status\":0},{\"launch\":2,\"matmul_status\":0,\"output_memory\":{\"payload_unchanged\":false,\"prefix_guard_intact\":true,\"suffix_guard_intact\":true},\"stream_index\":1,\"synchronize_status\":0},{\"launch\":3,\"matmul_status\":0,\"output_memory\":{\"payload_unchanged\":false,\"prefix_guard_intact\":true,\"suffix_guard_intact\":true},\"stream_index\":0,\"synchronize_status\":0},{\"launch\":4,\"matmul_status\":0,\"output_memory\":{\"payload_unchanged\":false,\"prefix_guard_intact\":true,\"suffix_guard_intact\":true},\"stream_index\":1,\"synchronize_status\":0},{\"launch\":5,\"matmul_status\":0,\"output_memory\":{\"payload_unchanged\":false,\"prefix_guard_intact\":true,\"suffix_guard_intact\":true},\"stream_index\":0,\"synchronize_status\":0},{\"launch\":6,\"matmul_status\":0,\"output_memory\":{\"payload_unchanged\":false,\"prefix_guard_intact\":true,\"suffix_guard_intact\":true},\"stream_index\":1,\"synchronize_status\":0}],\"m\":128,\"marker\":\"TCNN_RDNA4_P3B1B_FP16_FORWARD_001\",\"n\":16,\"numerics\":{\"inf_count\":0,\"max_abs\":0.0,\"max_rel_outside_1e-3\":0.0,\"nan_count\":0,\"normalized_l2\":0.0,\"relu_mask_mismatches\":0},\"probe_state\":\"EXECUTED\",\"process_status\":\"PASS\",\"selected_candidate\":0,\"steady_state\":{\"launches\":4,\"new_descriptors\":0,\"new_handles\":0,\"new_heuristic_queries\":0,\"workspace_growth_bytes\":0},\"stream_count\":2,\"target_coverage\":{\"bias_axis_rows\":128,\"bias_sign_flip_count\":710,\"exact_zero_count\":949,\"large_finite_bias\":true,\"near_zero_count\":966},\"workspace_memory\":{\"payload_unchanged\":true,\"prefix_guard_intact\":true,\"suffix_guard_intact\":true}}\n",
      "stderr": ""
    },
    {
      "command": [
        "/tmp/tcnn_p3b1b_epi_uqmydzeb/probe_phase3b1b",
        "128",
        "16",
        "32",
        "RELU_BIAS",
        "f32",
        "2"
      ],
      "returncode": 0,
      "stdout": "{\"algorithm\":{\"index\":86495,\"kernel_name\":\"Cijk_Ailk_Bljk_HSS_BH_Bias_HA_S_SAV_UserArgs_MT16x16x32_MI16x16x1_SN_LDSB1_AFC1_AFEM1_AFEM1_ASEM32_CLR1_CADS0_DTLA0_DTLB0_DTVA0_DTVB1_EPS0_FDSI0_GRPM1_GRVWA8_GRVWB8_GSUAMB_GLS0_ISA1201_IU1_K1_LDSTI0_LBSPPA128_LBSPPB0_LBSPPM0_LPA16_LPB0_LPM0_LRVW8_LWPMn1_MIAV1_MIWT1_1_MO40_NTn1_NTA0_NTB0_NTC0_NTD0_NTM0_NEPBS0_NLCA1_NLCB2_ONLL1_PGR2_PLR1_PKA0_SIA3_SS0_SPO0_SRVW0_SSO0_SVW8_SK0_SKFTR0_SKXCCM0_TLDS2_ULSGRO0_USL1_UIOFGRO0_USFGROn1_VSn1_VWA1_VWB1_WSGRA0_WSGRB0_WS32_WG16_2_1\",\"solution_name\":\"Cijk_Ailk_Bljk_HSS_BH_Bias_HA_S_SAV_UserArgs_MT16x16x32_MI16x16x1_SN_LDSB1_AFC1_AFEM1_AFEM1_ASEM32_CLR1_CADS0_DTLA0_DTLB0_DTVA0_DTVB1_EPS0_FDSI0_GRPM1_GRVWA8_GRVWB8_GSU1_GSUAMB_GSUC0_GSUWGMRR0_GLS0_ISA1201_IU1_K1_LDSTI0_LBSPPA128_LBSPPB0_LBSPPM0_LPA16_LPB0_LPM0_LRVW8_LWPMn1_MIAV1_MIWT1_1_MO40_NTn1_NTA0_NTB0_NTC0_NTD0_NTM0_NEPBS0_NLCA1_NLCB2_ONLL1_PGR2_PLR1_PKA0_SIA3_SS0_SU32_SUM0_SUS256_SPO0_SRVW0_SSO0_SVW8_SK0_SKFTR0_SKXCCM0_TLDS2_ULSGRO0_USL1_UIOFGRO0_USFGROn1_VSn1_VWA1_VWB1_WSGRA0_WSGRB0_WS32_WG16_2_1_WGM8_WGMXCC1_WGMXCCGn1\",\"workspace_bytes\":0},\"bias_type\":\"HIP_R_16F\",\"compute_type\":\"HIPBLAS_COMPUTE_32F\",\"d_type\":\"HIP_R_32F\",\"direction\":\"NN\",\"epilogue\":\"RELU_BIAS\",\"execution_handle_count\":2,\"fresh_repeat\":2,\"heuristic_count\":32,\"heuristic_status\":0,\"k\":32,\"launches\":[{\"launch\":1,\"matmul_status\":0,\"output_memory\":{\"payload_unchanged\":false,\"prefix_guard_intact\":true,\"suffix_guard_intact\":true},\"stream_index\":0,\"synchronize_status\":0},{\"launch\":2,\"matmul_status\":0,\"output_memory\":{\"payload_unchanged\":false,\"prefix_guard_intact\":true,\"suffix_guard_intact\":true},\"stream_index\":1,\"synchronize_status\":0},{\"launch\":3,\"matmul_status\":0,\"output_memory\":{\"payload_unchanged\":false,\"prefix_guard_intact\":true,\"suffix_guard_intact\":true},\"stream_index\":0,\"synchronize_status\":0},{\"launch\":4,\"matmul_status\":0,\"output_memory\":{\"payload_unchanged\":false,\"prefix_guard_intact\":true,\"suffix_guard_intact\":true},\"stream_index\":1,\"synchronize_status\":0},{\"launch\":5,\"matmul_status\":0,\"output_memory\":{\"payload_unchanged\":false,\"prefix_guard_intact\":true,\"suffix_guard_intact\":true},\"stream_index\":0,\"synchronize_status\":0},{\"launch\":6,\"matmul_status\":0,\"output_memory\":{\"payload_unchanged\":false,\"prefix_guard_intact\":true,\"suffix_guard_intact\":true},\"stream_index\":1,\"synchronize_status\":0}],\"m\":128,\"marker\":\"TCNN_RDNA4_P3B1B_FP16_FORWARD_001\",\"n\":16,\"numerics\":{\"inf_count\":0,\"max_abs\":0.0,\"max_rel_outside_1e-3\":0.0,\"nan_count\":0,\"normalized_l2\":0.0,\"relu_mask_mismatches\":0},\"probe_state\":\"EXECUTED\",\"process_status\":\"PASS\",\"selected_candidate\":0,\"steady_state\":{\"launches\":4,\"new_descriptors\":0,\"new_handles\":0,\"new_heuristic_queries\":0,\"workspace_growth_bytes\":0},\"stream_count\":2,\"target_coverage\":{\"bias_axis_rows\":128,\"bias_sign_flip_count\":710,\"exact_zero_count\":949,\"large_finite_bias\":true,\"near_zero_count\":966},\"workspace_memory\":{\"payload_unchanged\":true,\"prefix_guard_intact\":true,\"suffix_guard_intact\":true}}\n",
      "stderr": ""
    },
    {
      "command": [
        "/tmp/tcnn_p3b1b_epi_uqmydzeb/probe_phase3b1b",
        "128",
        "16",
        "64",
        "BIAS",
        "f16",
        "1"
      ],
      "returncode": 0,
      "stdout": "{\"algorithm\":{\"index\":84818,\"kernel_name\":\"Cijk_Ailk_Bljk_HHS_BH_Bias_HA_S_SAV_UserArgs_MT16x16x32_MI16x16x1_SN_LDSB1_AFC1_AFEM1_AFEM1_ASEM32_CLR1_CADS0_DTLA0_DTLB0_DTVA0_DTVB1_EPS0_FDSI0_GRPM1_GRVWA8_GRVWB8_GSUAMB_GLS0_ISA1201_IU1_K1_LDSTI0_LBSPPA128_LBSPPB0_LBSPPM0_LPA16_LPB0_LPM0_LRVW8_LWPMn1_MIAV1_MIWT1_1_MO40_NTn1_NTA0_NTB0_NTC0_NTD0_NTM0_NEPBS0_NLCA1_NLCB2_ONLL1_PGR2_PLR1_PKA0_SIA3_SS0_SPO0_SRVW0_SSO0_SVW8_SK0_SKFTR0_SKXCCM0_TLDS2_ULSGRO0_USL1_UIOFGRO0_USFGROn1_VSn1_VWA1_VWB1_WSGRA0_WSGRB0_WS32_WG16_2_1\",\"solution_name\":\"Cijk_Ailk_Bljk_HHS_BH_Bias_HA_S_SAV_UserArgs_MT16x16x32_MI16x16x1_SN_LDSB1_AFC1_AFEM1_AFEM1_ASEM32_CLR1_CADS0_DTLA0_DTLB0_DTVA0_DTVB1_EPS0_FDSI0_GRPM1_GRVWA8_GRVWB8_GSU1_GSUAMB_GSUC0_GSUWGMRR0_GLS0_ISA1201_IU1_K1_LDSTI0_LBSPPA128_LBSPPB0_LBSPPM0_LPA16_LPB0_LPM0_LRVW8_LWPMn1_MIAV1_MIWT1_1_MO40_NTn1_NTA0_NTB0_NTC0_NTD0_NTM0_NEPBS0_NLCA1_NLCB2_ONLL1_PGR2_PLR1_PKA0_SIA3_SS0_SU32_SUM0_SUS256_SPO0_SRVW0_SSO0_SVW8_SK0_SKFTR0_SKXCCM0_TLDS2_ULSGRO0_USL1_UIOFGRO0_USFGROn1_VSn1_VWA1_VWB1_WSGRA0_WSGRB0_WS32_WG16_2_1_WGM8_WGMXCC1_WGMXCCGn1\",\"workspace_bytes\":0},\"bias_type\":\"HIP_R_16F\",\"compute_type\":\"HIPBLAS_COMPUTE_32F\",\"d_type\":\"HIP_R_16F\",\"direction\":\"NN\",\"epilogue\":\"BIAS\",\"execution_handle_count\":2,\"fresh_repeat\":1,\"heuristic_count\":32,\"heuristic_status\":0,\"k\":64,\"launches\":[{\"launch\":1,\"matmul_status\":0,\"output_memory\":{\"payload_unchanged\":false,\"prefix_guard_intact\":true,\"suffix_guard_intact\":true},\"stream_index\":0,\"synchronize_status\":0},{\"launch\":2,\"matmul_status\":0,\"output_memory\":{\"payload_unchanged\":false,\"prefix_guard_intact\":true,\"suffix_guard_intact\":true},\"stream_index\":1,\"synchronize_status\":0},{\"launch\":3,\"matmul_status\":0,\"output_memory\":{\"payload_unchanged\":false,\"prefix_guard_intact\":true,\"suffix_guard_intact\":true},\"stream_index\":0,\"synchronize_status\":0},{\"launch\":4,\"matmul_status\":0,\"output_memory\":{\"payload_unchanged\":false,\"prefix_guard_intact\":true,\"suffix_guard_intact\":true},\"stream_index\":1,\"synchronize_status\":0},{\"launch\":5,\"matmul_status\":0,\"output_memory\":{\"payload_unchanged\":false,\"prefix_guard_intact\":true,\"suffix_guard_intact\":true},\"stream_index\":0,\"synchronize_status\":0},{\"launch\":6,\"matmul_status\":0,\"output_memory\":{\"payload_unchanged\":false,\"prefix_guard_intact\":true,\"suffix_guard_intact\":true},\"stream_index\":1,\"synchronize_status\":0}],\"m\":128,\"marker\":\"TCNN_RDNA4_P3B1B_FP16_FORWARD_001\",\"n\":16,\"numerics\":{\"inf_count\":0,\"max_abs\":0.0,\"max_rel_outside_1e-3\":0.0,\"nan_count\":0,\"normalized_l2\":0.0,\"relu_mask_mismatches\":0},\"probe_state\":\"EXECUTED\",\"process_status\":\"PASS\",\"selected_candidate\":0,\"steady_state\":{\"launches\":4,\"new_descriptors\":0,\"new_handles\":0,\"new_heuristic_queries\":0,\"workspace_growth_bytes\":0},\"stream_count\":2,\"target_coverage\":{\"bias_axis_rows\":128,\"bias_sign_flip_count\":641,\"exact_zero_count\":5,\"large_finite_bias\":true,\"near_zero_count\":49},\"workspace_memory\":{\"payload_unchanged\":true,\"prefix_guard_intact\":true,\"suffix_guard_intact\":true}}\n",
      "stderr": ""
    },
    {
      "command": [
        "/tmp/tcnn_p3b1b_epi_uqmydzeb/probe_phase3b1b",
        "128",
        "16",
        "64",
        "BIAS",
        "f16",
        "2"
      ],
      "returncode": 0,
      "stdout": "{\"algorithm\":{\"index\":84818,\"kernel_name\":\"Cijk_Ailk_Bljk_HHS_BH_Bias_HA_S_SAV_UserArgs_MT16x16x32_MI16x16x1_SN_LDSB1_AFC1_AFEM1_AFEM1_ASEM32_CLR1_CADS0_DTLA0_DTLB0_DTVA0_DTVB1_EPS0_FDSI0_GRPM1_GRVWA8_GRVWB8_GSUAMB_GLS0_ISA1201_IU1_K1_LDSTI0_LBSPPA128_LBSPPB0_LBSPPM0_LPA16_LPB0_LPM0_LRVW8_LWPMn1_MIAV1_MIWT1_1_MO40_NTn1_NTA0_NTB0_NTC0_NTD0_NTM0_NEPBS0_NLCA1_NLCB2_ONLL1_PGR2_PLR1_PKA0_SIA3_SS0_SPO0_SRVW0_SSO0_SVW8_SK0_SKFTR0_SKXCCM0_TLDS2_ULSGRO0_USL1_UIOFGRO0_USFGROn1_VSn1_VWA1_VWB1_WSGRA0_WSGRB0_WS32_WG16_2_1\",\"solution_name\":\"Cijk_Ailk_Bljk_HHS_BH_Bias_HA_S_SAV_UserArgs_MT16x16x32_MI16x16x1_SN_LDSB1_AFC1_AFEM1_AFEM1_ASEM32_CLR1_CADS0_DTLA0_DTLB0_DTVA0_DTVB1_EPS0_FDSI0_GRPM1_GRVWA8_GRVWB8_GSU1_GSUAMB_GSUC0_GSUWGMRR0_GLS0_ISA1201_IU1_K1_LDSTI0_LBSPPA128_LBSPPB0_LBSPPM0_LPA16_LPB0_LPM0_LRVW8_LWPMn1_MIAV1_MIWT1_1_MO40_NTn1_NTA0_NTB0_NTC0_NTD0_NTM0_NEPBS0_NLCA1_NLCB2_ONLL1_PGR2_PLR1_PKA0_SIA3_SS0_SU32_SUM0_SUS256_SPO0_SRVW0_SSO0_SVW8_SK0_SKFTR0_SKXCCM0_TLDS2_ULSGRO0_USL1_UIOFGRO0_USFGROn1_VSn1_VWA1_VWB1_WSGRA0_WSGRB0_WS32_WG16_2_1_WGM8_WGMXCC1_WGMXCCGn1\",\"workspace_bytes\":0},\"bias_type\":\"HIP_R_16F\",\"compute_type\":\"HIPBLAS_COMPUTE_32F\",\"d_type\":\"HIP_R_16F\",\"direction\":\"NN\",\"epilogue\":\"BIAS\",\"execution_handle_count\":2,\"fresh_repeat\":2,\"heuristic_count\":32,\"heuristic_status\":0,\"k\":64,\"launches\":[{\"launch\":1,\"matmul_status\":0,\"output_memory\":{\"payload_unchanged\":false,\"prefix_guard_intact\":true,\"suffix_guard_intact\":true},\"stream_index\":0,\"synchronize_status\":0},{\"launch\":2,\"matmul_status\":0,\"output_memory\":{\"payload_unchanged\":false,\"prefix_guard_intact\":true,\"suffix_guard_intact\":true},\"stream_index\":1,\"synchronize_status\":0},{\"launch\":3,\"matmul_status\":0,\"output_memory\":{\"payload_unchanged\":false,\"prefix_guard_intact\":true,\"suffix_guard_intact\":true},\"stream_index\":0,\"synchronize_status\":0},{\"launch\":4,\"matmul_status\":0,\"output_memory\":{\"payload_unchanged\":false,\"prefix_guard_intact\":true,\"suffix_guard_intact\":true},\"stream_index\":1,\"synchronize_status\":0},{\"launch\":5,\"matmul_status\":0,\"output_memory\":{\"payload_unchanged\":false,\"prefix_guard_intact\":true,\"suffix_guard_intact\":true},\"stream_index\":0,\"synchronize_status\":0},{\"launch\":6,\"matmul_status\":0,\"output_memory\":{\"payload_unchanged\":false,\"prefix_guard_intact\":true,\"suffix_guard_intact\":true},\"stream_index\":1,\"synchronize_status\":0}],\"m\":128,\"marker\":\"TCNN_RDNA4_P3B1B_FP16_FORWARD_001\",\"n\":16,\"numerics\":{\"inf_count\":0,\"max_abs\":0.0,\"max_rel_outside_1e-3\":0.0,\"nan_count\":0,\"normalized_l2\":0.0,\"relu_mask_mismatches\":0},\"probe_state\":\"EXECUTED\",\"process_status\":\"PASS\",\"selected_candidate\":0,\"steady_state\":{\"launches\":4,\"new_descriptors\":0,\"new_handles\":0,\"new_heuristic_queries\":0,\"workspace_growth_bytes\":0},\"stream_count\":2,\"target_coverage\":{\"bias_axis_rows\":128,\"bias_sign_flip_count\":641,\"exact_zero_count\":5,\"large_finite_bias\":true,\"near_zero_count\":49},\"workspace_memory\":{\"payload_unchanged\":true,\"prefix_guard_intact\":true,\"suffix_guard_intact\":true}}\n",
      "stderr": ""
    },
    {
      "command": [
        "/tmp/tcnn_p3b1b_epi_uqmydzeb/probe_phase3b1b",
        "128",
        "16",
        "64",
        "BIAS",
        "f32",
        "1"
      ],
      "returncode": 0,
      "stdout": "{\"algorithm\":{\"index\":86495,\"kernel_name\":\"Cijk_Ailk_Bljk_HSS_BH_Bias_HA_S_SAV_UserArgs_MT16x16x32_MI16x16x1_SN_LDSB1_AFC1_AFEM1_AFEM1_ASEM32_CLR1_CADS0_DTLA0_DTLB0_DTVA0_DTVB1_EPS0_FDSI0_GRPM1_GRVWA8_GRVWB8_GSUAMB_GLS0_ISA1201_IU1_K1_LDSTI0_LBSPPA128_LBSPPB0_LBSPPM0_LPA16_LPB0_LPM0_LRVW8_LWPMn1_MIAV1_MIWT1_1_MO40_NTn1_NTA0_NTB0_NTC0_NTD0_NTM0_NEPBS0_NLCA1_NLCB2_ONLL1_PGR2_PLR1_PKA0_SIA3_SS0_SPO0_SRVW0_SSO0_SVW8_SK0_SKFTR0_SKXCCM0_TLDS2_ULSGRO0_USL1_UIOFGRO0_USFGROn1_VSn1_VWA1_VWB1_WSGRA0_WSGRB0_WS32_WG16_2_1\",\"solution_name\":\"Cijk_Ailk_Bljk_HSS_BH_Bias_HA_S_SAV_UserArgs_MT16x16x32_MI16x16x1_SN_LDSB1_AFC1_AFEM1_AFEM1_ASEM32_CLR1_CADS0_DTLA0_DTLB0_DTVA0_DTVB1_EPS0_FDSI0_GRPM1_GRVWA8_GRVWB8_GSU1_GSUAMB_GSUC0_GSUWGMRR0_GLS0_ISA1201_IU1_K1_LDSTI0_LBSPPA128_LBSPPB0_LBSPPM0_LPA16_LPB0_LPM0_LRVW8_LWPMn1_MIAV1_MIWT1_1_MO40_NTn1_NTA0_NTB0_NTC0_NTD0_NTM0_NEPBS0_NLCA1_NLCB2_ONLL1_PGR2_PLR1_PKA0_SIA3_SS0_SU32_SUM0_SUS256_SPO0_SRVW0_SSO0_SVW8_SK0_SKFTR0_SKXCCM0_TLDS2_ULSGRO0_USL1_UIOFGRO0_USFGROn1_VSn1_VWA1_VWB1_WSGRA0_WSGRB0_WS32_WG16_2_1_WGM8_WGMXCC1_WGMXCCGn1\",\"workspace_bytes\":0},\"bias_type\":\"HIP_R_16F\",\"compute_type\":\"HIPBLAS_COMPUTE_32F\",\"d_type\":\"HIP_R_32F\",\"direction\":\"NN\",\"epilogue\":\"BIAS\",\"execution_handle_count\":2,\"fresh_repeat\":1,\"heuristic_count\":32,\"heuristic_status\":0,\"k\":64,\"launches\":[{\"launch\":1,\"matmul_status\":0,\"output_memory\":{\"payload_unchanged\":false,\"prefix_guard_intact\":true,\"suffix_guard_intact\":true},\"stream_index\":0,\"synchronize_status\":0},{\"launch\":2,\"matmul_status\":0,\"output_memory\":{\"payload_unchanged\":false,\"prefix_guard_intact\":true,\"suffix_guard_intact\":true},\"stream_index\":1,\"synchronize_status\":0},{\"launch\":3,\"matmul_status\":0,\"output_memory\":{\"payload_unchanged\":false,\"prefix_guard_intact\":true,\"suffix_guard_intact\":true},\"stream_index\":0,\"synchronize_status\":0},{\"launch\":4,\"matmul_status\":0,\"output_memory\":{\"payload_unchanged\":false,\"prefix_guard_intact\":true,\"suffix_guard_intact\":true},\"stream_index\":1,\"synchronize_status\":0},{\"launch\":5,\"matmul_status\":0,\"output_memory\":{\"payload_unchanged\":false,\"prefix_guard_intact\":true,\"suffix_guard_intact\":true},\"stream_index\":0,\"synchronize_status\":0},{\"launch\":6,\"matmul_status\":0,\"output_memory\":{\"payload_unchanged\":false,\"prefix_guard_intact\":true,\"suffix_guard_intact\":true},\"stream_index\":1,\"synchronize_status\":0}],\"m\":128,\"marker\":\"TCNN_RDNA4_P3B1B_FP16_FORWARD_001\",\"n\":16,\"numerics\":{\"inf_count\":0,\"max_abs\":0.0,\"max_rel_outside_1e-3\":0.0,\"nan_count\":0,\"normalized_l2\":0.0,\"relu_mask_mismatches\":0},\"probe_state\":\"EXECUTED\",\"process_status\":\"PASS\",\"selected_candidate\":0,\"steady_state\":{\"launches\":4,\"new_descriptors\":0,\"new_handles\":0,\"new_heuristic_queries\":0,\"workspace_growth_bytes\":0},\"stream_count\":2,\"target_coverage\":{\"bias_axis_rows\":128,\"bias_sign_flip_count\":641,\"exact_zero_count\":5,\"large_finite_bias\":true,\"near_zero_count\":49},\"workspace_memory\":{\"payload_unchanged\":true,\"prefix_guard_intact\":true,\"suffix_guard_intact\":true}}\n",
      "stderr": ""
    },
    {
      "command": [
        "/tmp/tcnn_p3b1b_epi_uqmydzeb/probe_phase3b1b",
        "128",
        "16",
        "64",
        "BIAS",
        "f32",
        "2"
      ],
      "returncode": 0,
      "stdout": "{\"algorithm\":{\"index\":86495,\"kernel_name\":\"Cijk_Ailk_Bljk_HSS_BH_Bias_HA_S_SAV_UserArgs_MT16x16x32_MI16x16x1_SN_LDSB1_AFC1_AFEM1_AFEM1_ASEM32_CLR1_CADS0_DTLA0_DTLB0_DTVA0_DTVB1_EPS0_FDSI0_GRPM1_GRVWA8_GRVWB8_GSUAMB_GLS0_ISA1201_IU1_K1_LDSTI0_LBSPPA128_LBSPPB0_LBSPPM0_LPA16_LPB0_LPM0_LRVW8_LWPMn1_MIAV1_MIWT1_1_MO40_NTn1_NTA0_NTB0_NTC0_NTD0_NTM0_NEPBS0_NLCA1_NLCB2_ONLL1_PGR2_PLR1_PKA0_SIA3_SS0_SPO0_SRVW0_SSO0_SVW8_SK0_SKFTR0_SKXCCM0_TLDS2_ULSGRO0_USL1_UIOFGRO0_USFGROn1_VSn1_VWA1_VWB1_WSGRA0_WSGRB0_WS32_WG16_2_1\",\"solution_name\":\"Cijk_Ailk_Bljk_HSS_BH_Bias_HA_S_SAV_UserArgs_MT16x16x32_MI16x16x1_SN_LDSB1_AFC1_AFEM1_AFEM1_ASEM32_CLR1_CADS0_DTLA0_DTLB0_DTVA0_DTVB1_EPS0_FDSI0_GRPM1_GRVWA8_GRVWB8_GSU1_GSUAMB_GSUC0_GSUWGMRR0_GLS0_ISA1201_IU1_K1_LDSTI0_LBSPPA128_LBSPPB0_LBSPPM0_LPA16_LPB0_LPM0_LRVW8_LWPMn1_MIAV1_MIWT1_1_MO40_NTn1_NTA0_NTB0_NTC0_NTD0_NTM0_NEPBS0_NLCA1_NLCB2_ONLL1_PGR2_PLR1_PKA0_SIA3_SS0_SU32_SUM0_SUS256_SPO0_SRVW0_SSO0_SVW8_SK0_SKFTR0_SKXCCM0_TLDS2_ULSGRO0_USL1_UIOFGRO0_USFGROn1_VSn1_VWA1_VWB1_WSGRA0_WSGRB0_WS32_WG16_2_1_WGM8_WGMXCC1_WGMXCCGn1\",\"workspace_bytes\":0},\"bias_type\":\"HIP_R_16F\",\"compute_type\":\"HIPBLAS_COMPUTE_32F\",\"d_type\":\"HIP_R_32F\",\"direction\":\"NN\",\"epilogue\":\"BIAS\",\"execution_handle_count\":2,\"fresh_repeat\":2,\"heuristic_count\":32,\"heuristic_status\":0,\"k\":64,\"launches\":[{\"launch\":1,\"matmul_status\":0,\"output_memory\":{\"payload_unchanged\":false,\"prefix_guard_intact\":true,\"suffix_guard_intact\":true},\"stream_index\":0,\"synchronize_status\":0},{\"launch\":2,\"matmul_status\":0,\"output_memory\":{\"payload_unchanged\":false,\"prefix_guard_intact\":true,\"suffix_guard_intact\":true},\"stream_index\":1,\"synchronize_status\":0},{\"launch\":3,\"matmul_status\":0,\"output_memory\":{\"payload_unchanged\":false,\"prefix_guard_intact\":true,\"suffix_guard_intact\":true},\"stream_index\":0,\"synchronize_status\":0},{\"launch\":4,\"matmul_status\":0,\"output_memory\":{\"payload_unchanged\":false,\"prefix_guard_intact\":true,\"suffix_guard_intact\":true},\"stream_index\":1,\"synchronize_status\":0},{\"launch\":5,\"matmul_status\":0,\"output_memory\":{\"payload_unchanged\":false,\"prefix_guard_intact\":true,\"suffix_guard_intact\":true},\"stream_index\":0,\"synchronize_status\":0},{\"launch\":6,\"matmul_status\":0,\"output_memory\":{\"payload_unchanged\":false,\"prefix_guard_intact\":true,\"suffix_guard_intact\":true},\"stream_index\":1,\"synchronize_status\":0}],\"m\":128,\"marker\":\"TCNN_RDNA4_P3B1B_FP16_FORWARD_001\",\"n\":16,\"numerics\":{\"inf_count\":0,\"max_abs\":0.0,\"max_rel_outside_1e-3\":0.0,\"nan_count\":0,\"normalized_l2\":0.0,\"relu_mask_mismatches\":0},\"probe_state\":\"EXECUTED\",\"process_status\":\"PASS\",\"selected_candidate\":0,\"steady_state\":{\"launches\":4,\"new_descriptors\":0,\"new_handles\":0,\"new_heuristic_queries\":0,\"workspace_growth_bytes\":0},\"stream_count\":2,\"target_coverage\":{\"bias_axis_rows\":128,\"bias_sign_flip_count\":641,\"exact_zero_count\":5,\"large_finite_bias\":true,\"near_zero_count\":49},\"workspace_memory\":{\"payload_unchanged\":true,\"prefix_guard_intact\":true,\"suffix_guard_intact\":true}}\n",
      "stderr": ""
    },
    {
      "command": [
        "/tmp/tcnn_p3b1b_epi_uqmydzeb/probe_phase3b1b",
        "128",
        "16",
        "64",
        "RELU_BIAS",
        "f16",
        "1"
      ],
      "returncode": 0,
      "stdout": "{\"algorithm\":{\"index\":84818,\"kernel_name\":\"Cijk_Ailk_Bljk_HHS_BH_Bias_HA_S_SAV_UserArgs_MT16x16x32_MI16x16x1_SN_LDSB1_AFC1_AFEM1_AFEM1_ASEM32_CLR1_CADS0_DTLA0_DTLB0_DTVA0_DTVB1_EPS0_FDSI0_GRPM1_GRVWA8_GRVWB8_GSUAMB_GLS0_ISA1201_IU1_K1_LDSTI0_LBSPPA128_LBSPPB0_LBSPPM0_LPA16_LPB0_LPM0_LRVW8_LWPMn1_MIAV1_MIWT1_1_MO40_NTn1_NTA0_NTB0_NTC0_NTD0_NTM0_NEPBS0_NLCA1_NLCB2_ONLL1_PGR2_PLR1_PKA0_SIA3_SS0_SPO0_SRVW0_SSO0_SVW8_SK0_SKFTR0_SKXCCM0_TLDS2_ULSGRO0_USL1_UIOFGRO0_USFGROn1_VSn1_VWA1_VWB1_WSGRA0_WSGRB0_WS32_WG16_2_1\",\"solution_name\":\"Cijk_Ailk_Bljk_HHS_BH_Bias_HA_S_SAV_UserArgs_MT16x16x32_MI16x16x1_SN_LDSB1_AFC1_AFEM1_AFEM1_ASEM32_CLR1_CADS0_DTLA0_DTLB0_DTVA0_DTVB1_EPS0_FDSI0_GRPM1_GRVWA8_GRVWB8_GSU1_GSUAMB_GSUC0_GSUWGMRR0_GLS0_ISA1201_IU1_K1_LDSTI0_LBSPPA128_LBSPPB0_LBSPPM0_LPA16_LPB0_LPM0_LRVW8_LWPMn1_MIAV1_MIWT1_1_MO40_NTn1_NTA0_NTB0_NTC0_NTD0_NTM0_NEPBS0_NLCA1_NLCB2_ONLL1_PGR2_PLR1_PKA0_SIA3_SS0_SU32_SUM0_SUS256_SPO0_SRVW0_SSO0_SVW8_SK0_SKFTR0_SKXCCM0_TLDS2_ULSGRO0_USL1_UIOFGRO0_USFGROn1_VSn1_VWA1_VWB1_WSGRA0_WSGRB0_WS32_WG16_2_1_WGM8_WGMXCC1_WGMXCCGn1\",\"workspace_bytes\":0},\"bias_type\":\"HIP_R_16F\",\"compute_type\":\"HIPBLAS_COMPUTE_32F\",\"d_type\":\"HIP_R_16F\",\"direction\":\"NN\",\"epilogue\":\"RELU_BIAS\",\"execution_handle_count\":2,\"fresh_repeat\":1,\"heuristic_count\":32,\"heuristic_status\":0,\"k\":64,\"launches\":[{\"launch\":1,\"matmul_status\":0,\"output_memory\":{\"payload_unchanged\":false,\"prefix_guard_intact\":true,\"suffix_guard_intact\":true},\"stream_index\":0,\"synchronize_status\":0},{\"launch\":2,\"matmul_status\":0,\"output_memory\":{\"payload_unchanged\":false,\"prefix_guard_intact\":true,\"suffix_guard_intact\":true},\"stream_index\":1,\"synchronize_status\":0},{\"launch\":3,\"matmul_status\":0,\"output_memory\":{\"payload_unchanged\":false,\"prefix_guard_intact\":true,\"suffix_guard_intact\":true},\"stream_index\":0,\"synchronize_status\":0},{\"launch\":4,\"matmul_status\":0,\"output_memory\":{\"payload_unchanged\":false,\"prefix_guard_intact\":true,\"suffix_guard_intact\":true},\"stream_index\":1,\"synchronize_status\":0},{\"launch\":5,\"matmul_status\":0,\"output_memory\":{\"payload_unchanged\":false,\"prefix_guard_intact\":true,\"suffix_guard_intact\":true},\"stream_index\":0,\"synchronize_status\":0},{\"launch\":6,\"matmul_status\":0,\"output_memory\":{\"payload_unchanged\":false,\"prefix_guard_intact\":true,\"suffix_guard_intact\":true},\"stream_index\":1,\"synchronize_status\":0}],\"m\":128,\"marker\":\"TCNN_RDNA4_P3B1B_FP16_FORWARD_001\",\"n\":16,\"numerics\":{\"inf_count\":0,\"max_abs\":0.0,\"max_rel_outside_1e-3\":0.0,\"nan_count\":0,\"normalized_l2\":0.0,\"relu_mask_mismatches\":0},\"probe_state\":\"EXECUTED\",\"process_status\":\"PASS\",\"selected_candidate\":0,\"steady_state\":{\"launches\":4,\"new_descriptors\":0,\"new_handles\":0,\"new_heuristic_queries\":0,\"workspace_growth_bytes\":0},\"stream_count\":2,\"target_coverage\":{\"bias_axis_rows\":128,\"bias_sign_flip_count\":641,\"exact_zero_count\":992,\"large_finite_bias\":true,\"near_zero_count\":1013},\"workspace_memory\":{\"payload_unchanged\":true,\"prefix_guard_intact\":true,\"suffix_guard_intact\":true}}\n",
      "stderr": ""
    },
    {
      "command": [
        "/tmp/tcnn_p3b1b_epi_uqmydzeb/probe_phase3b1b",
        "128",
        "16",
        "64",
        "RELU_BIAS",
        "f16",
        "2"
      ],
      "returncode": 0,
      "stdout": "{\"algorithm\":{\"index\":84818,\"kernel_name\":\"Cijk_Ailk_Bljk_HHS_BH_Bias_HA_S_SAV_UserArgs_MT16x16x32_MI16x16x1_SN_LDSB1_AFC1_AFEM1_AFEM1_ASEM32_CLR1_CADS0_DTLA0_DTLB0_DTVA0_DTVB1_EPS0_FDSI0_GRPM1_GRVWA8_GRVWB8_GSUAMB_GLS0_ISA1201_IU1_K1_LDSTI0_LBSPPA128_LBSPPB0_LBSPPM0_LPA16_LPB0_LPM0_LRVW8_LWPMn1_MIAV1_MIWT1_1_MO40_NTn1_NTA0_NTB0_NTC0_NTD0_NTM0_NEPBS0_NLCA1_NLCB2_ONLL1_PGR2_PLR1_PKA0_SIA3_SS0_SPO0_SRVW0_SSO0_SVW8_SK0_SKFTR0_SKXCCM0_TLDS2_ULSGRO0_USL1_UIOFGRO0_USFGROn1_VSn1_VWA1_VWB1_WSGRA0_WSGRB0_WS32_WG16_2_1\",\"solution_name\":\"Cijk_Ailk_Bljk_HHS_BH_Bias_HA_S_SAV_UserArgs_MT16x16x32_MI16x16x1_SN_LDSB1_AFC1_AFEM1_AFEM1_ASEM32_CLR1_CADS0_DTLA0_DTLB0_DTVA0_DTVB1_EPS0_FDSI0_GRPM1_GRVWA8_GRVWB8_GSU1_GSUAMB_GSUC0_GSUWGMRR0_GLS0_ISA1201_IU1_K1_LDSTI0_LBSPPA128_LBSPPB0_LBSPPM0_LPA16_LPB0_LPM0_LRVW8_LWPMn1_MIAV1_MIWT1_1_MO40_NTn1_NTA0_NTB0_NTC0_NTD0_NTM0_NEPBS0_NLCA1_NLCB2_ONLL1_PGR2_PLR1_PKA0_SIA3_SS0_SU32_SUM0_SUS256_SPO0_SRVW0_SSO0_SVW8_SK0_SKFTR0_SKXCCM0_TLDS2_ULSGRO0_USL1_UIOFGRO0_USFGROn1_VSn1_VWA1_VWB1_WSGRA0_WSGRB0_WS32_WG16_2_1_WGM8_WGMXCC1_WGMXCCGn1\",\"workspace_bytes\":0},\"bias_type\":\"HIP_R_16F\",\"compute_type\":\"HIPBLAS_COMPUTE_32F\",\"d_type\":\"HIP_R_16F\",\"direction\":\"NN\",\"epilogue\":\"RELU_BIAS\",\"execution_handle_count\":2,\"fresh_repeat\":2,\"heuristic_count\":32,\"heuristic_status\":0,\"k\":64,\"launches\":[{\"launch\":1,\"matmul_status\":0,\"output_memory\":{\"payload_unchanged\":false,\"prefix_guard_intact\":true,\"suffix_guard_intact\":true},\"stream_index\":0,\"synchronize_status\":0},{\"launch\":2,\"matmul_status\":0,\"output_memory\":{\"payload_unchanged\":false,\"prefix_guard_intact\":true,\"suffix_guard_intact\":true},\"stream_index\":1,\"synchronize_status\":0},{\"launch\":3,\"matmul_status\":0,\"output_memory\":{\"payload_unchanged\":false,\"prefix_guard_intact\":true,\"suffix_guard_intact\":true},\"stream_index\":0,\"synchronize_status\":0},{\"launch\":4,\"matmul_status\":0,\"output_memory\":{\"payload_unchanged\":false,\"prefix_guard_intact\":true,\"suffix_guard_intact\":true},\"stream_index\":1,\"synchronize_status\":0},{\"launch\":5,\"matmul_status\":0,\"output_memory\":{\"payload_unchanged\":false,\"prefix_guard_intact\":true,\"suffix_guard_intact\":true},\"stream_index\":0,\"synchronize_status\":0},{\"launch\":6,\"matmul_status\":0,\"output_memory\":{\"payload_unchanged\":false,\"prefix_guard_intact\":true,\"suffix_guard_intact\":true},\"stream_index\":1,\"synchronize_status\":0}],\"m\":128,\"marker\":\"TCNN_RDNA4_P3B1B_FP16_FORWARD_001\",\"n\":16,\"numerics\":{\"inf_count\":0,\"max_abs\":0.0,\"max_rel_outside_1e-3\":0.0,\"nan_count\":0,\"normalized_l2\":0.0,\"relu_mask_mismatches\":0},\"probe_state\":\"EXECUTED\",\"process_status\":\"PASS\",\"selected_candidate\":0,\"steady_state\":{\"launches\":4,\"new_descriptors\":0,\"new_handles\":0,\"new_heuristic_queries\":0,\"workspace_growth_bytes\":0},\"stream_count\":2,\"target_coverage\":{\"bias_axis_rows\":128,\"bias_sign_flip_count\":641,\"exact_zero_count\":992,\"large_finite_bias\":true,\"near_zero_count\":1013},\"workspace_memory\":{\"payload_unchanged\":true,\"prefix_guard_intact\":true,\"suffix_guard_intact\":true}}\n",
      "stderr": ""
    },
    {
      "command": [
        "/tmp/tcnn_p3b1b_epi_uqmydzeb/probe_phase3b1b",
        "128",
        "16",
        "64",
        "RELU_BIAS",
        "f32",
        "1"
      ],
      "returncode": 0,
      "stdout": "{\"algorithm\":{\"index\":86495,\"kernel_name\":\"Cijk_Ailk_Bljk_HSS_BH_Bias_HA_S_SAV_UserArgs_MT16x16x32_MI16x16x1_SN_LDSB1_AFC1_AFEM1_AFEM1_ASEM32_CLR1_CADS0_DTLA0_DTLB0_DTVA0_DTVB1_EPS0_FDSI0_GRPM1_GRVWA8_GRVWB8_GSUAMB_GLS0_ISA1201_IU1_K1_LDSTI0_LBSPPA128_LBSPPB0_LBSPPM0_LPA16_LPB0_LPM0_LRVW8_LWPMn1_MIAV1_MIWT1_1_MO40_NTn1_NTA0_NTB0_NTC0_NTD0_NTM0_NEPBS0_NLCA1_NLCB2_ONLL1_PGR2_PLR1_PKA0_SIA3_SS0_SPO0_SRVW0_SSO0_SVW8_SK0_SKFTR0_SKXCCM0_TLDS2_ULSGRO0_USL1_UIOFGRO0_USFGROn1_VSn1_VWA1_VWB1_WSGRA0_WSGRB0_WS32_WG16_2_1\",\"solution_name\":\"Cijk_Ailk_Bljk_HSS_BH_Bias_HA_S_SAV_UserArgs_MT16x16x32_MI16x16x1_SN_LDSB1_AFC1_AFEM1_AFEM1_ASEM32_CLR1_CADS0_DTLA0_DTLB0_DTVA0_DTVB1_EPS0_FDSI0_GRPM1_GRVWA8_GRVWB8_GSU1_GSUAMB_GSUC0_GSUWGMRR0_GLS0_ISA1201_IU1_K1_LDSTI0_LBSPPA128_LBSPPB0_LBSPPM0_LPA16_LPB0_LPM0_LRVW8_LWPMn1_MIAV1_MIWT1_1_MO40_NTn1_NTA0_NTB0_NTC0_NTD0_NTM0_NEPBS0_NLCA1_NLCB2_ONLL1_PGR2_PLR1_PKA0_SIA3_SS0_SU32_SUM0_SUS256_SPO0_SRVW0_SSO0_SVW8_SK0_SKFTR0_SKXCCM0_TLDS2_ULSGRO0_USL1_UIOFGRO0_USFGROn1_VSn1_VWA1_VWB1_WSGRA0_WSGRB0_WS32_WG16_2_1_WGM8_WGMXCC1_WGMXCCGn1\",\"workspace_bytes\":0},\"bias_type\":\"HIP_R_16F\",\"compute_type\":\"HIPBLAS_COMPUTE_32F\",\"d_type\":\"HIP_R_32F\",\"direction\":\"NN\",\"epilogue\":\"RELU_BIAS\",\"execution_handle_count\":2,\"fresh_repeat\":1,\"heuristic_count\":32,\"heuristic_status\":0,\"k\":64,\"launches\":[{\"launch\":1,\"matmul_status\":0,\"output_memory\":{\"payload_unchanged\":false,\"prefix_guard_intact\":true,\"suffix_guard_intact\":true},\"stream_index\":0,\"synchronize_status\":0},{\"launch\":2,\"matmul_status\":0,\"output_memory\":{\"payload_unchanged\":false,\"prefix_guard_intact\":true,\"suffix_guard_intact\":true},\"stream_index\":1,\"synchronize_status\":0},{\"launch\":3,\"matmul_status\":0,\"output_memory\":{\"payload_unchanged\":false,\"prefix_guard_intact\":true,\"suffix_guard_intact\":true},\"stream_index\":0,\"synchronize_status\":0},{\"launch\":4,\"matmul_status\":0,\"output_memory\":{\"payload_unchanged\":false,\"prefix_guard_intact\":true,\"suffix_guard_intact\":true},\"stream_index\":1,\"synchronize_status\":0},{\"launch\":5,\"matmul_status\":0,\"output_memory\":{\"payload_unchanged\":false,\"prefix_guard_intact\":true,\"suffix_guard_intact\":true},\"stream_index\":0,\"synchronize_status\":0},{\"launch\":6,\"matmul_status\":0,\"output_memory\":{\"payload_unchanged\":false,\"prefix_guard_intact\":true,\"suffix_guard_intact\":true},\"stream_index\":1,\"synchronize_status\":0}],\"m\":128,\"marker\":\"TCNN_RDNA4_P3B1B_FP16_FORWARD_001\",\"n\":16,\"numerics\":{\"inf_count\":0,\"max_abs\":0.0,\"max_rel_outside_1e-3\":0.0,\"nan_count\":0,\"normalized_l2\":0.0,\"relu_mask_mismatches\":0},\"probe_state\":\"EXECUTED\",\"process_status\":\"PASS\",\"selected_candidate\":0,\"steady_state\":{\"launches\":4,\"new_descriptors\":0,\"new_handles\":0,\"new_heuristic_queries\":0,\"workspace_growth_bytes\":0},\"stream_count\":2,\"target_coverage\":{\"bias_axis_rows\":128,\"bias_sign_flip_count\":641,\"exact_zero_count\":992,\"large_finite_bias\":true,\"near_zero_count\":1013},\"workspace_memory\":{\"payload_unchanged\":true,\"prefix_guard_intact\":true,\"suffix_guard_intact\":true}}\n",
      "stderr": ""
    },
    {
      "command": [
        "/tmp/tcnn_p3b1b_epi_uqmydzeb/probe_phase3b1b",
        "128",
        "16",
        "64",
        "RELU_BIAS",
        "f32",
        "2"
      ],
      "returncode": 0,
      "stdout": "{\"algorithm\":{\"index\":86495,\"kernel_name\":\"Cijk_Ailk_Bljk_HSS_BH_Bias_HA_S_SAV_UserArgs_MT16x16x32_MI16x16x1_SN_LDSB1_AFC1_AFEM1_AFEM1_ASEM32_CLR1_CADS0_DTLA0_DTLB0_DTVA0_DTVB1_EPS0_FDSI0_GRPM1_GRVWA8_GRVWB8_GSUAMB_GLS0_ISA1201_IU1_K1_LDSTI0_LBSPPA128_LBSPPB0_LBSPPM0_LPA16_LPB0_LPM0_LRVW8_LWPMn1_MIAV1_MIWT1_1_MO40_NTn1_NTA0_NTB0_NTC0_NTD0_NTM0_NEPBS0_NLCA1_NLCB2_ONLL1_PGR2_PLR1_PKA0_SIA3_SS0_SPO0_SRVW0_SSO0_SVW8_SK0_SKFTR0_SKXCCM0_TLDS2_ULSGRO0_USL1_UIOFGRO0_USFGROn1_VSn1_VWA1_VWB1_WSGRA0_WSGRB0_WS32_WG16_2_1\",\"solution_name\":\"Cijk_Ailk_Bljk_HSS_BH_Bias_HA_S_SAV_UserArgs_MT16x16x32_MI16x16x1_SN_LDSB1_AFC1_AFEM1_AFEM1_ASEM32_CLR1_CADS0_DTLA0_DTLB0_DTVA0_DTVB1_EPS0_FDSI0_GRPM1_GRVWA8_GRVWB8_GSU1_GSUAMB_GSUC0_GSUWGMRR0_GLS0_ISA1201_IU1_K1_LDSTI0_LBSPPA128_LBSPPB0_LBSPPM0_LPA16_LPB0_LPM0_LRVW8_LWPMn1_MIAV1_MIWT1_1_MO40_NTn1_NTA0_NTB0_NTC0_NTD0_NTM0_NEPBS0_NLCA1_NLCB2_ONLL1_PGR2_PLR1_PKA0_SIA3_SS0_SU32_SUM0_SUS256_SPO0_SRVW0_SSO0_SVW8_SK0_SKFTR0_SKXCCM0_TLDS2_ULSGRO0_USL1_UIOFGRO0_USFGROn1_VSn1_VWA1_VWB1_WSGRA0_WSGRB0_WS32_WG16_2_1_WGM8_WGMXCC1_WGMXCCGn1\",\"workspace_bytes\":0},\"bias_type\":\"HIP_R_16F\",\"compute_type\":\"HIPBLAS_COMPUTE_32F\",\"d_type\":\"HIP_R_32F\",\"direction\":\"NN\",\"epilogue\":\"RELU_BIAS\",\"execution_handle_count\":2,\"fresh_repeat\":2,\"heuristic_count\":32,\"heuristic_status\":0,\"k\":64,\"launches\":[{\"launch\":1,\"matmul_status\":0,\"output_memory\":{\"payload_unchanged\":false,\"prefix_guard_intact\":true,\"suffix_guard_intact\":true},\"stream_index\":0,\"synchronize_status\":0},{\"launch\":2,\"matmul_status\":0,\"output_memory\":{\"payload_unchanged\":false,\"prefix_guard_intact\":true,\"suffix_guard_intact\":true},\"stream_index\":1,\"synchronize_status\":0},{\"launch\":3,\"matmul_status\":0,\"output_memory\":{\"payload_unchanged\":false,\"prefix_guard_intact\":true,\"suffix_guard_intact\":true},\"stream_index\":0,\"synchronize_status\":0},{\"launch\":4,\"matmul_status\":0,\"output_memory\":{\"payload_unchanged\":false,\"prefix_guard_intact\":true,\"suffix_guard_intact\":true},\"stream_index\":1,\"synchronize_status\":0},{\"launch\":5,\"matmul_status\":0,\"output_memory\":{\"payload_unchanged\":false,\"prefix_guard_intact\":true,\"suffix_guard_intact\":true},\"stream_index\":0,\"synchronize_status\":0},{\"launch\":6,\"matmul_status\":0,\"output_memory\":{\"payload_unchanged\":false,\"prefix_guard_intact\":true,\"suffix_guard_intact\":true},\"stream_index\":1,\"synchronize_status\":0}],\"m\":128,\"marker\":\"TCNN_RDNA4_P3B1B_FP16_FORWARD_001\",\"n\":16,\"numerics\":{\"inf_count\":0,\"max_abs\":0.0,\"max_rel_outside_1e-3\":0.0,\"nan_count\":0,\"normalized_l2\":0.0,\"relu_mask_mismatches\":0},\"probe_state\":\"EXECUTED\",\"process_status\":\"PASS\",\"selected_candidate\":0,\"steady_state\":{\"launches\":4,\"new_descriptors\":0,\"new_handles\":0,\"new_heuristic_queries\":0,\"workspace_growth_bytes\":0},\"stream_count\":2,\"target_coverage\":{\"bias_axis_rows\":128,\"bias_sign_flip_count\":641,\"exact_zero_count\":992,\"large_finite_bias\":true,\"near_zero_count\":1013},\"workspace_memory\":{\"payload_unchanged\":true,\"prefix_guard_intact\":true,\"suffix_guard_intact\":true}}\n",
      "stderr": ""
    },
    {
      "command": [
        "/tmp/tcnn_p3b1b_epi_uqmydzeb/probe_phase3b1b",
        "128",
        "16",
        "128",
        "BIAS",
        "f16",
        "1"
      ],
      "returncode": 0,
      "stdout": "{\"algorithm\":{\"index\":84818,\"kernel_name\":\"Cijk_Ailk_Bljk_HHS_BH_Bias_HA_S_SAV_UserArgs_MT16x16x32_MI16x16x1_SN_LDSB1_AFC1_AFEM1_AFEM1_ASEM32_CLR1_CADS0_DTLA0_DTLB0_DTVA0_DTVB1_EPS0_FDSI0_GRPM1_GRVWA8_GRVWB8_GSUAMB_GLS0_ISA1201_IU1_K1_LDSTI0_LBSPPA128_LBSPPB0_LBSPPM0_LPA16_LPB0_LPM0_LRVW8_LWPMn1_MIAV1_MIWT1_1_MO40_NTn1_NTA0_NTB0_NTC0_NTD0_NTM0_NEPBS0_NLCA1_NLCB2_ONLL1_PGR2_PLR1_PKA0_SIA3_SS0_SPO0_SRVW0_SSO0_SVW8_SK0_SKFTR0_SKXCCM0_TLDS2_ULSGRO0_USL1_UIOFGRO0_USFGROn1_VSn1_VWA1_VWB1_WSGRA0_WSGRB0_WS32_WG16_2_1\",\"solution_name\":\"Cijk_Ailk_Bljk_HHS_BH_Bias_HA_S_SAV_UserArgs_MT16x16x32_MI16x16x1_SN_LDSB1_AFC1_AFEM1_AFEM1_ASEM32_CLR1_CADS0_DTLA0_DTLB0_DTVA0_DTVB1_EPS0_FDSI0_GRPM1_GRVWA8_GRVWB8_GSU1_GSUAMB_GSUC0_GSUWGMRR0_GLS0_ISA1201_IU1_K1_LDSTI0_LBSPPA128_LBSPPB0_LBSPPM0_LPA16_LPB0_LPM0_LRVW8_LWPMn1_MIAV1_MIWT1_1_MO40_NTn1_NTA0_NTB0_NTC0_NTD0_NTM0_NEPBS0_NLCA1_NLCB2_ONLL1_PGR2_PLR1_PKA0_SIA3_SS0_SU32_SUM0_SUS256_SPO0_SRVW0_SSO0_SVW8_SK0_SKFTR0_SKXCCM0_TLDS2_ULSGRO0_USL1_UIOFGRO0_USFGROn1_VSn1_VWA1_VWB1_WSGRA0_WSGRB0_WS32_WG16_2_1_WGM8_WGMXCC1_WGMXCCGn1\",\"workspace_bytes\":0},\"bias_type\":\"HIP_R_16F\",\"compute_type\":\"HIPBLAS_COMPUTE_32F\",\"d_type\":\"HIP_R_16F\",\"direction\":\"NN\",\"epilogue\":\"BIAS\",\"execution_handle_count\":2,\"fresh_repeat\":1,\"heuristic_count\":32,\"heuristic_status\":0,\"k\":128,\"launches\":[{\"launch\":1,\"matmul_status\":0,\"output_memory\":{\"payload_unchanged\":false,\"prefix_guard_intact\":true,\"suffix_guard_intact\":true},\"stream_index\":0,\"synchronize_status\":0},{\"launch\":2,\"matmul_status\":0,\"output_memory\":{\"payload_unchanged\":false,\"prefix_guard_intact\":true,\"suffix_guard_intact\":true},\"stream_index\":1,\"synchronize_status\":0},{\"launch\":3,\"matmul_status\":0,\"output_memory\":{\"payload_unchanged\":false,\"prefix_guard_intact\":true,\"suffix_guard_intact\":true},\"stream_index\":0,\"synchronize_status\":0},{\"launch\":4,\"matmul_status\":0,\"output_memory\":{\"payload_unchanged\":false,\"prefix_guard_intact\":true,\"suffix_guard_intact\":true},\"stream_index\":1,\"synchronize_status\":0},{\"launch\":5,\"matmul_status\":0,\"output_memory\":{\"payload_unchanged\":false,\"prefix_guard_intact\":true,\"suffix_guard_intact\":true},\"stream_index\":0,\"synchronize_status\":0},{\"launch\":6,\"matmul_status\":0,\"output_memory\":{\"payload_unchanged\":false,\"prefix_guard_intact\":true,\"suffix_guard_intact\":true},\"stream_index\":1,\"synchronize_status\":0}],\"m\":128,\"marker\":\"TCNN_RDNA4_P3B1B_FP16_FORWARD_001\",\"n\":16,\"numerics\":{\"inf_count\":0,\"max_abs\":0.0,\"max_rel_outside_1e-3\":0.0,\"nan_count\":0,\"normalized_l2\":0.0,\"relu_mask_mismatches\":0},\"probe_state\":\"EXECUTED\",\"process_status\":\"PASS\",\"selected_candidate\":0,\"steady_state\":{\"launches\":4,\"new_descriptors\":0,\"new_handles\":0,\"new_heuristic_queries\":0,\"workspace_growth_bytes\":0},\"stream_count\":2,\"target_coverage\":{\"bias_axis_rows\":128,\"bias_sign_flip_count\":664,\"exact_zero_count\":6,\"large_finite_bias\":true,\"near_zero_count\":43},\"workspace_memory\":{\"payload_unchanged\":true,\"prefix_guard_intact\":true,\"suffix_guard_intact\":true}}\n",
      "stderr": ""
    },
    {
      "command": [
        "/tmp/tcnn_p3b1b_epi_uqmydzeb/probe_phase3b1b",
        "128",
        "16",
        "128",
        "BIAS",
        "f16",
        "2"
      ],
      "returncode": 0,
      "stdout": "{\"algorithm\":{\"index\":84818,\"kernel_name\":\"Cijk_Ailk_Bljk_HHS_BH_Bias_HA_S_SAV_UserArgs_MT16x16x32_MI16x16x1_SN_LDSB1_AFC1_AFEM1_AFEM1_ASEM32_CLR1_CADS0_DTLA0_DTLB0_DTVA0_DTVB1_EPS0_FDSI0_GRPM1_GRVWA8_GRVWB8_GSUAMB_GLS0_ISA1201_IU1_K1_LDSTI0_LBSPPA128_LBSPPB0_LBSPPM0_LPA16_LPB0_LPM0_LRVW8_LWPMn1_MIAV1_MIWT1_1_MO40_NTn1_NTA0_NTB0_NTC0_NTD0_NTM0_NEPBS0_NLCA1_NLCB2_ONLL1_PGR2_PLR1_PKA0_SIA3_SS0_SPO0_SRVW0_SSO0_SVW8_SK0_SKFTR0_SKXCCM0_TLDS2_ULSGRO0_USL1_UIOFGRO0_USFGROn1_VSn1_VWA1_VWB1_WSGRA0_WSGRB0_WS32_WG16_2_1\",\"solution_name\":\"Cijk_Ailk_Bljk_HHS_BH_Bias_HA_S_SAV_UserArgs_MT16x16x32_MI16x16x1_SN_LDSB1_AFC1_AFEM1_AFEM1_ASEM32_CLR1_CADS0_DTLA0_DTLB0_DTVA0_DTVB1_EPS0_FDSI0_GRPM1_GRVWA8_GRVWB8_GSU1_GSUAMB_GSUC0_GSUWGMRR0_GLS0_ISA1201_IU1_K1_LDSTI0_LBSPPA128_LBSPPB0_LBSPPM0_LPA16_LPB0_LPM0_LRVW8_LWPMn1_MIAV1_MIWT1_1_MO40_NTn1_NTA0_NTB0_NTC0_NTD0_NTM0_NEPBS0_NLCA1_NLCB2_ONLL1_PGR2_PLR1_PKA0_SIA3_SS0_SU32_SUM0_SUS256_SPO0_SRVW0_SSO0_SVW8_SK0_SKFTR0_SKXCCM0_TLDS2_ULSGRO0_USL1_UIOFGRO0_USFGROn1_VSn1_VWA1_VWB1_WSGRA0_WSGRB0_WS32_WG16_2_1_WGM8_WGMXCC1_WGMXCCGn1\",\"workspace_bytes\":0},\"bias_type\":\"HIP_R_16F\",\"compute_type\":\"HIPBLAS_COMPUTE_32F\",\"d_type\":\"HIP_R_16F\",\"direction\":\"NN\",\"epilogue\":\"BIAS\",\"execution_handle_count\":2,\"fresh_repeat\":2,\"heuristic_count\":32,\"heuristic_status\":0,\"k\":128,\"launches\":[{\"launch\":1,\"matmul_status\":0,\"output_memory\":{\"payload_unchanged\":false,\"prefix_guard_intact\":true,\"suffix_guard_intact\":true},\"stream_index\":0,\"synchronize_status\":0},{\"launch\":2,\"matmul_status\":0,\"output_memory\":{\"payload_unchanged\":false,\"prefix_guard_intact\":true,\"suffix_guard_intact\":true},\"stream_index\":1,\"synchronize_status\":0},{\"launch\":3,\"matmul_status\":0,\"output_memory\":{\"payload_unchanged\":false,\"prefix_guard_intact\":true,\"suffix_guard_intact\":true},\"stream_index\":0,\"synchronize_status\":0},{\"launch\":4,\"matmul_status\":0,\"output_memory\":{\"payload_unchanged\":false,\"prefix_guard_intact\":true,\"suffix_guard_intact\":true},\"stream_index\":1,\"synchronize_status\":0},{\"launch\":5,\"matmul_status\":0,\"output_memory\":{\"payload_unchanged\":false,\"prefix_guard_intact\":true,\"suffix_guard_intact\":true},\"stream_index\":0,\"synchronize_status\":0},{\"launch\":6,\"matmul_status\":0,\"output_memory\":{\"payload_unchanged\":false,\"prefix_guard_intact\":true,\"suffix_guard_intact\":true},\"stream_index\":1,\"synchronize_status\":0}],\"m\":128,\"marker\":\"TCNN_RDNA4_P3B1B_FP16_FORWARD_001\",\"n\":16,\"numerics\":{\"inf_count\":0,\"max_abs\":0.0,\"max_rel_outside_1e-3\":0.0,\"nan_count\":0,\"normalized_l2\":0.0,\"relu_mask_mismatches\":0},\"probe_state\":\"EXECUTED\",\"process_status\":\"PASS\",\"selected_candidate\":0,\"steady_state\":{\"launches\":4,\"new_descriptors\":0,\"new_handles\":0,\"new_heuristic_queries\":0,\"workspace_growth_bytes\":0},\"stream_count\":2,\"target_coverage\":{\"bias_axis_rows\":128,\"bias_sign_flip_count\":664,\"exact_zero_count\":6,\"large_finite_bias\":true,\"near_zero_count\":43},\"workspace_memory\":{\"payload_unchanged\":true,\"prefix_guard_intact\":true,\"suffix_guard_intact\":true}}\n",
      "stderr": ""
    },
    {
      "command": [
        "/tmp/tcnn_p3b1b_epi_uqmydzeb/probe_phase3b1b",
        "128",
        "16",
        "128",
        "BIAS",
        "f32",
        "1"
      ],
      "returncode": 0,
      "stdout": "{\"algorithm\":{\"index\":86495,\"kernel_name\":\"Cijk_Ailk_Bljk_HSS_BH_Bias_HA_S_SAV_UserArgs_MT16x16x32_MI16x16x1_SN_LDSB1_AFC1_AFEM1_AFEM1_ASEM32_CLR1_CADS0_DTLA0_DTLB0_DTVA0_DTVB1_EPS0_FDSI0_GRPM1_GRVWA8_GRVWB8_GSUAMB_GLS0_ISA1201_IU1_K1_LDSTI0_LBSPPA128_LBSPPB0_LBSPPM0_LPA16_LPB0_LPM0_LRVW8_LWPMn1_MIAV1_MIWT1_1_MO40_NTn1_NTA0_NTB0_NTC0_NTD0_NTM0_NEPBS0_NLCA1_NLCB2_ONLL1_PGR2_PLR1_PKA0_SIA3_SS0_SPO0_SRVW0_SSO0_SVW8_SK0_SKFTR0_SKXCCM0_TLDS2_ULSGRO0_USL1_UIOFGRO0_USFGROn1_VSn1_VWA1_VWB1_WSGRA0_WSGRB0_WS32_WG16_2_1\",\"solution_name\":\"Cijk_Ailk_Bljk_HSS_BH_Bias_HA_S_SAV_UserArgs_MT16x16x32_MI16x16x1_SN_LDSB1_AFC1_AFEM1_AFEM1_ASEM32_CLR1_CADS0_DTLA0_DTLB0_DTVA0_DTVB1_EPS0_FDSI0_GRPM1_GRVWA8_GRVWB8_GSU1_GSUAMB_GSUC0_GSUWGMRR0_GLS0_ISA1201_IU1_K1_LDSTI0_LBSPPA128_LBSPPB0_LBSPPM0_LPA16_LPB0_LPM0_LRVW8_LWPMn1_MIAV1_MIWT1_1_MO40_NTn1_NTA0_NTB0_NTC0_NTD0_NTM0_NEPBS0_NLCA1_NLCB2_ONLL1_PGR2_PLR1_PKA0_SIA3_SS0_SU32_SUM0_SUS256_SPO0_SRVW0_SSO0_SVW8_SK0_SKFTR0_SKXCCM0_TLDS2_ULSGRO0_USL1_UIOFGRO0_USFGROn1_VSn1_VWA1_VWB1_WSGRA0_WSGRB0_WS32_WG16_2_1_WGM8_WGMXCC1_WGMXCCGn1\",\"workspace_bytes\":0},\"bias_type\":\"HIP_R_16F\",\"compute_type\":\"HIPBLAS_COMPUTE_32F\",\"d_type\":\"HIP_R_32F\",\"direction\":\"NN\",\"epilogue\":\"BIAS\",\"execution_handle_count\":2,\"fresh_repeat\":1,\"heuristic_count\":32,\"heuristic_status\":0,\"k\":128,\"launches\":[{\"launch\":1,\"matmul_status\":0,\"output_memory\":{\"payload_unchanged\":false,\"prefix_guard_intact\":true,\"suffix_guard_intact\":true},\"stream_index\":0,\"synchronize_status\":0},{\"launch\":2,\"matmul_status\":0,\"output_memory\":{\"payload_unchanged\":false,\"prefix_guard_intact\":true,\"suffix_guard_intact\":true},\"stream_index\":1,\"synchronize_status\":0},{\"launch\":3,\"matmul_status\":0,\"output_memory\":{\"payload_unchanged\":false,\"prefix_guard_intact\":true,\"suffix_guard_intact\":true},\"stream_index\":0,\"synchronize_status\":0},{\"launch\":4,\"matmul_status\":0,\"output_memory\":{\"payload_unchanged\":false,\"prefix_guard_intact\":true,\"suffix_guard_intact\":true},\"stream_index\":1,\"synchronize_status\":0},{\"launch\":5,\"matmul_status\":0,\"output_memory\":{\"payload_unchanged\":false,\"prefix_guard_intact\":true,\"suffix_guard_intact\":true},\"stream_index\":0,\"synchronize_status\":0},{\"launch\":6,\"matmul_status\":0,\"output_memory\":{\"payload_unchanged\":false,\"prefix_guard_intact\":true,\"suffix_guard_intact\":true},\"stream_index\":1,\"synchronize_status\":0}],\"m\":128,\"marker\":\"TCNN_RDNA4_P3B1B_FP16_FORWARD_001\",\"n\":16,\"numerics\":{\"inf_count\":0,\"max_abs\":0.0,\"max_rel_outside_1e-3\":0.0,\"nan_count\":0,\"normalized_l2\":0.0,\"relu_mask_mismatches\":0},\"probe_state\":\"EXECUTED\",\"process_status\":\"PASS\",\"selected_candidate\":0,\"steady_state\":{\"launches\":4,\"new_descriptors\":0,\"new_handles\":0,\"new_heuristic_queries\":0,\"workspace_growth_bytes\":0},\"stream_count\":2,\"target_coverage\":{\"bias_axis_rows\":128,\"bias_sign_flip_count\":664,\"exact_zero_count\":6,\"large_finite_bias\":true,\"near_zero_count\":43},\"workspace_memory\":{\"payload_unchanged\":true,\"prefix_guard_intact\":true,\"suffix_guard_intact\":true}}\n",
      "stderr": ""
    },
    {
      "command": [
        "/tmp/tcnn_p3b1b_epi_uqmydzeb/probe_phase3b1b",
        "128",
        "16",
        "128",
        "BIAS",
        "f32",
        "2"
      ],
      "returncode": 0,
      "stdout": "{\"algorithm\":{\"index\":86495,\"kernel_name\":\"Cijk_Ailk_Bljk_HSS_BH_Bias_HA_S_SAV_UserArgs_MT16x16x32_MI16x16x1_SN_LDSB1_AFC1_AFEM1_AFEM1_ASEM32_CLR1_CADS0_DTLA0_DTLB0_DTVA0_DTVB1_EPS0_FDSI0_GRPM1_GRVWA8_GRVWB8_GSUAMB_GLS0_ISA1201_IU1_K1_LDSTI0_LBSPPA128_LBSPPB0_LBSPPM0_LPA16_LPB0_LPM0_LRVW8_LWPMn1_MIAV1_MIWT1_1_MO40_NTn1_NTA0_NTB0_NTC0_NTD0_NTM0_NEPBS0_NLCA1_NLCB2_ONLL1_PGR2_PLR1_PKA0_SIA3_SS0_SPO0_SRVW0_SSO0_SVW8_SK0_SKFTR0_SKXCCM0_TLDS2_ULSGRO0_USL1_UIOFGRO0_USFGROn1_VSn1_VWA1_VWB1_WSGRA0_WSGRB0_WS32_WG16_2_1\",\"solution_name\":\"Cijk_Ailk_Bljk_HSS_BH_Bias_HA_S_SAV_UserArgs_MT16x16x32_MI16x16x1_SN_LDSB1_AFC1_AFEM1_AFEM1_ASEM32_CLR1_CADS0_DTLA0_DTLB0_DTVA0_DTVB1_EPS0_FDSI0_GRPM1_GRVWA8_GRVWB8_GSU1_GSUAMB_GSUC0_GSUWGMRR0_GLS0_ISA1201_IU1_K1_LDSTI0_LBSPPA128_LBSPPB0_LBSPPM0_LPA16_LPB0_LPM0_LRVW8_LWPMn1_MIAV1_MIWT1_1_MO40_NTn1_NTA0_NTB0_NTC0_NTD0_NTM0_NEPBS0_NLCA1_NLCB2_ONLL1_PGR2_PLR1_PKA0_SIA3_SS0_SU32_SUM0_SUS256_SPO0_SRVW0_SSO0_SVW8_SK0_SKFTR0_SKXCCM0_TLDS2_ULSGRO0_USL1_UIOFGRO0_USFGROn1_VSn1_VWA1_VWB1_WSGRA0_WSGRB0_WS32_WG16_2_1_WGM8_WGMXCC1_WGMXCCGn1\",\"workspace_bytes\":0},\"bias_type\":\"HIP_R_16F\",\"compute_type\":\"HIPBLAS_COMPUTE_32F\",\"d_type\":\"HIP_R_32F\",\"direction\":\"NN\",\"epilogue\":\"BIAS\",\"execution_handle_count\":2,\"fresh_repeat\":2,\"heuristic_count\":32,\"heuristic_status\":0,\"k\":128,\"launches\":[{\"launch\":1,\"matmul_status\":0,\"output_memory\":{\"payload_unchanged\":false,\"prefix_guard_intact\":true,\"suffix_guard_intact\":true},\"stream_index\":0,\"synchronize_status\":0},{\"launch\":2,\"matmul_status\":0,\"output_memory\":{\"payload_unchanged\":false,\"prefix_guard_intact\":true,\"suffix_guard_intact\":true},\"stream_index\":1,\"synchronize_status\":0},{\"launch\":3,\"matmul_status\":0,\"output_memory\":{\"payload_unchanged\":false,\"prefix_guard_intact\":true,\"suffix_guard_intact\":true},\"stream_index\":0,\"synchronize_status\":0},{\"launch\":4,\"matmul_status\":0,\"output_memory\":{\"payload_unchanged\":false,\"prefix_guard_intact\":true,\"suffix_guard_intact\":true},\"stream_index\":1,\"synchronize_status\":0},{\"launch\":5,\"matmul_status\":0,\"output_memory\":{\"payload_unchanged\":false,\"prefix_guard_intact\":true,\"suffix_guard_intact\":true},\"stream_index\":0,\"synchronize_status\":0},{\"launch\":6,\"matmul_status\":0,\"output_memory\":{\"payload_unchanged\":false,\"prefix_guard_intact\":true,\"suffix_guard_intact\":true},\"stream_index\":1,\"synchronize_status\":0}],\"m\":128,\"marker\":\"TCNN_RDNA4_P3B1B_FP16_FORWARD_001\",\"n\":16,\"numerics\":{\"inf_count\":0,\"max_abs\":0.0,\"max_rel_outside_1e-3\":0.0,\"nan_count\":0,\"normalized_l2\":0.0,\"relu_mask_mismatches\":0},\"probe_state\":\"EXECUTED\",\"process_status\":\"PASS\",\"selected_candidate\":0,\"steady_state\":{\"launches\":4,\"new_descriptors\":0,\"new_handles\":0,\"new_heuristic_queries\":0,\"workspace_growth_bytes\":0},\"stream_count\":2,\"target_coverage\":{\"bias_axis_rows\":128,\"bias_sign_flip_count\":664,\"exact_zero_count\":6,\"large_finite_bias\":true,\"near_zero_count\":43},\"workspace_memory\":{\"payload_unchanged\":true,\"prefix_guard_intact\":true,\"suffix_guard_intact\":true}}\n",
      "stderr": ""
    },
    {
      "command": [
        "/tmp/tcnn_p3b1b_epi_uqmydzeb/probe_phase3b1b",
        "128",
        "16",
        "128",
        "RELU_BIAS",
        "f16",
        "1"
      ],
      "returncode": 0,
      "stdout": "{\"algorithm\":{\"index\":84818,\"kernel_name\":\"Cijk_Ailk_Bljk_HHS_BH_Bias_HA_S_SAV_UserArgs_MT16x16x32_MI16x16x1_SN_LDSB1_AFC1_AFEM1_AFEM1_ASEM32_CLR1_CADS0_DTLA0_DTLB0_DTVA0_DTVB1_EPS0_FDSI0_GRPM1_GRVWA8_GRVWB8_GSUAMB_GLS0_ISA1201_IU1_K1_LDSTI0_LBSPPA128_LBSPPB0_LBSPPM0_LPA16_LPB0_LPM0_LRVW8_LWPMn1_MIAV1_MIWT1_1_MO40_NTn1_NTA0_NTB0_NTC0_NTD0_NTM0_NEPBS0_NLCA1_NLCB2_ONLL1_PGR2_PLR1_PKA0_SIA3_SS0_SPO0_SRVW0_SSO0_SVW8_SK0_SKFTR0_SKXCCM0_TLDS2_ULSGRO0_USL1_UIOFGRO0_USFGROn1_VSn1_VWA1_VWB1_WSGRA0_WSGRB0_WS32_WG16_2_1\",\"solution_name\":\"Cijk_Ailk_Bljk_HHS_BH_Bias_HA_S_SAV_UserArgs_MT16x16x32_MI16x16x1_SN_LDSB1_AFC1_AFEM1_AFEM1_ASEM32_CLR1_CADS0_DTLA0_DTLB0_DTVA0_DTVB1_EPS0_FDSI0_GRPM1_GRVWA8_GRVWB8_GSU1_GSUAMB_GSUC0_GSUWGMRR0_GLS0_ISA1201_IU1_K1_LDSTI0_LBSPPA128_LBSPPB0_LBSPPM0_LPA16_LPB0_LPM0_LRVW8_LWPMn1_MIAV1_MIWT1_1_MO40_NTn1_NTA0_NTB0_NTC0_NTD0_NTM0_NEPBS0_NLCA1_NLCB2_ONLL1_PGR2_PLR1_PKA0_SIA3_SS0_SU32_SUM0_SUS256_SPO0_SRVW0_SSO0_SVW8_SK0_SKFTR0_SKXCCM0_TLDS2_ULSGRO0_USL1_UIOFGRO0_USFGROn1_VSn1_VWA1_VWB1_WSGRA0_WSGRB0_WS32_WG16_2_1_WGM8_WGMXCC1_WGMXCCGn1\",\"workspace_bytes\":0},\"bias_type\":\"HIP_R_16F\",\"compute_type\":\"HIPBLAS_COMPUTE_32F\",\"d_type\":\"HIP_R_16F\",\"direction\":\"NN\",\"epilogue\":\"RELU_BIAS\",\"execution_handle_count\":2,\"fresh_repeat\":1,\"heuristic_count\":32,\"heuristic_status\":0,\"k\":128,\"launches\":[{\"launch\":1,\"matmul_status\":0,\"output_memory\":{\"payload_unchanged\":false,\"prefix_guard_intact\":true,\"suffix_guard_intact\":true},\"stream_index\":0,\"synchronize_status\":0},{\"launch\":2,\"matmul_status\":0,\"output_memory\":{\"payload_unchanged\":false,\"prefix_guard_intact\":true,\"suffix_guard_intact\":true},\"stream_index\":1,\"synchronize_status\":0},{\"launch\":3,\"matmul_status\":0,\"output_memory\":{\"payload_unchanged\":false,\"prefix_guard_intact\":true,\"suffix_guard_intact\":true},\"stream_index\":0,\"synchronize_status\":0},{\"launch\":4,\"matmul_status\":0,\"output_memory\":{\"payload_unchanged\":false,\"prefix_guard_intact\":true,\"suffix_guard_intact\":true},\"stream_index\":1,\"synchronize_status\":0},{\"launch\":5,\"matmul_status\":0,\"output_memory\":{\"payload_unchanged\":false,\"prefix_guard_intact\":true,\"suffix_guard_intact\":true},\"stream_index\":0,\"synchronize_status\":0},{\"launch\":6,\"matmul_status\":0,\"output_memory\":{\"payload_unchanged\":false,\"prefix_guard_intact\":true,\"suffix_guard_intact\":true},\"stream_index\":1,\"synchronize_status\":0}],\"m\":128,\"marker\":\"TCNN_RDNA4_P3B1B_FP16_FORWARD_001\",\"n\":16,\"numerics\":{\"inf_count\":0,\"max_abs\":0.0,\"max_rel_outside_1e-3\":0.0,\"nan_count\":0,\"normalized_l2\":0.0,\"relu_mask_mismatches\":0},\"probe_state\":\"EXECUTED\",\"process_status\":\"PASS\",\"selected_candidate\":0,\"steady_state\":{\"launches\":4,\"new_descriptors\":0,\"new_handles\":0,\"new_heuristic_queries\":0,\"workspace_growth_bytes\":0},\"stream_count\":2,\"target_coverage\":{\"bias_axis_rows\":128,\"bias_sign_flip_count\":664,\"exact_zero_count\":1019,\"large_finite_bias\":true,\"near_zero_count\":1038},\"workspace_memory\":{\"payload_unchanged\":true,\"prefix_guard_intact\":true,\"suffix_guard_intact\":true}}\n",
      "stderr": ""
    },
    {
      "command": [
        "/tmp/tcnn_p3b1b_epi_uqmydzeb/probe_phase3b1b",
        "128",
        "16",
        "128",
        "RELU_BIAS",
        "f16",
        "2"
      ],
      "returncode": 0,
      "stdout": "{\"algorithm\":{\"index\":84818,\"kernel_name\":\"Cijk_Ailk_Bljk_HHS_BH_Bias_HA_S_SAV_UserArgs_MT16x16x32_MI16x16x1_SN_LDSB1_AFC1_AFEM1_AFEM1_ASEM32_CLR1_CADS0_DTLA0_DTLB0_DTVA0_DTVB1_EPS0_FDSI0_GRPM1_GRVWA8_GRVWB8_GSUAMB_GLS0_ISA1201_IU1_K1_LDSTI0_LBSPPA128_LBSPPB0_LBSPPM0_LPA16_LPB0_LPM0_LRVW8_LWPMn1_MIAV1_MIWT1_1_MO40_NTn1_NTA0_NTB0_NTC0_NTD0_NTM0_NEPBS0_NLCA1_NLCB2_ONLL1_PGR2_PLR1_PKA0_SIA3_SS0_SPO0_SRVW0_SSO0_SVW8_SK0_SKFTR0_SKXCCM0_TLDS2_ULSGRO0_USL1_UIOFGRO0_USFGROn1_VSn1_VWA1_VWB1_WSGRA0_WSGRB0_WS32_WG16_2_1\",\"solution_name\":\"Cijk_Ailk_Bljk_HHS_BH_Bias_HA_S_SAV_UserArgs_MT16x16x32_MI16x16x1_SN_LDSB1_AFC1_AFEM1_AFEM1_ASEM32_CLR1_CADS0_DTLA0_DTLB0_DTVA0_DTVB1_EPS0_FDSI0_GRPM1_GRVWA8_GRVWB8_GSU1_GSUAMB_GSUC0_GSUWGMRR0_GLS0_ISA1201_IU1_K1_LDSTI0_LBSPPA128_LBSPPB0_LBSPPM0_LPA16_LPB0_LPM0_LRVW8_LWPMn1_MIAV1_MIWT1_1_MO40_NTn1_NTA0_NTB0_NTC0_NTD0_NTM0_NEPBS0_NLCA1_NLCB2_ONLL1_PGR2_PLR1_PKA0_SIA3_SS0_SU32_SUM0_SUS256_SPO0_SRVW0_SSO0_SVW8_SK0_SKFTR0_SKXCCM0_TLDS2_ULSGRO0_USL1_UIOFGRO0_USFGROn1_VSn1_VWA1_VWB1_WSGRA0_WSGRB0_WS32_WG16_2_1_WGM8_WGMXCC1_WGMXCCGn1\",\"workspace_bytes\":0},\"bias_type\":\"HIP_R_16F\",\"compute_type\":\"HIPBLAS_COMPUTE_32F\",\"d_type\":\"HIP_R_16F\",\"direction\":\"NN\",\"epilogue\":\"RELU_BIAS\",\"execution_handle_count\":2,\"fresh_repeat\":2,\"heuristic_count\":32,\"heuristic_status\":0,\"k\":128,\"launches\":[{\"launch\":1,\"matmul_status\":0,\"output_memory\":{\"payload_unchanged\":false,\"prefix_guard_intact\":true,\"suffix_guard_intact\":true},\"stream_index\":0,\"synchronize_status\":0},{\"launch\":2,\"matmul_status\":0,\"output_memory\":{\"payload_unchanged\":false,\"prefix_guard_intact\":true,\"suffix_guard_intact\":true},\"stream_index\":1,\"synchronize_status\":0},{\"launch\":3,\"matmul_status\":0,\"output_memory\":{\"payload_unchanged\":false,\"prefix_guard_intact\":true,\"suffix_guard_intact\":true},\"stream_index\":0,\"synchronize_status\":0},{\"launch\":4,\"matmul_status\":0,\"output_memory\":{\"payload_unchanged\":false,\"prefix_guard_intact\":true,\"suffix_guard_intact\":true},\"stream_index\":1,\"synchronize_status\":0},{\"launch\":5,\"matmul_status\":0,\"output_memory\":{\"payload_unchanged\":false,\"prefix_guard_intact\":true,\"suffix_guard_intact\":true},\"stream_index\":0,\"synchronize_status\":0},{\"launch\":6,\"matmul_status\":0,\"output_memory\":{\"payload_unchanged\":false,\"prefix_guard_intact\":true,\"suffix_guard_intact\":true},\"stream_index\":1,\"synchronize_status\":0}],\"m\":128,\"marker\":\"TCNN_RDNA4_P3B1B_FP16_FORWARD_001\",\"n\":16,\"numerics\":{\"inf_count\":0,\"max_abs\":0.0,\"max_rel_outside_1e-3\":0.0,\"nan_count\":0,\"normalized_l2\":0.0,\"relu_mask_mismatches\":0},\"probe_state\":\"EXECUTED\",\"process_status\":\"PASS\",\"selected_candidate\":0,\"steady_state\":{\"launches\":4,\"new_descriptors\":0,\"new_handles\":0,\"new_heuristic_queries\":0,\"workspace_growth_bytes\":0},\"stream_count\":2,\"target_coverage\":{\"bias_axis_rows\":128,\"bias_sign_flip_count\":664,\"exact_zero_count\":1019,\"large_finite_bias\":true,\"near_zero_count\":1038},\"workspace_memory\":{\"payload_unchanged\":true,\"prefix_guard_intact\":true,\"suffix_guard_intact\":true}}\n",
      "stderr": ""
    },
    {
      "command": [
        "/tmp/tcnn_p3b1b_epi_uqmydzeb/probe_phase3b1b",
        "128",
        "16",
        "128",
        "RELU_BIAS",
        "f32",
        "1"
      ],
      "returncode": 0,
      "stdout": "{\"algorithm\":{\"index\":86495,\"kernel_name\":\"Cijk_Ailk_Bljk_HSS_BH_Bias_HA_S_SAV_UserArgs_MT16x16x32_MI16x16x1_SN_LDSB1_AFC1_AFEM1_AFEM1_ASEM32_CLR1_CADS0_DTLA0_DTLB0_DTVA0_DTVB1_EPS0_FDSI0_GRPM1_GRVWA8_GRVWB8_GSUAMB_GLS0_ISA1201_IU1_K1_LDSTI0_LBSPPA128_LBSPPB0_LBSPPM0_LPA16_LPB0_LPM0_LRVW8_LWPMn1_MIAV1_MIWT1_1_MO40_NTn1_NTA0_NTB0_NTC0_NTD0_NTM0_NEPBS0_NLCA1_NLCB2_ONLL1_PGR2_PLR1_PKA0_SIA3_SS0_SPO0_SRVW0_SSO0_SVW8_SK0_SKFTR0_SKXCCM0_TLDS2_ULSGRO0_USL1_UIOFGRO0_USFGROn1_VSn1_VWA1_VWB1_WSGRA0_WSGRB0_WS32_WG16_2_1\",\"solution_name\":\"Cijk_Ailk_Bljk_HSS_BH_Bias_HA_S_SAV_UserArgs_MT16x16x32_MI16x16x1_SN_LDSB1_AFC1_AFEM1_AFEM1_ASEM32_CLR1_CADS0_DTLA0_DTLB0_DTVA0_DTVB1_EPS0_FDSI0_GRPM1_GRVWA8_GRVWB8_GSU1_GSUAMB_GSUC0_GSUWGMRR0_GLS0_ISA1201_IU1_K1_LDSTI0_LBSPPA128_LBSPPB0_LBSPPM0_LPA16_LPB0_LPM0_LRVW8_LWPMn1_MIAV1_MIWT1_1_MO40_NTn1_NTA0_NTB0_NTC0_NTD0_NTM0_NEPBS0_NLCA1_NLCB2_ONLL1_PGR2_PLR1_PKA0_SIA3_SS0_SU32_SUM0_SUS256_SPO0_SRVW0_SSO0_SVW8_SK0_SKFTR0_SKXCCM0_TLDS2_ULSGRO0_USL1_UIOFGRO0_USFGROn1_VSn1_VWA1_VWB1_WSGRA0_WSGRB0_WS32_WG16_2_1_WGM8_WGMXCC1_WGMXCCGn1\",\"workspace_bytes\":0},\"bias_type\":\"HIP_R_16F\",\"compute_type\":\"HIPBLAS_COMPUTE_32F\",\"d_type\":\"HIP_R_32F\",\"direction\":\"NN\",\"epilogue\":\"RELU_BIAS\",\"execution_handle_count\":2,\"fresh_repeat\":1,\"heuristic_count\":32,\"heuristic_status\":0,\"k\":128,\"launches\":[{\"launch\":1,\"matmul_status\":0,\"output_memory\":{\"payload_unchanged\":false,\"prefix_guard_intact\":true,\"suffix_guard_intact\":true},\"stream_index\":0,\"synchronize_status\":0},{\"launch\":2,\"matmul_status\":0,\"output_memory\":{\"payload_unchanged\":false,\"prefix_guard_intact\":true,\"suffix_guard_intact\":true},\"stream_index\":1,\"synchronize_status\":0},{\"launch\":3,\"matmul_status\":0,\"output_memory\":{\"payload_unchanged\":false,\"prefix_guard_intact\":true,\"suffix_guard_intact\":true},\"stream_index\":0,\"synchronize_status\":0},{\"launch\":4,\"matmul_status\":0,\"output_memory\":{\"payload_unchanged\":false,\"prefix_guard_intact\":true,\"suffix_guard_intact\":true},\"stream_index\":1,\"synchronize_status\":0},{\"launch\":5,\"matmul_status\":0,\"output_memory\":{\"payload_unchanged\":false,\"prefix_guard_intact\":true,\"suffix_guard_intact\":true},\"stream_index\":0,\"synchronize_status\":0},{\"launch\":6,\"matmul_status\":0,\"output_memory\":{\"payload_unchanged\":false,\"prefix_guard_intact\":true,\"suffix_guard_intact\":true},\"stream_index\":1,\"synchronize_status\":0}],\"m\":128,\"marker\":\"TCNN_RDNA4_P3B1B_FP16_FORWARD_001\",\"n\":16,\"numerics\":{\"inf_count\":0,\"max_abs\":0.0,\"max_rel_outside_1e-3\":0.0,\"nan_count\":0,\"normalized_l2\":0.0,\"relu_mask_mismatches\":0},\"probe_state\":\"EXECUTED\",\"process_status\":\"PASS\",\"selected_candidate\":0,\"steady_state\":{\"launches\":4,\"new_descriptors\":0,\"new_handles\":0,\"new_heuristic_queries\":0,\"workspace_growth_bytes\":0},\"stream_count\":2,\"target_coverage\":{\"bias_axis_rows\":128,\"bias_sign_flip_count\":664,\"exact_zero_count\":1019,\"large_finite_bias\":true,\"near_zero_count\":1038},\"workspace_memory\":{\"payload_unchanged\":true,\"prefix_guard_intact\":true,\"suffix_guard_intact\":true}}\n",
      "stderr": ""
    },
    {
      "command": [
        "/tmp/tcnn_p3b1b_epi_uqmydzeb/probe_phase3b1b",
        "128",
        "16",
        "128",
        "RELU_BIAS",
        "f32",
        "2"
      ],
      "returncode": 0,
      "stdout": "{\"algorithm\":{\"index\":86495,\"kernel_name\":\"Cijk_Ailk_Bljk_HSS_BH_Bias_HA_S_SAV_UserArgs_MT16x16x32_MI16x16x1_SN_LDSB1_AFC1_AFEM1_AFEM1_ASEM32_CLR1_CADS0_DTLA0_DTLB0_DTVA0_DTVB1_EPS0_FDSI0_GRPM1_GRVWA8_GRVWB8_GSUAMB_GLS0_ISA1201_IU1_K1_LDSTI0_LBSPPA128_LBSPPB0_LBSPPM0_LPA16_LPB0_LPM0_LRVW8_LWPMn1_MIAV1_MIWT1_1_MO40_NTn1_NTA0_NTB0_NTC0_NTD0_NTM0_NEPBS0_NLCA1_NLCB2_ONLL1_PGR2_PLR1_PKA0_SIA3_SS0_SPO0_SRVW0_SSO0_SVW8_SK0_SKFTR0_SKXCCM0_TLDS2_ULSGRO0_USL1_UIOFGRO0_USFGROn1_VSn1_VWA1_VWB1_WSGRA0_WSGRB0_WS32_WG16_2_1\",\"solution_name\":\"Cijk_Ailk_Bljk_HSS_BH_Bias_HA_S_SAV_UserArgs_MT16x16x32_MI16x16x1_SN_LDSB1_AFC1_AFEM1_AFEM1_ASEM32_CLR1_CADS0_DTLA0_DTLB0_DTVA0_DTVB1_EPS0_FDSI0_GRPM1_GRVWA8_GRVWB8_GSU1_GSUAMB_GSUC0_GSUWGMRR0_GLS0_ISA1201_IU1_K1_LDSTI0_LBSPPA128_LBSPPB0_LBSPPM0_LPA16_LPB0_LPM0_LRVW8_LWPMn1_MIAV1_MIWT1_1_MO40_NTn1_NTA0_NTB0_NTC0_NTD0_NTM0_NEPBS0_NLCA1_NLCB2_ONLL1_PGR2_PLR1_PKA0_SIA3_SS0_SU32_SUM0_SUS256_SPO0_SRVW0_SSO0_SVW8_SK0_SKFTR0_SKXCCM0_TLDS2_ULSGRO0_USL1_UIOFGRO0_USFGROn1_VSn1_VWA1_VWB1_WSGRA0_WSGRB0_WS32_WG16_2_1_WGM8_WGMXCC1_WGMXCCGn1\",\"workspace_bytes\":0},\"bias_type\":\"HIP_R_16F\",\"compute_type\":\"HIPBLAS_COMPUTE_32F\",\"d_type\":\"HIP_R_32F\",\"direction\":\"NN\",\"epilogue\":\"RELU_BIAS\",\"execution_handle_count\":2,\"fresh_repeat\":2,\"heuristic_count\":32,\"heuristic_status\":0,\"k\":128,\"launches\":[{\"launch\":1,\"matmul_status\":0,\"output_memory\":{\"payload_unchanged\":false,\"prefix_guard_intact\":true,\"suffix_guard_intact\":true},\"stream_index\":0,\"synchronize_status\":0},{\"launch\":2,\"matmul_status\":0,\"output_memory\":{\"payload_unchanged\":false,\"prefix_guard_intact\":true,\"suffix_guard_intact\":true},\"stream_index\":1,\"synchronize_status\":0},{\"launch\":3,\"matmul_status\":0,\"output_memory\":{\"payload_unchanged\":false,\"prefix_guard_intact\":true,\"suffix_guard_intact\":true},\"stream_index\":0,\"synchronize_status\":0},{\"launch\":4,\"matmul_status\":0,\"output_memory\":{\"payload_unchanged\":false,\"prefix_guard_intact\":true,\"suffix_guard_intact\":true},\"stream_index\":1,\"synchronize_status\":0},{\"launch\":5,\"matmul_status\":0,\"output_memory\":{\"payload_unchanged\":false,\"prefix_guard_intact\":true,\"suffix_guard_intact\":true},\"stream_index\":0,\"synchronize_status\":0},{\"launch\":6,\"matmul_status\":0,\"output_memory\":{\"payload_unchanged\":false,\"prefix_guard_intact\":true,\"suffix_guard_intact\":true},\"stream_index\":1,\"synchronize_status\":0}],\"m\":128,\"marker\":\"TCNN_RDNA4_P3B1B_FP16_FORWARD_001\",\"n\":16,\"numerics\":{\"inf_count\":0,\"max_abs\":0.0,\"max_rel_outside_1e-3\":0.0,\"nan_count\":0,\"normalized_l2\":0.0,\"relu_mask_mismatches\":0},\"probe_state\":\"EXECUTED\",\"process_status\":\"PASS\",\"selected_candidate\":0,\"steady_state\":{\"launches\":4,\"new_descriptors\":0,\"new_handles\":0,\"new_heuristic_queries\":0,\"workspace_growth_bytes\":0},\"stream_count\":2,\"target_coverage\":{\"bias_axis_rows\":128,\"bias_sign_flip_count\":664,\"exact_zero_count\":1019,\"large_finite_bias\":true,\"near_zero_count\":1038},\"workspace_memory\":{\"payload_unchanged\":true,\"prefix_guard_intact\":true,\"suffix_guard_intact\":true}}\n",
      "stderr": ""
    }
  ]
}
